,YearBuilt,NumberofBuildings,NumberofFloors,PropertyGFATotal,PropertyGFABuilding(s),LargestPropertyUseTypeGFA,ENERGYSTARScore,SiteEnergyUseWN(kBtu),TotalGHGEmissions,LogSiteEnergyUseWN(kBtu),LogPropertyGFATotal,LogTotalGHGEmissions,LogPropertyGFABuilding(s),LogLargestPropertyUseTypeGFA,HasGas,HasSteam,HasElec,HasParking,Decennie,HasThreePropertyUseOrMore,Neighborhood_0,Neighborhood_1,Neighborhood_2,Neighborhood_3,Neighborhood_4,PrimaryPropertyType_0,PrimaryPropertyType_1,PrimaryPropertyType_2,PrimaryPropertyType_3,PrimaryPropertyType_4,LargestPropertyUseType_0,LargestPropertyUseType_1,LargestPropertyUseType_2,LargestPropertyUseType_3,LargestPropertyUseType_4,LargestPropertyUseType_5
0,1927,1.0,12,88434,88434,88434.0,60.0,7456910.0,249.98,15.824651811360166,11.390023097868895,5.525373254682162,11.390023097868895,11.390023097868895,1,1,1,0,1920,1,0,0,0,0,1,0,0,0,0,1,0,0,0,0,0,1
1,1996,1.0,11,103566,88502,83880.0,61.0,8664479.0,295.86,15.974742467790398,11.547974025246633,5.6932606471966185,11.39079172872657,11.33715440673783,1,0,1,1,1990,1,0,0,0,0,1,0,0,0,0,1,0,0,0,0,0,1
2,1969,1.0,41,956110,759392,756493.0,43.0,73937112.0,2089.28,18.118725465538716,13.770629294080045,7.6450533072773705,13.540274708933826,13.536449880916702,1,1,1,1,1960,1,0,0,0,0,1,0,0,0,0,1,0,0,0,0,0,1
3,1926,1.0,10,61320,61320,61320.0,56.0,6946800.5,286.43,15.75379189578183,11.023877640745798,5.660979352330892,11.023877640745798,11.023877640745798,1,1,1,0,1920,1,0,0,0,0,1,0,0,0,0,1,0,0,0,0,0,1
4,1980,1.0,18,175580,113580,123445.0,75.0,14656503.0,505.01,16.50039475395106,12.075855753873482,6.226556431938032,11.640271517759631,11.723559092466278,1,0,1,1,1980,1,0,0,0,0,1,0,0,0,0,1,0,0,0,0,0,1
5,1999,1.0,2,97288,60090,88830.0,71.0,12581712.0,301.81,16.34775496848794,11.48544120936798,5.713105546117053,11.003615358893612,11.394490967158449,1,0,1,1,1990,1,0,0,0,0,1,0,0,0,1,0,0,0,0,0,1,0
6,1926,1.0,11,83008,83008,81352.0,27.0,6062767.5,176.14,15.617677101906956,11.326704314635162,5.176940380381437,11.326704314635162,11.306552989656216,1,0,1,0,1920,1,0,0,0,0,1,0,0,0,0,1,0,0,0,0,0,1
7,1926,1.0,8,102761,102761,102761.0,71.0,7067881.5,221.51,15.771071488061695,11.540170913860424,5.404972044416576,11.540170913860424,11.540170913860424,1,1,1,0,1920,1,0,0,0,0,1,0,0,0,1,0,0,0,0,0,1,1
8,1904,1.0,15,163984,163984,163984.0,43.0,14194054.0,392.16,16.468333772936266,12.007530239208668,5.974216653698429,12.007530239208668,12.007530239208668,1,0,1,0,1900,1,0,0,0,0,1,0,0,0,0,1,0,0,0,0,0,1
10,1969,1.0,11,153163,133884,133884.0,30.0,16646930.0,691.26,16.627736433076585,11.9392645217297,6.539961607594982,11.804736501505687,11.804736501505687,1,1,1,1,1960,1,0,0,0,0,1,0,0,0,0,1,0,0,0,0,0,1
11,1998,1.0,25,333176,272015,336640.0,36.0,27070114.0,740.97,17.11394090982675,12.716429159281265,6.609308811083168,12.51361616707751,12.726772359619336,1,1,1,1,1990,1,0,0,0,0,1,0,0,0,0,1,0,0,0,0,0,1
12,1928,1.0,9,65009,65009,65009.0,48.0,6358719.5,328.23,15.665337735831763,11.082296383198514,5.796756594662978,11.082296383198514,11.082296383198514,1,1,1,0,1920,1,0,0,0,0,1,0,0,0,0,1,0,0,0,0,0,1
13,1980,1.0,33,315952,258352,295511.0,58.0,22524948.0,648.62,16.93013409730517,12.66334874732981,6.476387576550862,12.462082145801965,12.596464724140818,1,1,1,1,1980,1,0,0,0,0,1,0,0,0,0,1,0,0,0,0,0,1
14,1922,1.0,11,92190,66990,67390.0,35.0,11179203.0,511.39,16.229565824587617,11.431617790897278,6.239086053829017,11.112313560992032,11.11826675682705,1,1,1,1,1920,1,0,0,0,0,1,0,0,0,0,1,0,0,0,0,0,1
15,2004,1.0,11,412000,355000,364913.0,71.0,18706912.0,181.38,16.7444036926547,12.928781055513184,5.206092422505519,12.779875885354993,12.80741698836436,0,1,1,1,2000,1,0,0,0,0,1,0,0,0,1,0,0,0,0,1,0,0
16,1930,1.0,6,103911,103911,90000.0,71.0,10192124.0,433.86,16.137125921240067,11.55129966608712,6.075024140206913,11.55129966608712,11.407576060361786,1,1,1,0,1930,1,0,0,0,0,1,0,0,0,1,0,0,0,0,1,0,1
17,1983,1.0,28,416281,331281,348329.0,31.0,34351920.0,802.89,17.352168499377516,12.939118194198793,6.6894624438984165,12.71072525539031,12.760905585289162,1,0,1,1,1980,1,0,0,0,0,1,0,0,0,0,1,0,0,0,0,0,1
18,1907,1.0,5,57452,57452,16442.0,71.0,7877219.0,273.02,15.879485607710194,10.95872250123467,5.613201096424962,10.95872250123467,9.707655133714226,1,1,1,0,1900,1,0,0,0,0,1,0,0,0,1,1,0,0,0,1,1,0
19,1916,1.0,10,104352,104352,104352.0,39.0,10154608.0,349.32,16.13343824905496,11.555534661493144,5.858847022493143,11.555534661493144,11.555534661493144,1,1,1,0,1910,1,0,0,0,0,1,0,0,0,0,1,0,0,0,0,0,1
20,1916,1.0,10,540360,540360,537150.0,76.0,47023088.0,1265.29,17.66614929436709,13.199992713700011,7.143846644402559,13.199992713700011,13.194034525770327,1,0,1,0,1910,1,0,0,0,0,1,0,0,0,1,0,0,0,0,1,1,1
21,1985,1.0,19,385274,385274,385274.0,71.0,49539212.0,1699.45,17.718275095746698,12.861712644003578,7.43864820089824,12.861712644003578,12.861712644003578,1,0,1,0,1980,1,0,0,0,0,1,0,0,0,1,0,0,0,1,0,0,0
23,2001,1.0,6,88592,58006,58006.0,84.0,3673186.75,90.01,15.116570439749157,11.391808126699964,4.510969390589264,10.968318971901319,10.968318971901319,1,0,1,1,2000,1,0,0,0,1,0,0,0,0,0,1,0,0,0,0,0,1
24,1928,1.0,7,126593,126593,125000.0,71.0,12183313.0,388.04,16.31557786862339,11.748740394204184,5.963682166095531,11.748740394204184,11.736077016252437,1,0,1,0,1920,1,0,0,0,0,1,0,0,1,0,0,0,0,1,0,0,1
25,1930,1.0,2,67224,67224,67224.0,71.0,1310236.625,9.13,14.08571907185736,11.115800481137065,2.315501318260592,11.115800481137065,11.115800481137065,0,0,1,0,1930,1,0,0,0,0,1,0,0,0,1,0,0,0,1,0,1,0
26,1991,1.0,8,158676,128375,112676.0,71.0,5424942.0,256.57,15.506517950423158,11.974625968475259,5.55129152782092,11.762718736879195,11.632280597567725,1,0,1,1,1990,1,0,0,0,1,1,0,0,0,0,1,0,0,0,0,0,1
27,2001,1.0,10,171866,133585,128909.0,57.0,11171407.0,328.63,16.228868215026306,12.054476200865155,5.797970813310776,11.80250074417462,11.76686976543715,1,0,1,1,2000,1,0,0,0,0,1,0,0,0,0,1,0,0,0,0,0,1
29,1978,1.0,5,68410,52210,47994.0,57.0,4557974.0,128.44,15.332389003910944,11.13328890939415,4.863217453310182,10.863048479640058,10.778852117797637,1,0,1,1,1970,1,0,0,0,0,1,0,0,0,0,1,0,0,0,0,0,1
32,1906,1.0,3,87262,87262,40943.0,71.0,4703690.0,157.77,15.363858077627487,11.376681826100373,5.06745661408942,11.376681826100373,10.61996055839957,1,0,1,0,1900,1,0,0,1,0,0,0,0,1,0,1,0,0,1,0,1,1
33,1994,1.0,4,81871,81871,81871.0,29.0,6731281.5,215.0,15.722276248101736,11.312912331044872,5.375278407684165,11.312912331044872,11.312912331044872,1,0,1,0,1990,1,0,0,0,1,0,0,0,0,0,1,0,0,0,0,0,1
34,1955,1.0,2,110356,110356,26225.0,71.0,326223.0938,3.93,12.695339828489207,11.611475844199505,1.5953389880545987,11.611475844199505,10.17450656409137,1,0,1,0,1950,1,0,0,0,1,0,0,0,1,1,0,0,0,1,1,0,0
36,1961,3.0,2,714095,714095,616000.0,71.0,44110016.0,311.84,17.602197457481186,13.478772686065135,5.74569187773341,13.478772686065135,13.331003865890963,0,0,1,0,1960,1,0,0,1,0,1,0,0,1,1,1,0,0,1,1,0,1
37,1990,1.0,2,54986,54986,54986.0,97.0,1802471.375,31.47,14.404669822087598,10.914852072639958,3.4803165861147547,10.914852072639958,10.914852072639958,1,0,1,0,1990,1,0,0,1,1,0,0,1,0,0,0,0,0,1,1,1,0
39,1961,1.0,2,94900,94900,55586.0,57.0,6536359.5,130.56,15.692891070059687,11.460589521950299,4.8794630213208565,11.460589521950299,10.925704639950524,1,0,1,0,1960,1,0,0,1,1,1,0,0,1,0,1,0,0,1,0,1,1
40,1900,1.0,2,52554,52554,51029.0,83.0,3150635.5,83.86,14.963115053881802,10.869615519257454,4.441002839774179,10.869615519257454,10.840168974058017,1,0,1,0,1900,1,0,0,1,0,1,0,0,1,0,1,0,0,1,0,1,1
41,1954,1.0,3,175015,175015,175015.0,95.0,7886505.5,247.85,15.880663819102567,12.072632677297742,5.516850305304563,12.072632677297742,12.072632677297742,1,0,1,0,1950,1,0,1,0,0,0,0,1,0,0,0,0,0,1,1,1,0
42,1911,1.0,3,70586,70586,38439.0,71.0,2331573.25,45.43,14.662054241174207,11.164601270548886,3.8379458020318302,11.164601270548886,10.556853863084228,1,0,1,0,1910,1,0,0,0,0,1,0,0,1,1,0,0,0,1,1,0,0
43,1969,1.0,24,332210,126240,348630.0,67.0,16163194.0,295.33,16.598247301911137,12.713525588195903,5.691473698188603,11.745948057467846,12.761769335251394,1,0,1,1,1960,1,0,0,0,0,1,0,0,0,0,1,0,0,0,0,0,1
44,1973,1.0,5,168115,168115,103362.0,78.0,9536161.0,66.48,16.070601656398004,12.03240949630686,4.211831257677767,12.03240949630686,11.54600234336302,0,0,1,0,1970,1,0,0,0,0,1,0,1,0,0,1,0,0,1,0,1,1
45,1920,1.0,2,57428,57428,51747.0,71.0,1239429.75,33.26,14.030162759594496,10.958304681204567,3.5339784928959737,10.958304681204567,10.854141063037792,1,0,1,0,1920,1,0,0,0,0,1,0,0,0,1,0,0,0,1,1,1,1
46,1910,1.0,8,59400,59400,34947.0,14.0,5242479.5,35.36,15.472305322151866,10.992066340225865,3.5934692693092782,10.992066340225865,10.461616521417985,0,0,1,0,1910,1,0,0,0,0,1,0,0,1,0,1,0,0,1,0,1,1
47,1926,1.0,2,52549,52549,23500.0,71.0,15683742.0,584.31,16.568135256134116,10.869520376305097,6.372141621406648,10.869520376305097,10.064798252418377,1,0,1,0,1920,1,0,0,0,0,1,0,0,0,1,1,0,0,0,0,1,1
48,1930,1.0,20,98634,88591,83591.0,71.0,5078816.0,59.19,15.440588918419552,11.49918144717797,4.0975062255596795,11.391796839062748,11.333703100713947,1,0,1,1,1930,1,0,0,0,0,1,0,0,0,0,1,0,0,0,0,0,1
49,1982,1.0,34,994212,847518,994212.0,63.0,82318072.0,2451.58,18.22610124056691,13.809706748397092,7.804895810683244,13.650068536864499,13.809706748397092,1,1,1,1,1980,1,0,0,0,0,1,0,0,0,0,1,0,0,0,0,0,1
50,1985,1.0,7,71150,71150,41340.0,98.0,5348309.0,134.38,15.492291181118645,11.172559658233004,4.908085639080461,11.172559658233004,10.629610022590025,1,0,1,0,1980,1,0,0,0,0,1,0,0,0,0,1,0,0,0,0,0,1
51,1908,1.0,7,122810,122810,88360.0,99.0,6088417.5,227.18,15.621898917948172,11.718401867230671,5.430134791168223,11.718401867230671,11.389185974808175,1,0,1,0,1900,1,0,0,0,0,1,0,0,0,0,1,0,0,0,0,0,1
52,1959,1.0,5,113173,70627,70627.0,86.0,5428403.5,144.79,15.507155818162556,11.636681736391475,4.982167230116731,11.165181945422688,11.165181945422688,1,0,1,1,1950,1,0,0,1,0,0,0,0,0,0,1,0,0,0,0,0,1
53,2000,1.0,7,150453,115718,107547.0,84.0,6835263.5,199.95,15.73760572527001,11.921412668610715,5.30305612089521,11.658920117504168,11.585692538521108,1,0,1,1,2000,1,0,0,1,0,0,0,0,0,0,1,0,0,0,0,0,1
54,1997,1.0,6,116300,88100,88490.0,80.0,5941927.0,162.39,15.597544217798998,11.663936936922068,5.096139981042732,11.386239162597649,11.390656130909488,1,0,1,1,1990,1,0,0,1,0,0,0,0,0,0,1,0,0,0,0,0,1
55,1998,1.0,6,155602,118858,155602.0,81.0,6849826.5,152.76,15.739734027439573,11.955063170746223,5.035392945221982,11.685693195625964,11.955063170746223,1,0,1,1,1990,1,0,0,1,1,0,0,0,0,0,1,0,0,0,0,0,1
56,1911,1.0,3,56072,56072,56072.0,76.0,3800842.5,146.34,15.150733573748312,10.934409692234288,4.9927428412546675,10.934409692234288,10.934409692234288,1,0,1,0,1910,1,0,0,0,1,1,0,1,0,0,0,0,0,1,1,1,0
57,1999,1.0,4,122942,78051,78051.0,94.0,5387530.0,171.64,15.49959776743791,11.719476112310662,5.151208501509824,11.26513055021489,11.26513055021489,1,0,1,1,1990,1,0,0,1,1,0,0,0,0,0,1,0,0,0,0,0,1
58,1962,1.0,2,54984,54984,54984.0,71.0,3630147.25,87.98,15.104784045627481,10.914815699745034,4.488411625377895,10.914815699745034,10.914815699745034,1,0,1,0,1960,1,0,1,0,0,1,0,0,1,0,1,0,0,1,0,1,1
59,1922,1.0,5,217603,217603,296313.0,54.0,45547252.0,1727.11,17.634260872497123,12.290432176147913,7.454783604745361,12.290432176147913,12.599174981854821,1,0,1,0,1920,1,0,1,0,1,0,0,1,0,1,0,0,1,0,0,0,0
60,1970,1.0,2,93397,93397,93397.0,1.0,16959754.0,609.1,16.646353742468975,11.444625210711436,6.413622878157807,11.444625210711436,11.444625210711436,1,0,1,0,1970,1,0,1,0,0,0,0,1,0,1,0,0,1,0,0,0,0
61,2008,1.0,6,84103,63371,63371.0,74.0,3787499.0,67.06,15.147216728799762,11.339809407255666,4.22038966907276,11.056777402494934,11.056777402494934,1,0,1,1,2000,1,0,0,1,0,0,0,0,0,0,1,0,0,0,0,0,1
63,1965,1.0,3,179014,179014,179014.0,48.0,16527711.0,430.84,16.62054904521394,12.095224880194644,6.068055149269695,12.095224880194644,12.095224880194644,1,0,1,0,1960,1,0,0,0,1,1,0,1,0,1,1,0,1,0,0,0,1
64,1908,1.0,7,76631,76631,76631.0,71.0,7250730.5,262.75,15.796612918292867,11.246770023062728,5.575001684790276,11.246770023062728,11.246770023062728,1,0,1,0,1900,1,0,0,0,1,1,0,0,0,0,1,0,0,0,0,0,1
65,1983,1.0,6,99780,90439,40174.0,71.0,15684371.0,481.97,16.568175360552257,11.510733063413314,6.179954539922313,11.412441926391907,10.601000190605713,0,1,1,1,1980,1,0,0,0,1,1,0,0,0,1,1,0,1,0,0,0,1
66,1929,1.0,2,58320,58320,72072.0,96.0,1243027.75,39.06,14.033061499750707,10.973717513311941,3.6903783302376723,10.973717513311941,11.185434773248893,1,0,1,0,1920,1,0,0,1,0,0,0,1,1,0,0,0,1,0,0,1,0
67,2010,1.0,5,316306,316306,261826.0,96.0,13909270.0,138.85,16.448066154186936,12.664468539937253,4.940570419647969,12.664468539937253,12.475439259302137,1,0,1,0,2010,1,0,0,1,0,0,0,1,0,0,1,0,0,1,0,1,1
68,1990,1.0,7,282863,238097,235788.0,37.0,20194606.0,526.85,16.820926146527857,12.552721495745804,6.268812152435704,12.380437632607672,12.370692616294138,1,0,1,1,1990,1,0,0,1,0,0,0,0,0,0,1,0,0,0,0,0,1
69,1962,1.0,1,389000,389000,368000.0,71.0,23736924.0,607.41,16.98254241053388,12.871337193291367,6.410848996804957,12.871337193291367,12.81584093453868,1,1,1,0,1960,1,0,0,1,1,0,0,0,0,1,0,0,0,1,0,0,0
70,1962,1.0,1,91213,91213,65000.0,71.0,8181881.0,344.2,15.917432755465748,11.420963673053087,5.844123959209273,11.420963673053087,11.082157933374816,0,1,1,0,1960,1,0,0,1,1,0,0,0,0,1,0,0,0,1,0,0,0
71,1938,1.0,5,396085,396085,278500.0,71.0,21257836.0,804.2,16.872236185344697,12.889386638375425,6.691090693765636,12.889386638375425,12.537176929007302,0,1,1,0,1930,1,0,0,1,1,0,0,0,0,1,0,0,0,1,0,0,0
72,2010,1.0,12,571329,571329,598801.0,91.0,40153432.0,617.52,17.508218499060412,13.255722255149015,6.427329527607229,13.255722255149015,13.302686271535393,1,0,1,0,2010,1,0,0,1,0,0,0,1,0,0,1,0,0,1,0,1,1
73,1962,1.0,2,52000,52000,52000.0,71.0,2682242.75,101.83,14.802164222362995,10.859018228147887,4.6330771392411,10.859018228147887,10.859018228147887,0,1,1,0,1960,1,0,0,1,1,0,0,0,0,1,0,0,0,1,0,0,0
74,1928,1.0,1,60696,60696,108000.0,71.0,875943.3125,6.11,13.683057797692378,11.013649552432474,1.9615022438151495,11.013649552432474,11.58989576532275,0,0,1,0,1920,1,0,0,1,1,0,0,0,0,1,0,0,0,1,0,0,0
75,1928,1.0,2,262048,262048,296000.0,71.0,20823520.0,490.73,16.85159372308695,12.476286788157395,6.197929785369379,12.476286788157395,12.598118111678868,0,1,1,0,1920,1,0,0,1,1,0,0,0,0,1,0,0,0,1,0,0,0
76,1986,1.0,2,66240,63888,45900.0,71.0,4192107.75,29.04,15.248714446917512,11.101054885563546,3.402529826895934,11.06490248157219,10.734242182303689,0,0,1,1,1980,1,0,0,1,1,0,0,0,1,0,1,0,0,1,0,1,1
77,2010,1.0,6,920598,616891,729584.0,93.0,38105108.0,674.09,17.455858925595255,13.732779824116589,6.514846015317764,13.332449247047506,13.50023115832039,1,0,1,1,2010,1,0,0,1,1,0,0,1,0,0,1,0,0,1,0,1,1
78,1970,1.0,4,76213,50283,48546.0,68.0,3647345.75,48.76,15.1095105434176,11.241300451833114,3.907211448430924,10.825442214034721,10.790287679843225,1,0,1,1,1970,1,0,0,1,1,0,0,0,1,0,1,0,0,1,0,1,1
79,2002,1.0,6,96910,59976,59976.0,56.0,5274523.0,152.14,15.47839899628798,11.4815483105279,5.031352535684977,11.001716434379901,11.001716434379901,1,0,1,1,2000,1,0,0,1,1,0,0,0,0,0,1,0,0,0,0,0,1
80,1962,2.0,4,50017,50017,50017.0,53.0,5528580.5,191.2,15.525441830648465,10.82013821962583,5.258536496536192,10.82013821962583,10.82013821962583,1,0,1,0,1960,1,0,0,0,1,0,0,0,0,0,1,0,0,0,0,0,1
82,1923,1.0,3,67743,67743,67743.0,34.0,3036464.0,78.85,14.926204567824884,11.123491173934593,4.380149874661021,11.123491173934593,11.123491173934593,1,0,1,0,1920,1,0,0,0,1,1,0,1,0,0,0,0,0,1,1,1,0
83,1908,1.0,6,194104,194104,194104.0,100.0,7204080.0,243.23,15.790158228968243,12.176154528742888,5.498110404253996,12.176154528742888,12.176154528742888,1,0,1,0,1900,1,0,0,0,1,1,0,1,0,0,0,0,0,1,1,1,0
84,2003,1.0,3,99433,63681,63681.0,63.0,4980737.5,34.14,15.42108873117918,11.507249386471992,3.559340082758951,11.06165722706025,11.06165722706025,0,0,1,1,2000,1,0,1,0,1,1,0,0,1,0,1,0,0,1,0,1,1
89,1941,1.0,4,56521,56521,49000.0,71.0,6367210.0,44.32,15.666672098076255,10.94238522187658,3.8137484361598055,10.94238522187658,10.799595985047786,0,0,1,0,1940,1,0,0,0,1,0,0,0,0,1,0,0,0,1,0,0,0
90,1929,1.0,2,206934,206934,119146.0,71.0,4384625.5,133.58,15.293615003421793,12.240160013274313,4.9021588177601725,12.240160013274313,11.688113303863286,1,0,1,0,1920,1,0,0,0,1,0,0,0,0,1,0,0,0,1,0,0,0
91,2001,1.0,4,51390,51390,51390.0,89.0,3616214.0,127.29,15.100938456691251,10.847218338835674,4.854293326261249,10.847218338835674,10.847218338835674,1,0,1,0,2000,1,0,1,0,0,0,0,0,0,0,1,0,0,0,0,0,1
93,1959,1.0,1,245587,245587,245587.0,92.0,12870916.0,443.73,16.37048082800533,12.411410614126586,6.09746735645105,12.411410614126586,12.411410614126586,1,0,1,0,1950,1,0,1,0,0,0,0,1,0,0,0,0,0,1,1,1,0
94,2002,1.0,3,69138,69138,70609.0,78.0,3323400.5,89.02,15.016499364594157,11.14387424996344,4.500031867864786,11.14387424996344,11.164927056510393,1,0,1,0,2000,1,0,1,0,0,0,0,0,0,0,1,0,0,0,0,0,1
96,1904,1.0,5,190980,190980,190980.0,98.0,6505995.0,142.39,15.688234771198152,12.159929225640868,4.965568190726947,12.159929225640868,12.159929225640868,1,0,1,0,1900,1,0,0,0,0,1,0,0,0,0,1,0,0,0,0,0,1
97,1998,1.0,6,284100,284100,189750.0,71.0,14881950.0,429.12,16.51565969436572,12.557085087723449,6.064064239522326,12.557085087723449,12.153467965336215,1,1,1,0,1990,1,0,0,0,0,1,0,0,0,1,0,0,0,0,0,1,1
98,1954,4.0,5,285333,285333,302661.0,14.0,47602720.0,1990.5,17.678400481433403,12.561415702901638,7.596643402621699,12.561415702901638,12.62037195029425,1,0,1,0,1950,1,0,0,1,1,1,0,1,1,0,1,0,1,0,0,1,1
100,2006,1.0,4,61156,61156,42755.0,71.0,9550716.0,176.75,16.072126788172692,11.02119960717217,5.18037806868335,11.02119960717217,10.663264815393836,1,0,1,0,2000,1,0,0,0,0,1,0,0,0,1,0,0,0,1,0,0,0
101,1910,1.0,4,72820,59000,58000.0,71.0,2095175.25,46.26,14.555148236678022,11.195759654126208,3.8556642717587617,10.985309671896763,10.968215530759236,1,0,1,1,1910,1,0,0,0,0,1,0,0,0,1,0,0,1,0,1,0,0
102,1996,1.0,4,162222,148022,113702.0,76.0,8016521.0,228.4,15.897015219947063,11.996727210857355,5.435467204695271,11.905122946077489,11.641345064614818,1,0,1,1,1990,1,0,0,1,1,0,0,0,0,0,1,0,0,0,0,0,1
104,1915,1.0,3,63330,63330,64820.0,71.0,3284214.5,74.33,15.004638368595145,11.056130219690564,4.321878461837604,11.056130219690564,11.07938490391378,1,0,1,0,1910,1,0,0,0,1,1,0,0,1,0,0,0,0,1,0,0,1
106,2002,1.0,2,96300,96300,92300.0,71.0,16274449.0,222.02,16.605106951325045,11.475233981948293,5.407261453537216,11.475233981948293,11.43281025466844,1,0,1,0,2000,1,0,0,0,1,0,0,0,1,0,1,0,0,1,0,1,1
107,1950,1.0,1,67356,67356,68359.0,71.0,8086930.5,204.08,15.905759921657518,11.117762111107313,5.3234001469155,11.117762111107313,11.132543137229527,1,0,1,0,1950,1,0,0,1,0,1,0,0,0,1,0,0,1,0,1,0,1
112,1958,1.0,1,54765,54765,25765.0,71.0,4503671.5,61.21,15.320403733014063,10.910824842428626,4.130515758526928,10.910824842428626,10.15681107235147,1,0,1,0,1950,1,0,0,1,0,1,0,0,1,0,1,0,0,1,0,1,1
113,2009,1.0,5,89821,89821,46483.0,71.0,2220796.5,100.46,14.613376923573528,11.405585213149562,4.6196646321385435,11.405585213149562,10.746863446342765,1,0,1,0,2000,1,0,0,1,0,1,0,0,0,1,0,0,1,0,1,1,0
114,1980,1.0,2,52611,52611,52611.0,71.0,4390158.0,104.26,15.29487600307429,10.87069950958867,4.656433479925633,10.87069950958867,10.87069950958867,1,0,1,0,1980,1,0,0,1,1,0,0,0,1,0,0,0,0,1,0,0,1
116,2011,1.0,2,236758,236758,238550.0,96.0,9287467.0,222.78,16.044176522510963,12.374798025109309,5.410663426379575,12.374798025109309,12.38233840292876,1,0,1,0,2010,1,0,1,1,0,0,0,1,0,0,0,0,0,1,1,1,0
117,1971,3.0,6,250981,250981,137565.0,71.0,14196194.0,422.39,16.46848452891792,12.433136502395,6.048293740094025,12.433136502395,11.831859080925614,1,1,1,0,1970,1,0,1,0,0,1,0,0,0,1,0,0,0,1,0,0,0
119,2004,1.0,11,299070,230638,250000.0,71.0,66000296.0,2055.82,18.005169799980575,12.608436282378069,7.628916379747266,12.348608996541525,12.429220196836383,1,0,1,1,2000,1,0,0,0,0,1,0,0,0,1,0,0,0,1,0,0,0
120,2007,1.0,3,64015,64015,30000.0,21.0,3375016.25,49.58,15.031910993386816,11.066888331097017,3.923556241241819,11.066888331097017,10.308985993422082,1,0,1,0,2000,1,0,0,1,0,1,0,0,1,0,1,0,0,1,0,1,1
121,1951,1.0,1,530039,530039,505103.0,98.0,28763498.0,723.47,17.17461774544749,13.180707754378572,6.585440353035913,13.180707754378572,13.132519627648703,1,0,1,0,1950,1,0,1,1,0,0,0,1,1,0,0,0,1,0,0,1,0
122,1964,1.0,3,54224,54224,47012.0,71.0,7668810.0,231.53,15.85267214176995,10.900897335695076,5.4490192489615294,10.900897335695076,10.758179438191325,1,0,1,0,1960,1,0,1,1,0,0,0,0,0,1,0,0,1,0,1,1,1
123,1965,1.0,4,124342,124342,122000.0,76.0,8729918.0,66.3,15.982266649422225,11.7307991549249,4.209160236650682,11.7307991549249,11.711784520403112,1,0,1,0,1960,1,0,1,1,0,0,0,1,1,0,0,0,1,0,0,1,0
124,1953,6.0,10,879000,879000,879000.0,10.0,257764208.0,8145.52,19.367555806403008,13.686541314323094,9.005346121182038,13.686541314323094,13.686541314323094,1,0,1,0,1950,1,0,0,0,1,0,0,1,1,0,1,0,1,0,0,1,1
125,1996,1.0,3,55442,55442,28636.0,72.0,3313397.0,83.7,15.013484806876807,10.923110744953865,4.439115601658009,10.923110744953865,10.262454866984712,1,0,1,0,1990,1,0,1,0,0,0,0,0,0,1,0,0,1,1,0,0,0
127,1910,1.0,5,84870,84870,85521.0,71.0,1617801.25,51.11,14.296579150342621,11.34888773562083,3.9533568689211234,11.34888773562083,11.356528931767846,1,0,1,0,1910,1,0,0,0,1,1,0,0,1,1,0,0,0,1,1,0,0
131,1904,1.0,4,114297,114297,114297.0,61.0,2415462.5,69.44,14.697401752119312,11.646564351817041,4.254761283628006,11.646564351817041,11.646564351817041,1,0,1,0,1900,1,0,0,1,0,1,0,0,1,1,1,0,0,1,1,0,1
134,1937,1.0,1,234144,234144,234144.0,87.0,7874958.5,297.43,15.879198599805603,12.363695860550678,5.698535399469211,12.363695860550678,12.363695860550678,1,0,1,0,1930,1,0,0,1,0,1,0,0,1,1,1,0,0,1,1,0,1
135,1966,1.0,1,64984,64984,65425.0,72.0,3016373.5,35.78,14.919566171488926,11.081911753015689,3.604954219176175,11.081911753015689,11.088675011958648,1,0,1,0,1960,1,0,1,1,0,1,0,1,1,0,0,0,1,0,0,1,0
136,1965,1.0,1,67745,67745,67782.0,37.0,9589728.0,369.14,16.07620318785763,11.123520696408578,5.913881312449602,11.123520696408578,11.124066705025466,1,0,1,0,1960,1,0,1,1,0,1,0,1,1,0,0,0,1,0,0,1,0
137,2010,1.0,2,367884,367884,367884.0,97.0,13279344.0,272.85,16.401720378507022,12.815525668312768,5.61258051122973,12.815525668312768,12.815525668312768,1,0,1,0,2010,1,0,1,1,0,1,0,1,0,0,0,0,0,1,1,1,0
140,1973,1.0,3,56000,56000,56000.0,71.0,2088978.125,59.34,14.552186047669244,10.933124826700707,4.099995233730915,10.933124826700707,10.933124826700707,1,0,1,0,1970,1,0,0,1,1,1,0,0,0,1,0,0,0,1,0,0,0
142,1969,1.0,2,52088,52088,52088.0,71.0,1576122.875,48.99,14.2704791471994,10.860709073012247,3.911822985425479,10.860709073012247,10.860709073012247,1,0,1,0,1960,1,0,1,0,1,0,0,0,1,1,0,0,0,1,1,0,0
144,1998,1.0,5,123920,93920,123920.0,79.0,9676783.0,309.6,16.08524017264672,11.727399544780592,5.738505910714586,11.450209282364696,11.727399544780592,1,0,1,1,1990,1,0,0,1,0,0,0,0,0,0,1,0,0,0,0,0,1
145,1900,1.0,1,50000,50000,43000.0,71.0,7942537.5,225.69,15.887743492454318,10.819798284210286,5.423583445380434,10.819798284210286,10.668978650219241,1,0,1,0,1900,1,0,0,1,0,0,0,0,0,1,0,0,1,0,1,0,0
146,1926,1.0,2,50292,50292,42345.0,71.0,430473.6875,3.0,12.97264380321185,10.825621181393542,1.3862943611198906,10.825621181393542,10.653629244615882,0,0,1,0,1920,1,0,0,1,1,0,0,0,1,1,1,0,0,1,1,0,1
147,1998,1.0,7,207656,153315,141591.0,76.0,11754087.0,338.16,16.279711652939707,12.243642959061383,5.826471972435803,11.940256429929011,11.86070496147059,1,0,1,1,1990,1,0,0,1,1,0,0,0,0,0,1,0,0,0,0,0,1
149,1957,1.0,2,91130,91130,57968.0,71.0,10005492.0,175.77,16.1186448001483,11.420053310764763,5.174849452547792,11.420053310764763,10.96766366388311,1,0,1,0,1950,1,0,1,0,0,0,0,0,1,0,1,0,0,1,0,1,1
151,1968,1.0,4,64893,64893,64893.0,70.0,6211749.5,208.26,15.641953298245786,11.080510448495465,5.343577497952901,11.080510448495465,11.080510448495465,1,0,1,0,1960,1,0,1,0,0,0,0,0,0,0,1,0,0,0,0,0,1
154,1900,1.0,3,44558,44558,34416.0,78.0,1722053.0,28.27,14.359028322363152,10.704569432697642,3.3765631007037946,10.704569432697642,10.446305907338292,1,0,1,0,1900,1,0,0,0,0,1,0,0,1,0,1,0,0,1,0,1,1
155,1999,1.0,6,1585960,1258280,1585960.0,71.0,62160304.0,892.63,17.945227170704037,14.276701090710652,6.795291819259501,14.045257061728316,14.276701090710652,1,0,1,1,1990,1,0,0,1,0,1,0,0,0,1,0,0,0,0,0,1,1
156,1924,1.0,2,179161,179161,117476.0,71.0,10168523.0,96.43,16.134807624748603,12.096045703465,4.57913417143725,12.096045703465,11.673997848725008,1,0,1,0,1920,1,0,0,1,0,1,0,1,1,1,0,0,1,1,0,0,1
157,1965,1.0,2,58640,58640,40831.0,71.0,4327563.5,27.39,15.280515470600804,10.979189389621132,3.34603697048488,10.979189389621132,10.617221366704461,0,0,1,0,1960,1,0,0,1,0,1,0,0,1,1,1,0,0,1,1,0,1
158,1999,1.0,3,1172127,1172127,1172127.0,71.0,57406988.0,1246.55,17.86567661345958,13.974331458172633,7.128936906982807,13.974331458172633,13.974331458172633,1,0,1,0,1990,1,0,0,1,0,1,0,0,0,1,0,0,0,0,0,1,1
159,2005,1.0,9,168449,153882,135006.0,64.0,12871628.0,388.37,16.370536144989142,12.0343942488347,5.964530048367777,11.943947852387137,11.813081907928158,1,0,1,1,2000,1,0,0,1,0,1,0,0,0,0,1,0,0,0,0,0,1
160,1916,1.0,4,79600,79600,79600.0,34.0,2411402.25,16.81,14.695719397429222,11.284781934567633,2.87976009730157,11.284781934567633,11.284781934567633,0,0,1,0,1910,1,0,0,1,0,1,0,0,1,1,1,0,0,1,1,0,1
163,2008,1.0,6,419848,84739,335109.0,71.0,9238992.0,162.41,16.03894345499484,12.947650401805848,5.096262380063693,11.34734302418055,12.7222141151184,1,0,1,1,2000,1,0,1,1,0,0,0,0,0,1,0,0,1,1,0,1,0
164,2002,1.0,4,110785,110785,58563.0,71.0,10864032.0,92.91,16.20096816633123,11.615355691521394,4.542336876816522,11.615355691521394,10.977875452313373,1,0,1,0,2000,1,0,0,1,1,0,0,0,0,1,1,0,1,1,0,1,1
166,1999,1.0,7,934292,934292,495536.0,71.0,66502836.0,1638.46,18.012755166370237,13.7475453725128,7.402122198304855,13.7475453725128,13.113397302012798,1,0,1,0,1990,1,0,0,0,0,1,0,0,0,0,1,0,0,0,0,0,1
167,1990,6.0,5,597519,597519,601615.0,34.0,147299056.0,4906.33,18.807975479511484,13.300543035030948,8.498485284694775,13.300543035030948,13.307374647008787,1,0,1,0,1990,1,0,1,0,0,1,0,1,1,0,1,0,1,0,0,1,1
169,1991,1.0,3,75397,67236,67236.0,91.0,571637.5,9.63,13.256262077563179,11.230536028445309,2.363680192353857,11.115978970227394,11.115978970227394,1,0,1,1,1990,1,0,0,1,0,0,0,0,1,1,1,0,0,1,1,0,1
170,2000,9.0,8,1158691,1158691,1350182.0,29.0,296671744.0,10734.57,19.50813684985337,13.96280234067203,9.2813178062484,13.96280234067203,14.115750696783344,1,1,1,0,2000,1,0,0,0,1,1,0,1,1,0,1,0,1,0,0,1,1
171,1999,1.0,5,102796,90185,55259.0,71.0,10281401.0,193.94,16.145847190015164,11.540511448697996,5.272691818909064,11.40962948336128,10.919804598477407,1,0,1,1,1990,1,0,0,0,0,1,0,1,0,1,0,0,1,0,0,0,0
174,1928,1.0,2,55653,55653,55500.0,98.0,1597907.25,72.88,14.284205988140624,10.926909231928333,4.302442155331039,10.926909231928333,10.92415631759022,1,0,1,0,1920,1,0,0,0,1,0,0,1,0,0,0,0,0,1,1,1,0
175,1931,1.0,16,106860,106860,106860.0,49.0,12616417.0,469.57,16.35050953960626,11.579284203506532,6.153944725854957,11.579284203506532,11.579284203506532,1,0,1,0,1930,1,0,0,0,1,0,0,0,0,0,1,0,0,0,0,0,1
176,1972,1.0,5,50759,50759,47079.0,62.0,3321734.0,49.09,15.015997794751328,10.834863921828324,3.9138213873695253,10.834863921828324,10.759603561374213,1,0,1,0,1970,1,0,1,1,0,0,0,0,1,0,1,0,0,1,0,1,1
177,1952,1.0,2,56772,56772,56772.0,46.0,2762805.5,84.57,14.831757568879869,10.946816139580935,4.449334754429963,10.946816139580935,10.946816139580935,1,0,1,0,1950,1,0,0,0,1,0,0,1,1,1,1,0,1,1,1,0,0
178,1952,1.0,3,103000,103000,103000.0,42.0,5391782.0,149.93,15.500386685957315,11.542493975902508,5.016816153171337,11.542493975902508,11.542493975902508,1,0,1,0,1950,1,0,0,0,1,0,0,1,1,1,1,0,1,1,1,0,0
185,1914,1.0,7,128766,128766,109754.0,71.0,6057410.0,57.21,15.61679303903496,11.765759848644574,4.064057161283644,11.765759848644574,11.60600588798624,1,0,1,0,1910,1,0,0,0,0,1,0,0,0,1,0,0,0,0,0,1,1
187,1955,1.0,15,230880,230880,203000.0,71.0,61674856.0,433.6,17.93738690177141,12.34965770525265,6.074426067822329,12.34965770525265,12.220966184120165,0,0,1,0,1950,1,0,0,0,0,1,0,0,0,1,0,0,0,1,0,0,0
192,1973,1.0,1,76086,76086,77810.0,71.0,3576720.0,101.41,15.089957016876511,11.239632701398955,4.628984364087346,11.239632701398955,11.262038088346925,1,0,1,0,1970,1,0,0,1,1,0,0,0,0,1,0,0,0,1,0,0,0
193,1927,1.0,5,190000,151000,146741.0,1.0,28731502.0,661.04,17.17350474424078,12.154784614286667,6.49532597707234,11.92504173829169,11.896431221723965,1,0,1,1,1920,1,0,0,1,1,0,0,1,0,1,1,0,1,0,0,0,1
194,1961,1.0,4,122309,122309,122309.0,8.0,26122018.0,1060.13,17.07828915647559,11.714314084481408,6.96708965702724,11.714314084481408,11.714314084481408,1,0,1,0,1960,1,0,0,0,0,1,0,0,0,0,1,0,0,0,0,0,1
196,2003,1.0,8,254273,215473,277000.0,29.0,26831896.0,780.84,17.1051019243377,12.446167704736089,6.6616501160305805,12.280595531595212,12.531776395271262,1,0,1,1,2000,1,0,0,0,0,1,0,0,0,0,1,0,0,0,0,0,1
197,1980,1.0,2,69400,69400,69400.0,71.0,15230290.0,301.76,16.538796831714414,11.147656555612986,5.712940412440966,11.147656555612986,11.147656555612986,1,0,1,0,1980,1,0,0,0,0,1,0,0,0,1,0,0,0,0,0,1,1
198,1900,1.0,1,62900,62900,32494.0,71.0,10883874.0,377.27,16.20279289407107,11.049317340813348,5.935608226353245,11.049317340813348,10.388841510328449,1,0,1,0,1900,1,0,0,0,0,1,0,0,0,1,1,0,1,1,1,0,1
199,1914,1.0,4,56500,56500,33000.0,98.0,1500938.5,44.22,14.221601803340914,10.942013616092948,3.811539466849824,10.942013616092948,10.404293143019792,0,1,1,0,1910,1,0,0,0,0,1,0,0,1,0,1,0,0,1,0,1,1
200,2008,1.0,4,203504,203504,159372.0,72.0,3944732.0,26.39,15.187891829363311,12.223445853587519,3.3101779832749867,12.223445853587519,11.97900264579648,0,0,1,0,2000,1,0,0,1,0,1,0,0,1,1,1,0,0,1,1,0,1
201,1968,1.0,3,100734,74003,100734.0,20.0,9892566.0,68.24,16.107294225026465,11.520248585350009,4.237578730308009,11.211874424779493,11.520248585350009,0,0,1,1,1960,1,0,0,0,0,1,0,1,0,0,1,0,0,1,0,1,1
202,1981,1.0,4,77662,59158,62108.0,57.0,5168686.5,68.19,15.458129345782602,11.260134232464857,4.23685634351072,10.987984013368823,11.03664618495682,1,0,1,1,1980,1,0,0,0,0,1,0,0,1,0,1,0,0,1,0,1,1
203,1978,1.0,12,234000,212210,173786.0,39.0,18811322.0,149.27,16.749969533732056,12.36308066783498,5.012433676037635,12.265336341707266,12.06558569039677,1,0,1,1,1970,1,0,0,0,0,1,0,1,0,0,1,0,0,1,0,1,1
204,1989,1.0,25,369996,369996,383942.0,74.0,24755086.0,172.58,17.024541561213013,12.821250176479428,5.156638588216099,12.821250176479428,12.858249383051929,0,0,1,0,1980,1,0,0,0,0,1,0,1,0,0,1,0,0,1,0,1,1
205,1925,1.0,10,693450,693450,361107.0,93.0,40037736.0,398.19,17.505332992332544,13.449435860148478,5.98943749402335,13.449435860148478,12.796932361547972,1,1,1,0,1920,1,0,0,0,0,1,0,1,1,0,0,0,1,0,0,1,0
206,1976,1.0,33,791396,791396,622034.0,89.0,42227404.0,313.3,17.55857997581532,13.581555017175708,5.750347943803522,13.581555017175708,13.340751640234677,1,0,1,0,1970,1,0,0,0,0,1,0,1,0,0,1,0,0,1,0,1,1
207,2000,1.0,23,747747,542671,542461.0,90.0,31693704.0,359.11,17.271628638686163,13.524821301797878,5.88640954033312,13.204260364838046,13.203873315860461,1,0,1,1,2000,1,0,0,0,0,1,0,1,0,0,1,0,0,1,0,1,1
208,1926,1.0,10,63409,55652,45260.0,90.0,3826622.5,170.51,15.157493379636154,11.057376856694077,5.144641573943989,10.926891263606484,10.720201013508184,0,1,1,1,1920,1,0,0,0,0,1,0,0,1,0,1,0,0,1,0,1,1
209,1930,1.0,17,204790,174790,142034.0,91.0,8081443.0,100.26,15.905081127401322,12.229745225869367,4.617691466541763,12.071346253463862,11.86382878508571,1,0,1,1,1930,1,0,0,0,0,1,0,1,0,0,1,0,0,1,0,1,1
210,1916,1.0,5,73399,73399,51557.0,61.0,3992167.75,26.19,15.199845187564142,11.203679214602607,3.3028492586443794,11.203679214602607,10.850462666541278,0,0,1,0,1910,1,0,0,0,0,1,0,0,1,0,1,0,0,1,0,1,1
211,1969,1.0,20,265851,233517,226454.0,90.0,15742790.0,563.25,16.571893104167042,12.490695041943495,6.335497415697645,12.36101444091441,12.330301528669946,0,1,1,1,1960,1,0,0,0,0,1,0,1,0,0,1,0,0,1,0,1,1
212,2009,1.0,25,758043,529375,582725.0,95.0,27018020.0,229.25,17.112014645771065,13.538496710433222,5.439165675135416,13.179454233406743,13.275472372008734,1,0,1,1,2000,1,0,0,0,0,1,0,1,0,0,1,0,0,1,0,1,1
213,1968,1.0,12,206000,206000,161000.0,91.0,9075988.0,222.19,16.021142912893474,12.235636302128867,5.408023426636094,12.235636302128867,11.989165855127435,0,1,1,0,1960,1,0,0,0,0,1,0,1,0,0,1,0,0,1,0,1,1
214,2009,1.0,36,824887,669915,743562.0,97.0,39360016.0,275.54,17.488261062058804,13.623002898525167,5.622355475960472,13.414907610372952,13.519208775657086,0,0,1,1,2000,1,0,0,0,0,1,0,1,0,0,1,0,0,1,0,1,1
215,1990,1.0,16,480840,339240,311736.0,94.0,18468776.0,130.73,16.731592134498513,13.083291933109898,4.880754373241736,12.734466048236886,12.649915162592619,1,0,1,1,1990,1,0,0,0,0,1,0,1,0,0,1,0,0,1,0,1,1
216,1900,1.0,7,89550,89550,64712.0,85.0,4135330.5,51.67,15.23507805251312,11.402563574372348,3.964046033495298,11.402563574372348,11.077717387662826,0,1,1,0,1900,1,0,0,0,0,1,0,0,1,0,1,0,0,1,0,1,1
217,1900,1.0,6,89355,89355,82355.0,66.0,4188308.75,31.97,15.247807809555614,11.400383669983814,3.49559805708364,11.400383669983814,11.318806592696635,1,0,1,0,1900,1,0,0,0,0,1,0,0,1,0,1,0,0,1,0,1,1
218,1922,1.0,15,388934,388934,388934.0,89.0,18982748.0,213.23,16.759041177328417,12.871167513522957,5.367050204229129,12.871167513522957,12.871167513522957,0,1,1,0,1920,1,0,0,0,0,1,0,1,0,0,1,0,0,1,0,1,1
219,1929,1.0,22,384302,384302,348969.0,98.0,10471812.0,70.15,16.164197729269574,12.859186582923714,4.264790324535862,12.859186582923714,12.762741237604414,0,0,1,0,1920,1,0,0,0,0,1,0,1,0,0,1,0,0,1,0,1,1
221,1983,1.0,47,1323055,1323055,1011135.0,94.0,44683660.0,318.97,17.615118467035916,14.095454770243615,5.768227241398966,14.095454770243615,13.82658500923252,1,0,1,0,1980,1,0,0,0,0,1,0,1,0,0,1,0,0,1,0,1,1
222,1986,1.0,41,589921,460489,470416.0,84.0,24603420.0,171.52,17.018396056274597,13.287745603752434,5.150513171779642,13.04004641891511,13.061374814369323,0,0,1,1,1980,1,0,0,0,0,1,0,1,0,0,1,0,0,1,0,1,1
223,1950,1.0,6,91091,89699,89699.0,71.0,1916413.75,46.56,14.465966680684506,11.419625263804768,3.861992071822581,11.404226048046887,11.404226048046887,0,1,1,1,1950,1,0,0,0,0,1,0,0,1,0,1,0,0,1,0,1,1
224,1968,1.0,8,157941,94948,84838.0,81.0,3743228.5,26.1,15.135459299460559,11.969983156007993,3.299533727885655,11.461095184326098,11.348510621716178,0,0,1,1,1960,1,0,0,0,0,1,0,1,0,0,1,0,0,1,0,1,1
225,1991,1.0,29,635303,438072,522667.0,95.0,18754466.0,139.72,16.74694252200605,13.3618589034728,4.946772100429302,12.990140842137905,13.166701742241536,0,1,1,1,1990,1,0,0,0,0,1,0,1,0,0,1,0,0,1,0,1,1
227,1980,1.0,34,776762,614158,606050.0,81.0,32577050.0,231.32,17.299118641387608,13.562890563516916,5.448115731636431,13.328009131260256,13.314719419926172,1,0,1,1,1980,1,0,0,0,0,1,0,1,0,0,1,0,0,1,0,1,1
228,1972,1.0,14,186768,162993,182540.0,95.0,9843217.0,218.53,16.10229324808528,12.137627838114382,5.391488897435831,12.00146866929545,12.114730084307205,0,1,1,1,1970,1,0,0,0,0,1,0,1,0,0,1,0,0,1,0,1,1
229,1969,1.0,49,1123435,754455,808980.0,89.0,47518124.0,627.87,17.676621775169505,13.931902404142951,6.443924558074251,13.533752238723482,13.603530709979914,1,0,1,1,1960,1,0,0,0,0,1,0,1,0,0,1,0,0,1,0,1,1
230,2002,1.0,37,1052469,888049,765351.0,93.0,42071712.0,287.32,17.554886172588954,13.866650340569494,5.664070974419973,13.696783326695472,13.54809113769995,0,0,1,1,2000,1,0,0,0,0,1,0,1,0,0,1,0,0,1,0,1,1
231,1973,1.0,42,617684,446184,581558.0,28.0,71568952.0,546.65,18.086171920573264,13.333733897756307,6.3056363967697555,13.008488943203485,13.27346770753085,0,1,1,1,1970,1,0,0,0,0,1,0,1,0,0,1,0,0,1,0,1,1
232,1907,1.0,8,201480,201480,161762.0,91.0,9510490.0,175.95,16.0679060630521,12.213450363119058,5.175867206791472,12.213450363119058,11.99388758007639,0,1,1,0,1900,1,0,0,0,0,1,0,1,0,0,1,0,0,1,0,1,1
233,1990,1.0,63,1354987,1195387,1191115.0,89.0,61576184.0,429.27,17.93578574660908,14.119303156168161,6.0644129186132485,13.993981376841061,13.9904012407399,0,0,1,1,1990,1,0,0,0,0,1,0,1,0,0,1,0,0,1,0,1,1
234,2001,1.0,14,310490,310490,269284.0,71.0,21960822.0,380.37,16.90477065113468,12.645910194428335,5.943770032495302,12.645910194428335,12.503525577285522,1,0,1,0,2000,1,0,0,0,0,1,0,1,0,0,1,0,0,1,0,1,1
235,2003,1.0,8,199530,168870,160418.0,69.0,13972700.0,298.61,16.452616055422414,12.203724891711696,5.702481628923153,12.036890388823577,11.985544421264782,1,0,1,1,2000,1,0,0,0,0,1,0,1,0,0,1,0,0,1,0,1,1
236,2006,1.0,13,372242,319539,319539.0,98.0,13862720.0,216.24,16.444713852804036,12.827302145802625,5.381002733166644,12.674637740581563,12.674637740581563,1,0,1,1,2000,1,0,0,0,0,1,0,1,0,0,1,0,0,1,0,1,1
237,1909,1.0,7,114395,106099,96582.0,99.0,2970604.25,70.17,14.904276277895741,11.64742139228158,4.26507138131118,11.572137324602075,11.478158021276855,1,0,1,1,1900,1,0,0,0,0,1,0,1,0,0,1,0,0,1,0,1,1
238,1978,1.0,2,89200,89200,89200.0,83.0,6707359.5,89.47,15.718716063451032,11.398647529267592,4.50501830403765,11.398647529267592,11.398647529267592,1,0,1,0,1970,1,0,0,0,1,0,0,1,1,0,0,0,1,0,0,1,0
239,1971,1.0,23,474546,474546,474546.0,77.0,29997380.0,198.34,17.216620635815563,13.070115943760129,5.29501190953931,13.070115943760129,13.070115943760129,0,0,1,0,1970,1,0,0,0,1,0,0,1,0,0,1,0,0,1,0,1,1
240,1969,1.0,5,36000,36000,36000.0,96.0,30038490.0,209.41,17.21799015057585,10.491301994830229,5.3490580082512205,10.491301994830229,10.491301994830229,0,0,1,0,1960,1,0,0,0,1,0,0,0,0,1,0,0,1,1,1,1,0
241,1961,1.0,5,99005,99005,79555.0,70.0,5008123.5,119.03,15.426572051676704,11.50293573334086,4.787741711537254,11.50293573334086,11.284216455183136,1,0,1,0,1960,1,0,0,0,1,0,0,0,1,0,1,0,0,1,0,1,1
242,2002,1.0,6,135051,90803,95943.0,88.0,4426136.0,30.86,15.30303775257093,11.813415168440983,3.4613513044819024,11.416458616482522,11.471519966911558,0,0,1,1,2000,1,0,0,0,1,0,0,1,0,0,1,0,0,1,0,1,1
243,2002,1.0,5,220649,137929,145754.0,93.0,7046345.5,49.12,15.768019813512101,12.304333014697693,3.9144201300278674,11.834501589069566,11.889682408941649,0,0,1,1,2000,1,0,0,0,1,0,0,1,0,0,1,0,0,1,0,1,1
244,1964,1.0,5,93660,93660,93660.0,71.0,940359.1875,6.09,13.754018259043661,11.447437159597042,1.958685340544036,11.447437159597042,11.447437159597042,0,0,1,0,1960,1,0,0,0,0,1,0,0,1,1,0,0,0,1,1,0,0
245,1980,1.0,18,413715,349055,348270.0,79.0,24224888.0,168.88,17.002891133687264,12.932935027070254,5.13509230544507,12.762987646765206,12.760736191331526,0,0,1,1,1980,1,0,0,0,0,1,0,1,0,0,1,0,0,1,0,1,1
246,2000,1.0,11,381381,185760,182820.0,94.0,9944328.0,72.42,16.112512996902932,12.85155677648835,4.2961963780686885,12.132216180207495,12.116262811053916,1,0,1,1,2000,1,0,0,0,0,1,0,0,0,1,1,0,1,1,0,1,0
248,1979,1.0,24,543876,427155,424044.0,79.0,26144226.0,176.43,17.079138959284712,13.206478397331779,5.178576164935488,12.964904565068961,12.957594860657956,0,0,1,1,1970,1,0,0,0,0,1,0,1,0,0,1,0,0,1,0,1,1
249,1980,1.0,4,109347,70647,42389.0,71.0,8381544.5,91.13,15.941542882661297,11.602290736042818,4.52320062312084,11.165465079148639,10.654667764346684,1,0,1,1,1980,1,0,0,0,0,1,0,0,0,1,1,0,1,1,1,1,1
250,1982,1.0,6,396626,272410,274002.0,64.0,20179120.0,141.95,16.820159013962865,12.890751571419269,4.9624949187683205,12.515067234233655,12.520894334215377,0,0,1,1,1980,1,0,0,0,0,1,0,1,0,0,1,0,0,1,0,1,1
251,2002,1.0,6,287471,203880,191814.0,74.0,14913424.0,103.97,16.517772371964202,12.568880743172354,4.653674595047707,12.225291769287937,12.164286644838576,0,0,1,1,2000,1,0,0,0,0,1,0,1,0,0,1,0,0,1,0,1,1
252,1947,1.0,3,192630,144118,146157.0,94.0,5569686.0,46.03,15.53284941642866,12.168531720742111,3.8507856959569566,11.878394626175732,11.892443507323893,1,0,1,1,1940,1,0,0,0,0,1,0,1,0,0,1,0,0,1,0,1,1
253,1984,1.0,8,253103,191117,158681.0,3.0,29949248.0,208.79,17.21501480708614,12.441555750438361,5.346107030383885,12.160646317315384,11.974657478531695,0,0,1,1,1980,1,0,0,0,0,1,0,1,0,0,1,0,0,1,0,1,1
254,1956,1.0,1,60880,60880,61666.0,54.0,14736775.0,384.27,16.505856696242738,11.016676418156251,5.953944387194059,11.016676418156251,11.02950422078315,1,0,1,0,1950,1,0,1,0,0,0,1,0,0,0,0,1,0,0,0,0,0
255,1900,1.0,5,50176,50176,50328.0,77.0,2933288.75,24.91,14.891635132715399,10.823312033358421,3.2546289945740186,10.823312033358421,10.82633673070753,1,0,1,0,1900,1,0,0,0,0,1,0,0,1,0,1,0,0,1,0,1,1
256,1912,1.0,42,304346,304346,245028.0,72.0,24880988.0,741.3,17.02961457584907,12.62592377680104,6.609753474123501,12.62592377680104,12.409131849868942,1,1,1,0,1910,1,0,0,0,0,1,0,1,0,0,1,0,0,1,0,1,1
257,1977,1.0,1,128800,128800,119200.0,97.0,2098949.75,78.92,14.556948134973423,11.766023856597407,4.381026134340298,11.766023856597407,11.688566422839942,1,0,1,0,1970,1,0,0,1,0,1,0,0,1,1,1,0,0,1,1,0,1
258,1927,1.0,8,321945,321945,166919.0,76.0,14072349.0,355.05,16.459722437176637,12.682139108599662,5.875071170428134,12.682139108599662,12.02526993470549,0,1,1,0,1920,1,0,0,0,0,1,0,1,0,0,1,0,0,1,0,1,1
259,1964,1.0,22,336330,336330,256299.0,77.0,19730534.0,530.66,16.797677993698066,12.725851073081628,6.276004187287266,12.725851073081628,12.454103912352162,1,1,1,0,1960,1,0,0,0,0,1,0,1,0,0,1,0,0,1,0,1,1
260,1960,1.0,21,298426,298426,286538.0,79.0,28559888.0,1084.79,17.167513808873483,12.606280625792168,6.990063111629714,12.606280625792168,12.565629931527125,0,1,1,0,1960,1,0,0,0,0,1,0,1,0,0,1,0,0,1,0,1,1
261,1976,1.0,42,635824,635824,718473.0,69.0,48479988.0,337.97,17.696661672827616,13.362678647226858,5.825911607889265,13.362678647226858,13.484884797346817,0,0,1,0,1970,1,0,0,0,0,1,0,1,0,0,1,0,0,1,0,1,1
262,1923,1.0,12,542305,542305,542305.0,45.0,57051236.0,2573.75,17.859460316771735,13.20358569675467,7.853507721005911,13.20358569675467,13.20358569675467,1,1,1,0,1920,1,0,0,0,0,1,0,0,0,0,1,0,0,0,0,0,1
263,1980,1.0,2,291940,291940,191940.0,80.0,12080064.0,162.45,16.30706713125117,12.584307006040078,5.09650713317022,12.584307006040078,12.164943312119494,1,0,1,0,1980,1,0,1,0,1,1,0,1,1,0,0,0,1,0,0,1,0
264,1970,1.0,1,88400,88400,33450.0,42.0,4811200.0,116.03,15.386457299064734,11.389638560778947,4.762430312186675,11.389638560778947,10.417836960475736,1,0,1,0,1970,1,0,0,1,0,1,0,0,0,1,1,0,0,1,1,0,1
265,1960,1.0,1,52311,52311,51116.0,96.0,1109137.125,48.65,13.919093807720277,10.864981069241113,3.9049983904911816,10.864981069241113,10.841872401883348,1,0,1,0,1960,1,0,1,0,0,0,0,0,1,1,1,0,0,1,1,0,1
266,2009,1.0,5,141131,71421,74831.0,71.0,3085814.0,21.51,14.942326361955333,11.857450901639037,3.113959654918641,11.176361224116755,11.223000879965667,0,0,1,1,2000,1,0,0,1,0,0,0,0,0,1,0,0,1,1,0,1,0
267,2001,1.0,5,176532,106465,103494.0,60.0,5803409.0,40.46,15.573956233787392,12.08126310671752,3.7247291070076334,11.57558096433457,11.54727858134189,0,0,1,1,2000,1,0,0,1,0,0,0,1,0,0,1,0,0,1,0,1,1
268,1973,1.0,1,52500,52500,49395.0,2.0,4243867.0,70.47,15.26098567549904,10.868587496017359,4.269277781231888,10.868587496017359,10.807624728237712,1,0,1,0,1970,1,0,0,1,1,1,0,0,1,1,1,0,0,1,1,0,1
269,1959,1.0,2,57300,57300,29001.0,55.0,5095134.5,156.67,15.443796818986016,10.956073354557526,5.06050424124939,10.956073354557526,10.27512007210784,1,0,1,0,1950,1,0,0,1,1,1,0,0,1,1,1,0,0,1,1,0,1
270,1916,1.0,6,350310,350310,305233.0,90.0,18102026.0,224.36,16.711534478916036,12.766576610348281,5.417699123568117,12.766576610348281,12.628833974546765,1,0,1,0,1910,1,0,0,0,0,1,0,1,0,0,1,0,0,1,0,1,1
271,1988,1.0,55,1400000,1115000,994116.0,92.0,55140300.0,588.9,17.825391422377088,14.151983508870947,6.3799530310090296,13.924365859736941,13.8096101849493,1,1,1,1,1980,1,0,0,0,0,1,0,1,0,0,1,0,0,1,0,1,1
272,1930,1.0,21,305548,305548,310000.0,58.0,34527356.0,1510.85,17.357262524299404,12.629865437530928,7.321089345468996,12.629865437530928,12.644330802262578,1,1,1,0,1930,1,0,0,0,0,1,0,0,0,0,1,0,0,0,0,0,1
273,1989,1.0,46,1536606,1023998,1002403.0,89.0,58506844.0,530.18,17.88465431390413,14.245087296917465,6.275100946851013,13.839226108018613,13.817911672979019,1,0,1,1,1980,1,0,0,0,0,1,0,1,0,0,1,0,0,1,0,1,1
274,1958,1.0,10,135918,135918,144570.0,91.0,6771618.5,193.72,15.728250833415018,11.819814399049767,5.2715626292392175,11.819814399049767,11.881526015342963,0,1,1,0,1950,1,0,0,0,0,1,0,1,0,0,1,0,0,1,0,1,1
275,1914,1.0,4,79957,79957,35694.0,25.0,5171529.0,36.61,15.458679140808018,11.289256775795264,3.627269972482245,11.289256775795264,10.482765901936562,0,0,1,0,1910,1,0,0,0,0,1,0,1,1,0,0,0,1,0,0,1,0
277,1983,1.0,29,500000,500000,411301.0,93.0,19249572.0,131.4,16.772999436633864,13.122365377402328,4.885827643502908,13.122365377402328,12.927083016837376,0,0,1,0,1980,1,0,0,0,0,1,0,1,0,0,1,0,0,1,0,1,1
278,1926,1.0,10,132326,132326,92006.0,72.0,6146691.5,65.2,15.631424690235736,11.793031410913876,4.192680462942962,11.793031410913876,11.429619940093234,1,1,1,0,1920,1,0,0,0,0,1,0,1,0,0,1,0,0,1,0,1,1
279,1984,1.0,6,109830,96630,83485.0,45.0,7335905.5,51.14,15.808291547471894,11.606698099721365,3.9539324085053558,11.478654879692781,11.332434232110996,0,0,1,1,1980,1,0,0,0,0,1,0,1,0,0,1,0,0,1,0,1,1
280,1973,1.0,19,332067,272787,332067.0,6.0,37984148.0,1468.5,17.452679499088134,12.71309504620313,7.292677485858972,12.516450215714137,12.71309504620313,1,1,1,1,1970,1,0,0,0,0,1,0,0,0,0,1,0,0,0,0,0,1
281,1910,1.0,10,130513,130513,87391.0,49.0,11792293.0,318.08,16.28295682525785,11.779235779684317,5.765441855042929,11.779235779684317,11.378159024273431,1,1,1,0,1910,1,0,0,0,0,1,0,1,0,0,1,0,0,1,0,1,1
282,1920,1.0,8,60660,60660,41958.0,71.0,2586116.0,18.03,14.765668080909968,11.013056266434749,2.946016681308058,11.013056266434749,10.644448230005079,0,0,1,0,1920,1,0,0,0,0,1,0,0,1,0,1,0,0,1,0,1,1
283,1929,1.0,14,137350,137350,124508.0,89.0,6825027.0,202.99,15.736107001590984,11.830294972166737,5.318070973034873,11.830294972166737,11.73213328143079,0,1,1,0,1920,1,0,0,0,0,1,0,1,0,0,1,0,0,1,0,1,1
285,1985,1.0,30,755000,620338,643083.0,72.0,53974556.0,793.05,17.80402332682799,13.534474352733596,6.677146431556656,13.338021381788279,13.374030632323484,1,1,1,1,1980,1,0,0,0,0,1,0,1,0,0,1,0,0,1,0,1,1
286,1906,1.0,4,63540,63540,56747.0,72.0,3564626.75,74.83,15.086570188426286,11.059440645817386,4.328493992712844,11.059440645817386,10.946375692431877,1,0,1,0,1900,1,0,0,0,0,1,0,0,1,0,1,0,0,1,0,1,1
287,1927,1.0,10,130893,130893,87925.0,80.0,7163323.5,48.54,15.784484746818134,11.782143114331042,3.9027804240612136,11.782143114331042,11.38425083060705,0,0,1,0,1920,1,0,0,0,0,1,0,1,0,0,1,0,0,1,0,1,1
288,1910,1.0,5,79920,79920,39960.0,71.0,2977095.25,20.98,14.906458970681184,11.288793925756666,3.090132948975475,11.288793925756666,10.595659257474393,0,0,1,0,1910,1,0,0,0,0,1,0,0,0,1,1,0,0,1,0,1,1
290,1996,1.0,6,147852,61423,64821.0,71.0,9671619.0,185.03,16.084706381836625,11.903973815910073,5.225907951029896,11.02555591724058,11.079400330894027,1,0,1,1,1990,1,0,0,0,0,1,0,0,0,1,0,0,1,1,0,1,0
291,1996,1.0,4,267335,100375,166960.0,71.0,7378420.5,147.75,15.814070284810276,12.496261573193136,5.002267044425739,11.516678413839536,12.025515531191699,1,0,1,1,1990,1,0,0,0,0,1,0,0,0,1,0,0,1,1,0,1,0
292,1989,1.0,56,1605578,1215718,1314475.0,97.0,50984500.0,525.78,17.747032242540257,14.288994997156012,6.2667830040763,14.01084622927756,14.08894866509266,1,1,1,1,1980,1,0,0,0,0,1,0,1,0,0,1,0,0,1,0,1,1
293,1980,1.0,36,794592,794592,748011.0,96.0,27340878.0,216.43,17.123893539438207,13.585585312859951,5.381876959646967,13.585585312859951,13.525174299608679,1,0,1,0,1980,1,0,0,0,0,1,0,1,0,0,1,0,0,1,0,1,1
294,1971,1.0,21,456304,363100,342952.0,74.0,20421248.0,135.23,16.832086534354254,13.030916724558724,4.9143446337779695,12.802436311460877,12.745348690520057,0,0,1,1,1970,1,0,0,0,0,1,0,1,0,0,1,0,0,1,0,1,1
295,1986,1.0,12,115857,100717,104788.0,89.0,4757299.5,33.17,15.37519094348444,11.660120582288606,3.5313480661272005,11.520079811491687,11.559704083528139,0,0,1,1,1980,1,0,0,0,0,1,0,1,0,0,1,0,0,1,0,1,1
296,1999,1.0,4,87500,70000,70090.0,72.0,4549892.0,31.72,15.3306142741671,11.37940550085183,3.487986511734546,11.156264806643742,11.157549676763116,0,0,1,1,1990,1,0,0,0,0,1,0,0,1,0,1,0,0,1,0,1,1
297,1998,1.0,11,374405,189629,150969.0,72.0,13329024.0,92.92,16.40545454619397,12.83309604909819,4.5424433560797866,12.152830084134454,11.924836420561782,0,0,1,1,1990,1,0,0,0,0,1,0,1,0,0,1,0,0,1,0,1,1
298,1985,1.0,12,193500,155500,146689.0,71.0,14436982.0,100.65,16.4853037360813,12.173037959397275,4.621535540074356,11.954407441448915,11.89607679548181,0,0,1,1,1980,1,0,0,0,0,1,0,0,0,1,0,0,0,1,0,0,0
299,1923,1.0,11,102846,102846,93879.0,96.0,6047637.0,281.55,15.6151783405528,11.540997725963418,5.6438555260758525,11.540997725963418,11.44977264996496,0,1,1,0,1920,1,0,0,0,0,1,0,1,0,0,1,0,0,1,0,1,1
300,1925,1.0,4,52800,52800,38880.0,83.0,2500323.75,44.48,14.731931181402155,10.874285408908944,3.8172726688823353,10.874285408908944,10.568260978408226,1,0,1,0,1920,1,0,0,0,0,1,0,0,1,0,1,0,0,1,0,1,1
302,1929,1.0,8,861702,861702,509342.0,71.0,17666646.0,328.83,16.68718906964012,13.666665942711875,5.7985773702092445,13.666665942711875,13.140876938917986,1,1,1,0,1920,1,0,0,0,0,1,0,1,1,0,0,0,1,0,0,1,0
303,1999,1.0,5,206950,109550,206950.0,71.0,19105426.0,249.09,16.76548298878349,12.240237329250249,5.521820853077794,11.60414547323389,12.240237329250249,0,1,1,1,1990,1,0,0,0,1,1,0,0,0,1,0,0,0,1,0,0,0
305,1988,1.0,9,46710,46710,46710.0,71.0,4439795.5,130.69,15.306119100024695,10.75173496195892,4.880450675722129,10.75173496195892,10.75173496195892,0,1,1,0,1980,1,0,0,0,1,1,0,0,0,1,0,1,0,0,0,0,1
306,1945,1.0,3,266000,162000,162000.0,65.0,14009703.0,201.15,16.455260790324115,12.491255347155265,5.30900999608678,11.995357787034976,11.995357787034976,1,1,1,1,1940,1,0,0,0,1,1,0,1,0,1,1,0,1,0,0,0,1
307,1992,1.0,14,690158,282363,270384.0,58.0,21156670.0,147.49,16.867465827435698,13.444677284810034,5.00051761590797,12.550952297721576,12.50760214823946,0,0,1,1,1990,1,0,0,0,1,1,0,1,0,1,1,0,1,0,0,0,1
308,2001,1.0,6,378443,200783,164332.0,100.0,55073120.0,456.22,17.82417233295765,12.84382338846974,6.125164675495825,12.20998498235009,12.009650135957095,1,0,1,1,2000,1,0,0,1,0,0,0,0,0,1,1,0,1,1,0,1,0
309,2001,1.0,6,213834,108912,104922.0,100.0,75073888.0,530.59,18.13398337318937,12.272959968571612,6.2758725155259665,11.598304677370276,11.56098202678591,1,0,1,1,2000,1,0,0,1,0,0,0,0,0,1,1,0,1,1,0,1,0
310,1979,1.0,5,109017,79608,109017.0,34.0,9707963.0,243.66,16.088457137539923,11.599268285192245,5.49986949161877,11.284882430767706,11.599268285192245,1,0,1,1,1970,1,0,0,1,0,0,0,0,0,0,1,0,0,0,0,0,1
311,1981,1.0,5,275734,237282,228504.0,77.0,16373232.0,114.14,16.61115842526611,12.527195538537352,4.7461487792476635,12.37700880058246,12.339313370915066,0,0,1,1,1980,1,0,0,1,1,0,0,1,0,0,1,0,0,1,0,1,1
312,2001,1.0,1,123061,123061,123061.0,59.0,1987934.625,13.86,14.502607283883611,11.720443572397098,2.698673039289613,11.720443572397098,11.720443572397098,0,0,1,0,2000,1,0,0,1,0,1,0,0,1,1,1,0,0,1,1,0,1
313,1963,1.0,1,59090,59090,40272.0,45.0,3153949.5,117.11,14.96416635202559,10.986833907533804,4.771616393623756,10.986833907533804,10.603436548215,1,0,1,0,1960,1,0,0,1,0,1,0,1,1,1,0,0,1,1,0,0,1
314,1963,1.0,1,106000,106000,106001.0,93.0,763364.5,5.32,13.54549222571245,11.571203807011969,1.843719208158766,11.571203807011969,11.571213240840736,0,0,1,0,1960,1,0,0,1,0,1,0,0,1,1,1,0,0,1,1,0,1
315,1962,1.0,3,158600,120200,125779.0,19.0,18471858.0,236.9,16.7317589968128,11.974146893333247,5.471850417308912,11.696920620516192,11.742289628097494,1,0,1,1,1960,1,0,0,1,0,0,0,1,0,0,1,0,0,1,0,1,1
316,1960,1.0,1,119661,119661,118733.0,97.0,775864.1875,5.44,13.561734056624541,11.69242638082741,1.8625285401162623,11.69242638082741,11.684640975976958,1,0,1,0,1960,1,0,0,1,0,1,0,1,1,1,0,0,1,1,0,0,1
317,2001,1.0,7,139200,94472,82098.0,81.0,4342597.0,30.27,15.283983344488117,11.843674210764698,3.44265917146975,11.456069358372018,11.315681115098373,0,0,1,1,2000,1,0,0,1,0,0,0,1,0,0,1,0,0,1,0,1,1
318,1984,1.0,6,95721,61800,95721.0,95.0,3155171.75,21.36,14.964553806816648,11.469203436078995,3.1072736482868986,11.031674824544641,11.469203436078995,0,0,1,1,1980,1,0,0,1,1,0,0,0,1,0,1,0,0,1,0,1,1
319,1996,2.0,5,213283,98055,105563.0,83.0,5661689.5,39.47,15.549233080496554,12.27037988992534,3.7005609588877744,11.493294023021,11.567072683040674,0,0,1,1,1990,1,0,0,1,1,0,0,1,0,0,1,0,0,1,0,1,1
320,2001,1.0,3,103697,56041,63199.0,7.0,11672252.0,374.92,16.272725044755187,11.549238107628549,5.92937635479456,10.933856688607833,11.054059580134949,1,0,1,1,2000,1,0,0,1,0,0,0,1,0,0,1,0,0,1,0,1,1
321,1974,1.0,5,74880,74880,71751.0,56.0,5531460.0,35.8,15.525962533903458,11.223655465763155,3.6054978451748854,11.223655465763155,11.180971007797838,0,0,1,0,1970,1,0,1,1,0,0,0,0,1,0,1,0,0,1,0,1,1
322,1979,1.0,6,88774,88774,85339.0,53.0,6353294.0,42.03,15.664484133925844,11.393860357811288,3.7618975468505083,11.393860357811288,11.354398556741991,0,0,1,0,1970,1,0,1,1,0,0,0,0,1,0,1,0,0,1,0,1,1
323,1983,1.0,5,122250,122250,91281.0,93.0,5535626.0,38.59,15.52671539684207,11.713831587262764,3.678576561118039,11.713831587262764,11.421708894900656,0,0,1,0,1980,1,0,1,1,0,0,0,1,0,0,1,0,0,1,0,1,1
324,1979,1.0,4,53730,53730,53730.0,20.0,4742869.0,33.06,15.372152995671103,10.891745395126074,3.5281236752345424,10.891745395126074,10.891745395126074,0,0,1,0,1970,1,0,1,1,0,0,0,0,1,0,1,0,0,1,0,1,1
325,1960,1.0,3,55593,55593,55593.0,55.0,4414587.0,93.23,15.300425069432485,10.92583056074651,4.545738602218665,10.92583056074651,10.92583056074651,1,0,1,0,1960,1,0,1,1,0,1,0,0,1,0,1,0,0,1,0,1,1
326,1982,1.0,4,134056,73096,72066.0,54.0,4899096.0,32.73,15.40456146038387,11.806020361621872,3.5183876490735586,11.199542605224037,11.18535152085534,0,0,1,1,1980,1,0,0,1,0,0,0,1,0,0,1,0,0,1,0,1,1
327,2005,1.0,1,158415,158415,158415.0,25.0,23293664.0,454.49,16.963691993155557,11.972979763362297,6.1213737625622064,11.972979763362297,11.972979763362297,1,0,1,0,2000,1,0,0,1,0,1,0,1,1,0,0,0,1,0,0,1,0
328,1929,1.0,8,287819,287819,155985.0,71.0,48037000.0,349.07,17.687482126083356,12.570090563724165,5.858133134486126,12.570090563724165,11.957521538614733,1,0,1,0,1920,1,0,0,1,0,0,0,1,0,0,1,0,0,1,0,1,1
329,1975,1.0,8,158738,158738,158738.0,71.0,61214744.0,1268.87,17.929898649835803,11.9750166230156,7.146669812008544,11.9750166230156,11.9750166230156,1,1,1,0,1970,1,0,0,0,1,1,0,0,0,1,0,1,0,0,0,0,1
330,1985,1.0,4,86995,58195,58195.0,81.0,3018140.75,20.86,14.920151885397814,11.373617419568252,3.0846584827483925,10.97157190283528,10.97157190283528,0,0,1,1,1980,1,0,0,1,1,0,0,0,1,0,1,0,0,1,0,1,1
331,1999,1.0,1,164437,164437,102653.0,62.0,19031574.0,326.18,16.76160999990433,12.010288878446973,5.790510478166025,12.010288878446973,11.539119389052704,1,0,1,0,1990,1,0,0,1,1,1,0,1,1,0,0,0,1,0,0,1,0
332,2009,1.0,5,184482,118248,118016.0,95.0,5869476.5,40.47,15.585276175917441,12.125312597296075,3.7249702742582897,11.680547849658803,11.678583960867643,1,0,1,1,2000,1,0,0,1,0,0,0,1,0,0,1,0,0,1,0,1,1
333,1928,1.0,3,55200,55200,54880.0,71.0,12072969.0,269.71,16.306479627427812,10.918736348043124,5.601048137201335,10.918736348043124,10.9129224838081,1,0,1,0,1920,1,0,0,1,0,0,1,0,0,0,1,0,1,1,1,1,1
334,2003,1.0,4,241159,129366,176171.0,71.0,34746128.0,849.83,17.36357872808666,12.393215892603342,6.746212343635318,11.77040860534107,12.07921606952746,1,0,1,1,2000,1,0,0,1,0,0,1,0,0,0,1,0,1,1,1,1,1
335,2004,1.0,6,139282,86700,79384.0,96.0,3238216.0,22.57,14.990533427651162,11.844263113555305,3.1599747169480397,11.370220696727491,11.282064712511612,0,0,1,1,2000,1,0,0,1,0,0,0,1,0,0,1,0,0,1,0,1,1
336,2009,1.0,5,271071,172371,168132.0,96.0,7960023.0,61.93,15.889942572891398,12.510139747231278,4.1420229975388425,12.057410211028271,12.032510611849297,1,0,1,1,2000,1,0,0,1,0,0,0,1,0,0,1,0,0,1,0,1,1
337,1914,1.0,5,127800,127800,127800.0,56.0,2811924.5,29.53,14.849380037962868,11.758229645621093,3.4187098067467865,11.758229645621093,11.758229645621093,1,0,1,0,1910,1,0,0,1,0,0,0,0,1,1,1,0,0,1,1,0,1
338,2002,1.0,5,560516,353919,372503.0,71.0,30401640.0,632.4,17.230007145182725,13.23661485109685,6.45110213410454,12.776826177876051,12.82800305499913,1,0,1,1,2000,1,0,0,1,0,0,0,1,0,0,1,0,0,1,0,1,1
339,2001,1.0,6,226592,131592,131592.0,49.0,11812678.0,94.64,16.284684004108477,12.330910735660234,4.560591142590124,11.787469104969274,11.787469104969274,1,0,1,1,2000,1,0,0,1,0,0,0,1,0,0,1,0,0,1,0,1,1
341,2003,1.0,5,159700,109046,72407.0,71.0,31915486.0,726.96,17.278601935838342,11.981058595924264,6.590246101632206,11.599534260934991,11.190072069507007,1,0,1,1,2000,1,0,0,1,0,0,0,0,0,1,1,0,0,1,0,0,0
342,2006,1.0,4,209816,136143,113803.0,97.0,6917478.5,122.68,15.749562027140453,12.25399100121357,4.817697584839112,11.82146842808934,11.642232949441528,1,0,1,1,2000,1,0,0,1,0,0,0,1,0,0,1,0,0,1,0,1,1
343,2006,1.0,6,303103,193198,178628.0,97.0,7554767.0,69.59,15.837689445077167,12.621831259923514,4.256888491407381,12.171476024763722,12.093066308263458,1,0,1,1,2000,1,0,0,1,0,0,0,1,0,0,1,0,0,1,0,1,1
344,1954,1.0,3,67380,67380,29732.0,66.0,3066491.25,74.1,14.936044876733716,11.118118358049584,4.318820558770089,11.118118358049584,10.300012819074817,1,0,1,0,1950,1,0,0,1,0,0,0,0,0,1,1,0,0,1,1,0,1
345,1963,1.0,4,102235,102235,103135.0,71.0,24903228.0,587.16,17.030508031742237,11.53503914521534,6.3769990197272675,11.53503914521534,11.543803784615164,1,0,1,0,1960,1,0,0,1,0,0,1,0,0,0,1,0,1,1,1,1,1
346,2008,1.0,5,436497,282813,175364.0,71.0,47629656.0,1019.53,17.67896617140742,12.986539072349808,6.928077379172044,12.55254471672972,12.07462479510903,1,0,1,1,2000,1,0,0,1,0,0,0,0,0,1,1,0,1,1,1,1,1
347,1974,1.0,5,88062,67236,64752.0,80.0,3558562.5,23.81,15.084867510159693,11.385807746410581,3.21124679770371,11.115978970227394,11.07833531053482,0,0,1,1,1970,1,0,0,1,1,0,0,0,1,0,1,0,0,1,0,1,1
348,1972,1.0,5,87178,66762,66648.0,69.0,3838006.75,25.32,15.16046397482862,11.375718755205835,3.2703291064571163,11.108904313854207,11.10719532174336,0,0,1,1,1970,1,0,0,1,1,0,0,0,1,0,1,0,0,1,0,1,1
349,1970,1.0,5,87178,66762,66747.0,86.0,3705629.0,24.35,15.12536384274291,11.375718755205835,3.232778730037192,11.108904313854207,11.108679613266794,0,0,1,1,1970,1,0,0,1,1,0,0,0,1,0,1,0,0,1,0,1,1
351,1988,1.0,4,196749,108344,108344.0,5.0,19718338.0,477.87,16.79705967438236,12.18968916627965,6.17142916182822,11.593075859153057,11.593075859153057,1,0,1,1,1980,1,0,0,0,1,0,0,1,0,1,1,0,1,0,0,0,1
352,1994,1.0,4,191276,95995,95995.0,21.0,8422861.0,77.99,15.946460233452019,12.16147791819491,4.369321262176328,11.472061802915228,11.472061802915228,1,0,1,1,1990,1,0,0,0,1,0,0,1,0,1,1,0,1,0,0,0,1
353,1946,2.0,2,111445,111445,,71.0,6076957.0,163.83,15.62001479978869,11.621295447636063,5.1049146397432645,11.621295447636063,,1,0,1,0,1940,1,0,0,1,1,1,0,0,1,1,0,1,1,1,0,0,0
354,1997,1.0,4,98475,98475,98475.0,83.0,1178591.625,22.44,13.97983159394231,11.497568142649186,3.154443964708812,11.497568142649186,11.497568142649186,1,0,1,0,1990,1,0,1,0,1,0,0,0,1,1,1,0,0,1,1,0,1
355,2000,1.0,7,351530,201075,215602.0,23.0,43178016.0,1032.63,17.580842057957486,12.770053179800657,6.9408321573749285,12.211438225028584,12.281194032576943,1,0,1,1,2000,1,0,0,1,0,0,0,1,1,0,1,0,1,0,0,1,1
356,1995,1.0,2,308965,121087,121087.0,78.0,14843382.0,277.98,16.513064734683013,12.640986517463418,5.631140094664089,11.704272832971496,11.704272832971496,1,0,1,1,1990,1,0,1,1,0,0,1,0,0,0,0,1,0,0,0,0,0
357,2008,1.0,1,63225,63225,63225.0,100.0,6522551.5,45.47,15.69077634502157,11.054470887941358,3.8388069430968867,11.054470887941358,11.054470887941358,0,0,1,0,2000,1,0,0,1,0,1,1,0,0,0,0,1,0,0,0,0,0
358,1955,1.0,1,113780,113780,91532.0,71.0,4021869.0,121.98,15.207257526564613,11.642030827156859,4.812021740525323,11.642030827156859,11.424454841980669,1,0,1,0,1950,1,0,1,1,0,1,0,0,0,1,0,1,0,0,0,1,0
359,1999,1.0,1,243044,243044,325424.0,100.0,1396082.25,41.8,14.149181195196865,12.401001890363212,3.756538102587751,12.401001890363212,12.69288729933466,1,0,1,0,1990,1,0,0,1,0,1,0,0,1,1,1,0,0,1,1,0,1
360,2001,1.0,3,280252,123940,156312.0,71.0,11521702.0,80.32,16.259743032167375,12.543448045605032,4.398391988760146,11.727560924903752,11.95961568633537,0,0,1,1,2000,1,0,0,1,0,0,0,0,0,1,0,0,1,1,0,1,0
361,1952,1.0,3,66462,53464,72000.0,71.0,6876439.5,47.94,15.743611706841863,11.104400680823604,3.8905950580145254,10.886782513190758,11.184435286790631,0,0,1,1,1950,1,0,0,1,1,0,0,0,0,1,0,0,0,1,0,0,0
362,1997,1.0,1,131387,131387,107931.0,72.0,8949319.0,110.46,16.00708810971096,11.785910056661425,4.7136657821413905,11.785910056661425,11.589256678176751,1,0,1,0,1990,1,0,1,0,0,0,0,1,1,0,0,0,1,0,0,1,0
363,1999,1.0,3,94400,94400,67155.0,38.0,800622.875,10.24,13.593146546479923,11.455306945297822,2.419478844465545,11.455306945297822,11.114773550156288,1,0,1,0,1990,1,0,1,0,0,0,0,0,1,1,1,0,0,1,1,0,1
364,1964,6.0,1,111900,111900,124231.0,71.0,10079993.0,226.43,16.126063225369226,11.625369830810577,5.426842498736322,11.625369830810577,11.729906064249025,1,0,1,0,1960,1,0,1,0,0,0,0,0,0,1,0,1,0,0,0,1,1
365,1984,1.0,1,144776,144776,144776.0,56.0,13827966.0,237.39,16.442203693558554,11.882949906538373,5.473907988002699,11.882949906538373,11.882949906538373,1,0,1,0,1980,1,0,1,0,0,0,1,0,0,0,0,1,0,0,1,0,0
366,1967,1.0,1,114000,114000,57805.0,79.0,17225444.0,553.27,16.661898209073104,11.643962499267984,6.317651932644658,11.643962499267984,10.964847855501349,1,0,1,0,1960,1,0,1,0,0,0,0,1,1,0,0,0,1,0,0,1,0
367,1997,1.0,1,50083,50083,50065.0,78.0,8901074.0,158.92,16.00168261392512,10.821456874788838,5.074673690192145,10.821456874788838,10.821097413976181,1,0,1,0,1990,1,0,1,0,0,0,1,0,0,0,0,1,0,0,0,0,0
368,1988,1.0,3,124071,95426,96504.0,73.0,4991360.5,34.9,15.423219276203469,11.72861732123929,3.580737295494233,11.466116836262017,11.477350099456308,1,0,1,1,1980,1,0,0,1,0,0,0,1,0,0,1,0,0,1,0,1,1
369,2000,1.0,4,90000,53472,90000.0,84.0,3897738.0,27.17,15.175907199393837,11.407576060361786,3.338257581888281,10.886932132596673,11.407576060361786,0,0,1,1,2000,1,0,0,1,0,0,0,0,1,0,1,0,0,1,0,1,1
370,2001,1.0,3,96041,62332,62232.0,70.0,5413418.0,37.74,15.504391429027633,11.472540874774753,3.65687265797885,11.040246259560732,11.038640684660965,0,0,1,1,2000,1,0,0,1,0,0,0,0,1,0,1,0,0,1,0,1,1
371,1999,1.0,3,280957,166128,152579.0,96.0,11325513.0,94.47,16.24256861461691,12.545960470952528,4.558812062009942,12.020519873979996,11.93544432764422,1,0,1,1,1990,1,0,0,1,0,0,0,1,0,0,1,0,0,1,0,1,1
372,1999,1.0,4,243334,140302,138995.0,89.0,8651835.0,85.01,15.973282110720557,12.402194373748076,4.454463568563388,11.851559648613192,11.842200434720347,1,0,1,1,1990,1,0,0,1,0,0,0,1,0,0,1,0,0,1,0,1,1
373,1991,1.0,6,154660,154660,119815.0,71.0,53734196.0,1623.34,17.79956017244051,11.948990903938062,7.392856858414871,11.948990903938062,11.693712511672231,1,1,1,0,1990,1,0,0,0,0,1,0,0,0,1,1,0,0,0,0,1,1
374,1982,1.0,5,390295,268920,243018.0,95.0,7683885.0,53.57,15.854635966737625,12.874660704589415,3.9994842811981406,12.502172935154075,12.400894908566473,0,0,1,1,1980,1,0,0,1,0,1,0,1,0,0,1,0,0,1,0,1,1
375,1967,1.0,2,90000,90000,70000.0,87.0,1468317.375,17.17,14.199628341345242,11.407576060361786,2.89977188240808,11.407576060361786,11.156264806643742,1,0,1,0,1960,1,0,0,1,0,1,0,0,1,1,1,0,0,1,1,0,1
376,1966,1.0,1,50200,50200,50200.0,71.0,1193084.5,32.22,13.992053366575725,10.823790225800138,3.503152104185149,10.823790225800138,10.823790225800138,1,0,1,0,1960,1,0,0,1,0,1,0,1,1,0,0,0,1,0,0,1,0
377,1925,1.0,6,94033,87833,53993.0,71.0,5055586.0,120.24,15.436004526345837,11.451411697981355,4.797772052189602,11.383203948399467,10.896628208262003,1,0,1,1,1920,1,0,0,1,1,1,0,0,1,0,1,0,0,1,0,1,1
378,1941,1.0,2,63240,63240,63240.0,100.0,272913.6875,8.15,12.516914525328797,11.054708103975111,2.21375387928743,11.054708103975111,11.054708103975111,1,0,1,0,1940,1,0,0,1,1,1,0,0,1,1,1,0,0,1,1,0,1
379,2008,1.0,5,322869,140415,182454.0,71.0,17628306.0,413.35,16.685016520267748,12.68500504440909,6.026711027295051,11.852364724194848,12.11425884625752,1,0,1,1,2000,1,0,0,1,1,1,0,0,0,1,0,0,1,1,0,1,0
380,1988,1.0,4,130293,106893,130293.0,71.0,465533.3125,3.25,13.050941084046105,11.777548714470212,1.4469189829363254,11.579592968216243,11.777548714470212,0,0,1,1,1980,1,0,0,1,1,0,0,0,1,1,0,0,0,1,1,0,0
381,1997,1.0,4,106041,106041,106041.0,94.0,1254908.5,25.58,14.042574016394074,11.571590521032341,3.2801590532850993,11.571590521032341,11.571590521032341,1,0,1,0,1990,1,0,0,1,1,0,0,0,1,1,1,0,0,1,1,0,1
382,1956,1.0,3,94470,94470,94470.0,71.0,1187738.375,33.18,13.987562373523996,11.456048188078173,3.5316406776874447,11.456048188078173,11.456048188078173,1,0,1,0,1950,1,0,0,1,1,0,0,0,1,1,0,0,0,1,1,0,0
383,2002,1.0,10,181694,143508,150840.0,88.0,7783714.5,53.25,15.867544352848071,12.110084736119012,3.993602992420569,11.874153029985171,11.923981580891553,0,0,1,1,2000,1,0,0,0,0,1,0,1,0,0,1,0,0,1,0,1,1
385,1966,1.0,1,22780,22780,22780.0,33.0,402051.3125,2.8,12.90433748973192,10.033682134193954,1.33500106673234,10.033682134193954,10.033682134193954,0,0,1,0,1960,1,0,0,1,0,1,0,0,1,1,1,0,0,1,1,0,1
386,1967,1.0,1,124472,124472,124423.0,62.0,6345882.5,237.36,15.663316892935967,11.73184410389787,5.473782135878778,11.73184410389787,11.731450366724395,1,0,1,0,1960,1,0,0,1,0,1,0,1,1,1,0,0,1,1,0,0,1
387,1970,1.0,22,227556,129000,227556.0,95.0,8950688.0,59.21,16.007241070528202,12.33515603544142,4.097838451476356,11.767575435251748,12.33515603544142,0,0,1,1,1970,1,0,0,0,0,1,0,1,0,0,1,0,0,1,0,1,1
388,1967,1.0,1,50065,50065,49918.0,72.0,1751500.375,42.65,14.375983906660764,10.821097413976181,3.776203282285611,10.821097413976181,10.818156970791383,1,0,1,0,1960,1,0,0,1,0,1,0,1,1,1,0,0,1,1,0,0,1
389,1969,1.0,1,57540,57540,57540.0,26.0,2808274.75,76.68,14.848081240873332,10.960253016168982,4.35259782398307,10.960253016168982,10.960253016168982,1,0,1,0,1960,1,0,0,1,0,1,0,1,1,1,0,0,1,1,0,0,1
390,1966,1.0,1,85400,85400,85400.0,49.0,1536998.25,10.72,14.245342534557048,11.355113089309977,2.4612967841488667,11.355113089309977,11.355113089309977,0,0,1,0,1960,1,0,0,1,0,1,0,0,1,1,1,0,0,1,1,0,1
391,1966,1.0,1,55700,55700,55700.0,63.0,528115.6875,3.62,13.177072537324735,10.92775337907558,1.5303947050936475,10.92775337907558,10.92775337907558,0,0,1,0,1960,1,0,0,1,0,1,0,0,1,1,1,0,0,1,1,0,1
392,1964,1.0,1,53250,53250,52759.0,96.0,1760992.25,46.93,14.381388554421592,10.882771862738064,3.86974161317154,10.882771862738064,10.873508606831251,1,0,1,0,1960,1,0,0,1,0,1,0,0,1,0,1,0,0,1,0,1,1
393,1987,1.0,6,78672,50245,78672.0,98.0,2220030.5,28.63,14.613031942936987,11.27305530057358,3.388787361585474,10.824686220762866,11.27305530057358,1,0,1,1,1980,1,0,0,1,1,0,0,0,1,0,1,0,0,1,0,1,1
394,1986,1.0,3,64660,64660,64660.0,89.0,333622.5938,6.32,12.71776867178599,11.076913516671743,1.9906103279732201,11.076913516671743,11.076913516671743,1,0,1,0,1980,1,0,1,0,0,0,0,0,1,1,1,0,0,1,1,0,1
395,1927,1.0,2,75844,55916,28442.0,71.0,3774978.5,38.48,15.143905510186942,11.236447063025773,3.675794214565281,10.931623727399913,10.255657363586069,1,0,1,1,1920,1,0,0,0,1,1,0,0,0,1,1,0,0,1,0,0,0
396,1968,1.0,1,161678,161678,162425.0,25.0,10093972.0,204.81,16.12744907102242,11.993368167001472,5.326953413084369,11.993368167001472,11.997977792417482,1,0,1,0,1960,1,0,0,1,0,1,0,1,1,1,0,0,1,1,0,0,1
397,1949,1.0,1,101101,101101,101101.0,1.0,21341708.0,152.71,16.87617388497994,11.523885187206563,5.035067710236841,11.523885187206563,11.523885187206563,1,0,1,0,1940,1,0,0,1,0,1,0,1,1,1,0,0,1,1,0,0,1
398,1980,1.0,1,52613,52613,59504.0,80.0,1231121.75,32.02,14.023437115873623,10.87073752300741,3.497113438491982,10.87073752300741,10.993815621616541,1,0,1,0,1980,1,0,0,1,0,1,0,1,1,1,0,0,1,1,0,0,1
399,1940,1.0,1,56608,56608,45340.0,71.0,5246590.0,74.31,15.47308909032628,10.943923262151136,4.32161292811326,10.943923262151136,10.721966979398362,1,0,1,0,1940,1,0,0,1,0,1,0,0,0,1,0,0,0,1,0,0,0
400,1953,1.0,1,104099,104099,100000.0,71.0,17427156.0,142.36,16.673540294611207,11.553107254603061,4.96535894922662,11.553107254603061,11.51293546492023,1,0,1,0,1950,1,0,0,1,0,1,1,0,0,1,0,1,0,0,1,0,1
401,2003,1.0,1,58184,50734,51722.0,41.0,15076756.0,414.43,16.528664844366464,10.971382868542177,6.02931412838173,10.834371286713184,10.853657835843961,1,0,1,1,2000,1,0,1,0,0,0,1,0,0,0,0,1,0,0,0,0,0
402,1980,1.0,1,58480,58480,44431.0,37.0,11311432.0,272.54,16.24132454209988,10.97645719414066,5.611447863453405,10.97645719414066,10.701715209546581,1,0,1,0,1980,1,0,1,1,0,0,1,0,0,0,0,1,0,0,0,0,0
403,2005,1.0,6,336700,211900,217977.0,95.0,9200102.0,54.92,16.03472523760877,12.726950575147725,4.0239220979255546,12.263874463452428,12.292149419247528,0,0,1,1,2000,1,0,0,1,0,0,0,1,0,0,1,0,0,1,0,1,1
404,1996,1.0,4,264008,104014,98863.0,42.0,10443463.0,190.61,16.161486886151348,12.483738472456462,5.2554620562416074,11.552290398492483,11.50150044730076,1,0,1,1,1990,1,0,0,1,0,0,0,1,1,0,0,0,1,0,0,1,0
405,1914,1.0,2,62220,62220,60676.0,32.0,5444253.5,38.55,15.510071390374987,11.038447842325047,3.677565694213663,11.038447842325047,11.013319992556701,1,0,1,0,1910,1,0,1,0,0,1,0,0,1,0,1,0,0,1,0,1,1
406,1970,1.0,1,65430,65430,60732.0,89.0,3586460.5,90.24,15.09267661979144,11.088751431256087,4.5134933974161875,11.088751431256087,11.01424248665062,1,0,1,0,1970,1,0,0,1,0,1,0,0,1,0,1,0,0,1,0,1,1
407,2006,1.0,3,102290,59850,83715.0,26.0,6114351.5,49.17,15.626149434334254,11.535576971529967,3.9154172384961616,10.999613419284296,11.335185397109868,1,0,1,1,2000,1,0,0,0,1,0,0,1,0,0,1,0,0,1,0,1,1
408,1926,1.0,3,80004,80004,74864.0,71.0,12232124.0,85.28,16.31957624563627,11.289844411702974,4.457597821520956,11.289844411702974,11.223441770571819,0,0,1,0,1920,1,0,1,0,0,1,0,0,0,1,0,0,0,1,0,0,0
409,1991,1.0,2,323916,323916,263528.0,92.0,8767252.0,262.45,15.98653408837265,12.688242589117094,5.573863596655295,12.688242589117094,12.48191869783373,1,0,1,0,1990,1,0,0,1,0,1,0,0,1,1,1,0,0,1,1,0,1
410,1932,1.0,14,304052,304052,218918.0,66.0,21290090.0,247.35,16.873752311167713,12.624957307297803,5.514839041553359,12.624957307297803,12.296457077368744,1,0,1,0,1930,1,0,0,1,0,1,0,0,0,1,1,0,0,1,0,1,1
411,1978,1.0,4,85385,54175,50235.0,71.0,4910799.5,33.85,15.406947521105222,11.354937431911715,3.551053137206533,10.899993284932862,10.824487180138018,0,0,1,1,1970,1,0,0,1,0,0,0,0,1,0,1,0,0,1,0,1,1
412,1989,1.0,2,98024,98024,63896.0,94.0,2109093.75,42.25,14.561769384957199,11.492977827160532,3.7669972333778885,11.492977827160532,11.06502769090671,1,0,1,0,1980,1,0,0,1,0,1,0,1,1,1,0,0,1,1,0,0,1
413,1928,1.0,1,65000,50000,20000.0,71.0,2758081.75,63.89,14.8300463405111,11.082157933374816,4.1726935286330775,10.819798284210286,9.90353755128617,1,0,1,1,1920,1,0,0,1,0,0,0,0,0,1,1,0,0,1,0,1,1
414,1990,1.0,5,144573,77953,78521.0,62.0,5318277.0,35.8,15.48666012471026,11.88154676617732,3.6054978451748854,11.263874188114833,11.271134119283536,0,0,1,1,1990,1,0,0,1,0,0,0,1,0,0,1,0,0,1,0,1,1
415,1950,1.0,2,302812,302812,302812.0,97.0,7783388.0,129.29,15.867502405419756,12.62087073225265,4.86976273521484,12.62087073225265,12.62087073225265,1,0,1,0,1950,1,0,1,1,0,0,0,1,1,0,0,0,1,0,0,1,0
416,1974,1.0,5,86400,86400,78200.0,53.0,9266020.0,293.55,16.04186461130626,11.366754528799243,5.685448767967697,11.366754528799243,11.267037714175425,1,0,1,0,1970,1,0,1,0,0,0,0,0,1,0,1,0,0,1,0,1,1
417,1969,1.0,2,98539,98539,98539.0,71.0,5502264.5,46.49,15.520670474482348,11.498217836097954,3.8605191625610304,11.498217836097954,11.498217836097954,1,0,1,0,1960,1,0,1,1,1,0,0,0,0,1,0,1,0,0,0,1,1
418,1981,1.0,6,86483,86483,86483.0,56.0,6636482.5,44.35,15.708092787795021,11.36771470471244,3.814410176561146,11.36771470471244,11.36771470471244,0,0,1,0,1980,1,0,1,0,0,0,0,0,1,0,1,0,0,1,0,1,1
419,1976,1.0,1,51600,51600,34400.0,75.0,1196293.25,22.1,13.994739211660777,10.851296331126829,3.139832617527748,10.851296331126829,10.445840912706414,1,0,1,0,1970,1,0,1,1,0,1,0,1,1,1,0,0,1,1,0,0,1
420,1968,1.0,1,140520,140520,140520.0,61.0,2502923.5,57.73,14.73297040615554,11.85311222277915,4.072950669534428,11.85311222277915,11.85311222277915,1,0,1,0,1960,1,0,1,1,0,1,0,0,1,1,1,0,0,1,1,0,1
421,1986,1.0,5,154029,91649,91645.0,95.0,4636396.5,58.88,15.349448221785124,11.944902667618504,4.092342559551428,11.425732253267851,11.425688608016447,1,0,1,1,1980,1,0,0,1,1,0,0,1,0,0,1,0,0,1,0,1,1
422,2005,1.0,3,161789,69854,91935.0,71.0,7063953.5,49.28,15.770515580135337,11.994054476999382,3.917607383722047,11.154176944084588,11.428847961779017,1,0,1,1,2000,1,0,1,0,0,0,0,0,0,1,0,0,1,1,0,1,0
423,2005,1.0,3,63909,63909,60670.0,71.0,4765753.5,33.22,15.376966424613306,11.065231122644327,3.5328102684640474,11.065231122644327,11.013221103411352,0,0,1,0,2000,1,0,1,0,0,0,0,1,0,1,1,0,1,0,0,0,1
424,1948,1.0,2,53472,53472,46846.0,71.0,1065308.875,34.0,13.878776277245615,10.886932132596673,3.5553480614894135,10.886932132596673,10.754642251464746,1,0,1,0,1940,1,0,1,0,0,0,0,0,1,1,1,0,0,1,1,0,1
425,1980,1.0,1,50417,50417,50417.0,14.0,2149815.75,58.67,14.580893163913204,10.828103533156273,4.088829381533991,10.828103533156273,10.828103533156273,1,0,1,0,1980,1,0,0,1,0,1,0,0,1,1,1,0,0,1,1,0,1
427,1961,1.0,3,133298,133298,133298.0,21.0,16041286.0,295.48,16.590676394091563,11.800350004263192,5.691979762537049,11.800350004263192,11.800350004263192,1,0,1,0,1960,1,0,1,0,0,0,0,1,0,1,1,0,1,0,0,0,1
428,1965,1.0,2,168619,168619,173106.0,78.0,6718441.0,91.1,15.720366840380976,12.035402941476667,4.522874943261261,12.035402941476667,12.061665179399235,1,0,1,0,1960,1,0,1,1,0,0,0,1,1,0,0,0,1,0,0,1,0
429,2002,1.0,5,251827,138509,113318.0,71.0,47837524.0,1156.45,17.68332093131852,12.436501593774768,7.053974588483115,11.838697804169144,11.63796212933792,1,0,1,1,2000,1,0,0,1,0,0,0,0,0,1,1,0,1,1,0,1,0
430,2000,1.0,4,175885,104500,103970.0,91.0,6486377.5,45.22,15.685214920606796,12.077591336881623,3.8334126048462345,11.556951919719207,11.551867293084847,0,0,1,1,2000,1,0,0,1,0,0,0,1,0,0,1,0,0,1,0,1,1
431,1969,1.0,2,104786,104786,104786.0,93.0,1153253.75,23.86,13.958098720206296,11.559684997373235,3.213260086082565,11.559684997373235,11.559684997373235,1,0,1,0,1960,1,0,0,1,0,1,0,0,1,1,1,0,0,1,1,0,1
432,2000,1.0,1,53040,11440,51427.0,71.0,1901429.125,49.9,14.458116858370493,10.87882047837734,3.929862923556477,9.344958673700944,10.847938050204139,1,0,1,1,2000,1,0,0,1,0,1,0,0,0,1,0,0,0,1,0,0,0
433,1973,1.0,1,110689,110689,110689.0,71.0,2789899.0,107.83,14.84151631086129,11.61448878037967,4.68978703170797,11.61448878037967,11.61448878037967,1,0,1,0,1970,1,0,0,1,0,1,0,0,0,1,0,0,0,1,0,0,0
434,1948,1.0,1,53620,53620,53620.0,86.0,2145554.75,22.12,14.578909167695093,10.889696061373598,3.1406980438041767,10.889696061373598,10.889696061373598,1,0,1,0,1940,1,0,0,1,0,1,0,0,1,0,1,0,0,1,0,1,1
435,1938,1.0,1,50008,50008,50008.0,62.0,3380481.5,65.3,15.033529008750468,10.819958268212227,4.194189897191817,10.819958268212227,10.819958268212227,1,0,1,0,1930,1,0,0,1,0,1,0,0,1,0,1,0,0,1,0,1,1
436,2009,1.0,4,291176,191000,194674.0,98.0,6657348.5,49.74,15.711231990331338,12.581686608668821,3.9267145541711357,12.160033942617156,12.179086780445187,1,0,1,1,2000,1,0,0,1,1,0,0,1,0,0,1,0,0,1,0,1,1
437,1957,1.0,1,50832,50832,43920.0,63.0,2551022.25,107.16,14.752005111155329,10.836301028962945,4.683611612294654,10.836301028962945,10.69014784459452,1,0,1,0,1950,1,0,0,1,0,1,0,0,1,1,1,0,0,1,1,0,1
438,1971,1.0,1,76354,76354,76486.0,70.0,2792753.5,20.29,14.842538942746808,11.243148796387281,3.058237478905388,11.243148796387281,11.244876070733577,1,0,1,0,1970,1,0,0,1,0,1,1,0,0,1,0,1,0,0,1,0,1
439,1956,1.0,1,98480,98480,98480.0,65.0,2898646.0,39.5,14.879754634363445,11.49761891515284,3.7013019741124933,11.49761891515284,11.49761891515284,1,0,1,0,1950,1,0,0,1,0,1,0,0,1,1,1,0,0,1,1,0,1
440,1904,1.0,2,53002,53002,31602.0,75.0,3591767.75,64.0,15.094155327155853,10.878103794705911,4.174387269895637,10.878103794705911,10.36100733177766,1,0,1,0,1900,1,0,0,1,0,0,0,0,0,1,1,0,1,0,0,1,0
441,2008,1.0,3,175918,124700,66737.0,71.0,22846738.0,640.71,16.944318951772047,12.077778940810486,6.464136488241093,11.733674150882164,11.108529784820083,1,0,1,1,2000,1,0,0,1,0,0,0,0,0,1,1,0,0,1,0,1,1
442,1920,1.0,3,169785,106003,106003.0,71.0,19419744.0,406.02,16.781800889948247,12.042294099519093,6.008862324284403,11.571232108231282,11.571232108231282,1,0,1,1,1920,1,0,0,1,0,0,0,0,0,1,0,0,0,1,0,0,0
443,1971,1.0,11,124721,124721,107594.0,58.0,14339818.0,365.79,16.478550771019826,11.733842539523547,5.90478947719715,11.733842539523547,11.586129457228644,1,0,1,0,1970,1,0,0,1,0,0,0,1,0,0,1,0,0,1,0,1,1
444,1970,1.0,7,94002,94002,93905.0,70.0,5662234.0,39.47,15.549329248561316,11.45108197563649,3.7005609588877744,11.45108197563649,11.450049560918558,0,0,1,0,1970,1,0,0,1,0,0,0,0,1,0,1,0,0,1,0,1,1
445,1974,1.0,1,93020,93020,93020.0,60.0,1252323.875,8.73,14.040512281806098,11.440580553096567,2.2752138961979136,11.440580553096567,11.440580553096567,0,0,1,0,1970,1,0,0,1,0,1,0,0,1,1,1,0,0,1,1,0,1
446,1946,1.0,1,23000,23000,20310.0,71.0,845892.1875,25.74,13.648148374707246,10.043292972227004,3.286160571673797,10.043292972227004,9.918917890191485,1,0,1,0,1940,1,0,0,0,0,1,0,0,0,1,0,0,0,1,0,0,0
447,2002,1.0,1,61053,61053,54434.0,32.0,13564414.0,306.5,16.422960377454114,11.019513997458025,5.728475087246572,11.019513997458025,10.90476260831528,1,0,1,0,2000,1,0,1,0,1,1,1,0,0,0,0,1,0,0,0,0,0
449,1904,1.0,5,78920,78920,78564.0,88.0,2830674.75,19.73,14.856026022034522,11.276202631115575,3.0315819264476884,11.276202631115575,11.271681586624233,0,0,1,0,1900,1,0,0,0,0,1,0,0,1,0,1,0,0,1,0,1,1
450,1906,1.0,7,99440,99440,65088.0,64.0,6669621.5,134.69,15.713073819588503,11.507319782449395,4.910372872157861,11.507319782449395,11.083510843105353,1,0,1,0,1900,1,0,0,0,0,1,0,0,1,0,1,0,0,1,0,1,1
451,1907,1.0,6,73260,73260,63871.0,82.0,3020795.0,19.89,14.9210309307799,11.201783686253295,3.0392705755684744,11.201783686253295,11.064636359671136,0,0,1,0,1900,1,0,0,0,0,1,0,0,1,0,1,0,0,1,0,1,1
452,1900,1.0,4,69817,69817,34647.0,87.0,2380143.75,76.8,14.682671863125968,11.153647135161382,4.354141431184346,11.153647135161382,10.452995282894463,1,1,1,0,1900,1,0,0,0,0,1,0,0,1,0,1,0,0,1,0,1,1
453,1900,1.0,4,84750,84750,41609.0,71.0,2165173.25,26.04,14.588011401168437,11.347472824583114,3.2973172511747633,11.347472824583114,10.636095801976987,1,0,1,0,1900,1,0,0,0,0,1,0,0,1,0,1,0,0,1,0,1,1
454,1900,1.0,6,75496,62176,45799.0,71.0,3740114.25,24.89,15.134626984423948,11.231848199348319,3.2538567937634464,11.037740435424054,10.732039370102276,0,0,1,1,1900,1,0,0,0,0,1,0,0,1,0,1,0,0,1,0,1,1
455,1900,1.0,4,164380,164380,123607.0,79.0,7778893.0,130.31,15.866924726665937,12.009942183149128,4.877560939870913,12.009942183149128,11.724870546830255,1,1,1,0,1900,1,0,0,0,0,1,0,1,0,0,1,0,0,1,0,1,1
456,1907,1.0,7,160580,160580,160580.0,98.0,4501784.0,99.59,15.31998454275579,11.986553767144867,4.611052849146247,11.986553767144867,11.986553767144867,1,1,1,0,1900,1,0,0,0,0,1,0,1,0,0,1,0,0,1,0,1,1
458,1906,1.0,3,67755,67755,33647.0,71.0,2031594.375,13.28,14.524331941375822,11.123668295706272,2.658859956911438,11.123668295706272,10.42370889794248,0,0,1,0,1900,1,0,0,0,0,1,0,0,0,1,0,0,0,1,0,0,0
459,1910,1.0,3,56700,56700,26250.0,37.0,2462293.5,31.58,14.716604196769438,10.945547126244623,3.4836986031738992,10.945547126244623,10.17545936253226,1,0,1,0,1910,1,0,0,1,0,1,0,0,0,1,1,0,0,1,0,1,1
460,1922,1.0,1,82852,82852,58472.0,83.0,2472120.0,65.56,14.720587044581858,11.324823232217247,4.198103796512953,11.324823232217247,10.97632038821675,1,0,1,0,1920,1,0,0,1,0,1,0,0,1,1,1,0,0,1,1,0,1
461,1953,1.0,2,76442,76442,50500.0,71.0,4608482.0,132.6,15.343409293573206,11.244300644051904,4.894850261102546,11.244300644051904,10.829748417047593,1,0,1,0,1950,1,0,0,1,0,1,0,0,0,1,0,0,0,1,0,0,0
462,1962,1.0,2,92792,92792,85343.0,56.0,3471977.25,74.18,15.060235090341834,11.438126484894745,4.319885238136032,11.438126484894745,11.35444542698174,1,0,1,0,1960,1,0,0,1,0,1,0,1,1,1,0,0,1,1,0,0,1
463,1941,2.0,2,125519,125519,142901.0,71.0,2244317.0,15.65,14.623912246814582,11.740220387406914,2.8124102164264526,11.740220387406914,11.869914359621278,0,0,1,0,1940,1,0,0,1,0,1,0,0,0,1,0,1,0,0,1,1,0
464,1900,1.0,4,129000,103200,104869.0,80.0,4374646.0,30.5,15.291336388804298,11.767575435251748,3.449987545831587,11.544433821905134,11.560476766828451,0,0,1,1,1900,1,0,0,1,0,1,0,1,0,0,1,0,0,1,0,1,1
465,1954,1.0,1,78814,78814,78814.0,69.0,911161.3125,16.48,13.722476329965632,11.274858613060642,2.8610573702273894,11.274858613060642,11.274858613060642,1,0,1,0,1950,1,0,0,1,0,1,0,0,1,1,1,0,0,1,1,0,1
466,1904,1.0,4,58970,58970,39870.0,71.0,1916863.375,41.18,14.466201270959516,10.984801076625908,3.7419461750506287,10.984801076625908,10.593404521575788,1,0,1,0,1900,1,0,0,1,0,1,0,0,1,0,1,0,0,1,0,1,1
467,1910,1.0,6,75600,64800,51040.0,15.0,2688675.75,18.74,14.804559716050251,11.233224789593368,2.9826470340053355,11.079076314320059,10.840384510303231,0,0,1,1,1910,1,0,0,1,0,1,0,1,1,1,0,0,1,1,0,0,1
468,1907,1.0,4,56270,56270,39884.0,71.0,1056782.125,7.37,13.870740064046108,10.93793458372845,2.124653884501384,10.93793458372845,10.59375559234523,0,0,1,0,1900,1,0,0,1,0,1,0,1,1,1,0,0,1,1,0,0,1
469,1904,1.0,4,66842,66842,43122.0,31.0,5550151.0,138.35,15.529335872734977,11.110101865005516,4.936988753927957,11.110101865005516,10.67181177644663,1,0,1,0,1900,1,0,0,0,0,1,0,0,1,0,1,0,0,1,0,1,1
470,1909,1.0,6,75288,64488,65508.0,81.0,2972492.75,20.18,14.90491180493763,11.229089320779604,3.0530573401732606,11.074249945604157,11.089942816764351,1,0,1,1,1900,1,0,0,0,0,1,0,0,1,0,1,0,0,1,0,1,1
471,1904,1.0,7,184322,184322,183916.0,81.0,9722890.0,67.78,16.089993560197225,12.124444932398877,4.23091300500412,12.124444932398877,12.122239847864273,0,0,1,0,1900,1,0,0,0,0,1,0,1,0,0,1,0,0,1,0,1,1
472,2009,1.0,7,287853,287853,273812.0,43.0,25567108.0,182.14,17.056817278693114,12.57020868613386,5.210250887679586,12.57020868613386,12.520200670621694,1,0,1,0,2000,1,0,0,0,0,1,0,1,0,0,1,0,0,1,0,1,1
473,1914,1.0,2,64512,64512,63000.0,53.0,6114759.5,180.76,15.62621616035112,11.07462203286291,5.202687135532787,11.07462203286291,11.050905878263567,1,0,1,0,1910,1,0,0,1,0,1,0,0,1,0,1,0,0,1,0,1,1
474,2009,1.0,6,286000,174226,111774.0,71.0,63172816.0,445.62,17.961384655833427,12.563750586299374,6.101708121206741,12.068114325649642,11.624243201102182,1,0,1,1,2000,1,0,0,1,0,1,0,0,0,1,1,0,1,1,0,1,0
475,1926,1.0,7,144050,144050,144050.0,26.0,4347677.0,98.43,15.285152467443162,11.877922682522595,4.599453878991982,11.877922682522595,11.877922682522595,1,0,1,0,1920,1,0,0,1,0,1,0,0,1,1,1,0,0,1,1,0,1
476,1930,1.0,3,60592,60592,60384.0,16.0,5107519.5,47.25,15.446224619371195,11.011934653834277,3.876395827784995,11.011934653834277,11.008496008709475,1,0,1,0,1930,1,0,0,1,0,1,0,0,1,0,1,0,0,1,0,1,1
477,1912,1.0,6,1380959,1380959,1000730.0,79.0,75252304.0,810.7,18.136357092353368,14.138289467453484,6.69913081376713,14.138289467453484,13.816241290913908,1,0,1,0,1910,1,0,0,1,0,1,0,1,0,0,1,0,0,1,0,1,1
478,1993,1.0,1,107930,107930,107704.0,57.0,7589347.5,100.42,15.842256309060497,11.589247413040994,4.619270310366873,11.589247413040994,11.5871512873222,1,0,1,0,1990,1,0,0,1,0,1,0,1,1,0,0,0,1,0,0,1,0
479,1926,1.0,1,99084,99084,99084.0,83.0,1838287.25,49.25,14.424345397675527,11.503733346601313,3.917010546939185,11.503733346601313,11.503733346601313,1,0,1,0,1920,1,0,0,1,0,1,0,0,1,1,1,0,0,1,1,0,1
480,1953,1.0,1,72719,72719,72719.0,28.0,2774363.5,42.74,14.835932269927095,11.19437172885136,3.778263015248622,11.19437172885136,11.19437172885136,1,0,1,0,1950,1,0,1,1,1,1,0,1,1,1,0,0,1,1,0,0,1
481,1930,1.0,4,76624,76624,76624.0,91.0,3166841.75,33.41,14.968245671619902,11.246678673238513,3.538347219809389,11.246678673238513,11.246678673238513,1,0,1,0,1930,1,0,0,0,1,1,0,0,1,0,1,0,0,1,0,1,1
482,2001,1.0,6,91706,55123,53281.0,2.0,8570571.0,59.75,15.963845032804059,11.426353991208984,4.1067670822206574,10.917340471995036,10.883353842047292,0,0,1,1,2000,1,0,0,0,1,0,0,0,1,0,1,0,0,1,0,1,1
483,2008,1.0,5,129093,89191,89131.0,6.0,19892050.0,477.85,16.805830762658243,11.7682961001544,6.171387395967629,11.398546628447408,11.397873696006858,1,0,1,1,2000,1,0,0,1,0,0,0,1,0,1,1,0,1,0,0,0,1
484,1991,1.0,5,138106,121885,119083.0,41.0,8381834.5,58.43,15.941577481886839,11.835784026020109,4.084799149378569,11.71084146063754,11.687584405428838,0,0,1,1,1990,1,0,1,1,0,1,0,1,0,0,1,0,0,1,0,1,1
485,1973,1.0,1,56572,56572,56576.0,66.0,2540840.5,67.29,14.748005883339852,10.943287118573286,4.223763342972998,10.943287118573286,10.943357821180475,1,0,1,0,1970,1,0,0,1,0,1,0,1,1,0,0,0,1,0,0,1,0
487,2004,1.0,3,225982,225982,200184.0,53.0,20764814.0,692.12,16.848770525785056,12.328215054186225,6.541203144372571,12.328215054186225,12.206997217981309,0,1,1,0,2000,1,0,0,0,1,1,0,1,0,1,1,0,1,0,0,0,1
488,2006,1.0,2,516407,516407,385196.0,31.0,40754364.0,734.72,17.523073508478994,13.154652429701397,6.600849611562597,13.154652429701397,12.861510170713785,1,0,1,0,2000,1,0,0,0,0,1,0,0,0,1,1,0,1,1,0,1,0
489,2000,1.0,11,312512,312512,303312.0,71.0,25747022.0,185.39,17.06382956673999,12.652401347293337,5.227841252743712,12.652401347293337,12.62252055461108,1,0,1,0,2000,1,0,0,0,0,1,0,1,0,0,1,0,0,1,0,1,1
490,2005,1.0,42,1592914,1592914,914832.0,97.0,56785916.0,481.06,17.854798912808295,14.281076229025384,6.178068587631244,14.281076229025384,13.72649681393881,1,1,1,0,2000,1,0,0,0,0,1,0,1,0,0,1,0,0,1,0,1,1
491,1926,1.0,6,97720,97720,51881.0,71.0,2478025.25,17.28,14.722972934335456,11.489871758639005,2.905807566026004,11.489871758639005,10.856727188188485,0,0,1,0,1920,1,0,0,0,0,1,0,0,1,0,1,0,0,1,0,1,1
492,1985,1.0,10,422503,215923,197408.0,46.0,17254810.0,190.1,16.663601561107395,12.953954193190171,5.252796851246227,12.282681772900064,12.19303299764737,0,1,1,1,1980,1,0,0,0,1,1,0,1,0,1,1,0,1,0,0,0,1
493,1987,1.0,7,94500,94500,113739.0,68.0,5739540.0,40.38,15.562889799941571,11.456365695436427,3.722797672317397,11.456365695436427,11.641670420860791,0,0,1,0,1980,1,0,1,0,0,1,0,1,0,1,1,0,1,0,0,0,1
494,2005,1.0,1,94713,94713,109758.0,79.0,5820712.5,94.74,15.576933406695247,11.458617103516884,4.561636183964363,11.458617103516884,11.606042332131036,1,0,1,0,2000,1,0,1,1,0,1,0,1,1,0,0,0,1,0,0,1,0
495,2008,1.0,9,302902,201560,201365.0,58.0,14802479.0,130.32,16.510305292264036,12.621167901225114,4.877637092633392,12.213847344084073,12.212879426743095,1,0,1,1,2000,1,0,0,0,1,1,0,1,0,1,1,0,1,0,0,0,1
496,1973,1.0,19,319911,163504,170727.0,50.0,15490998.0,357.39,16.555769703534885,12.675801236956476,5.881621778925799,12.00459884989161,12.047826925793807,0,1,1,1,1970,1,0,0,0,1,1,0,1,0,1,1,0,1,0,0,0,1
497,1900,1.0,6,205521,205521,114919.0,94.0,8455976.0,282.46,15.950384086566354,12.233308363149417,5.6470710197387595,12.233308363149417,11.651991513093225,1,1,1,0,1900,1,0,0,0,0,1,0,1,0,0,1,0,0,1,0,1,1
498,1900,1.0,6,56700,56700,46000.0,55.0,3065954.5,21.37,14.93586982428378,10.945547126244623,3.107720775502038,10.945547126244623,10.736418414365376,0,0,1,0,1900,1,0,0,0,0,1,0,0,1,0,1,0,0,1,0,1,1
499,1925,1.0,4,72000,72000,72000.0,89.0,2739121.5,23.48,14.823148171597065,11.184435286790631,3.1978564576441255,11.184435286790631,11.184435286790631,1,0,1,0,1920,1,0,0,1,0,1,0,0,1,0,1,0,0,1,0,1,1
500,2000,1.0,4,191146,96254,103000.0,93.0,5101504.5,35.56,15.445046250211195,12.160798044520625,3.5989547465859495,11.474756198852726,11.542493975902508,0,0,1,1,2000,1,0,0,1,1,0,0,1,0,0,1,0,0,1,0,1,1
501,2001,1.0,3,68763,57236,50000.0,71.0,9596839.0,310.19,16.07694443558416,11.138435631161384,5.7404036581118465,10.954955821395421,10.819798284210286,1,0,1,1,2000,1,0,1,1,0,1,0,0,0,1,0,1,0,0,1,1,1
502,1994,3.0,1,102133,102133,107427.0,71.0,21406232.0,530.62,16.879192699265875,11.534040955574303,6.2759289484037755,11.534040955574303,11.584576134713581,1,0,1,0,1990,1,0,1,0,1,1,0,0,0,1,0,1,0,0,0,1,1
504,2008,1.0,14,362046,362046,232443.0,86.0,15725581.0,116.95,16.57079937099466,12.799529316634315,4.770260805853684,12.799529316634315,12.356404614783013,1,0,1,0,2000,1,0,0,0,0,1,0,1,0,0,1,0,0,1,0,1,1
506,1994,3.0,2,81336,81336,81385.0,71.0,13360349.0,270.17,16.407801923334414,11.306356296558281,5.602745930478429,11.306356296558281,11.306958547026635,1,0,1,0,1990,1,0,0,1,1,0,0,0,0,1,0,1,0,1,0,0,0
507,2001,1.0,23,538933,538933,366554.0,90.0,16339807.0,111.69,16.609114897021097,13.197348393414053,4.724640685964258,13.197348393414053,12.811903857262559,0,0,1,0,2000,1,0,0,0,0,1,0,1,0,0,1,0,0,1,0,1,1
509,1983,1.0,6,275982,78852,197040.0,71.0,5233553.5,36.49,15.470601241903946,12.528094548599388,3.6240742307478206,11.27534063859196,12.191167107893193,0,0,1,1,1980,1,0,0,0,0,1,0,0,0,1,0,0,1,1,0,1,0
510,1982,1.0,5,98668,98668,98668.0,91.0,4395027.0,30.61,15.295984459957117,11.49952609300711,3.4534735262275262,11.49952609300711,11.49952609300711,0,0,1,0,1980,1,0,0,1,1,0,0,0,1,0,1,0,0,1,0,1,1
511,2007,1.0,1,158931,130550,80157.0,12.0,9336260.0,98.54,16.049416408855958,11.976231716768233,4.6005595734304086,11.779519233998359,11.291754965907632,1,0,1,1,2000,1,0,0,1,0,1,0,1,0,0,1,0,0,1,0,1,1
512,1978,1.0,1,105100,105100,105100.0,1.0,22571400.0,357.86,16.932194220416193,11.562677071567636,5.882932340284521,11.562677071567636,11.562677071567636,1,0,1,0,1970,1,0,0,1,1,0,0,1,0,0,1,0,0,1,0,1,1
514,1978,1.0,1,50660,50660,50660.0,51.0,2956254.5,60.7,14.899433991685767,10.832911662800246,4.122283930911342,10.832911662800246,10.832911662800246,1,0,1,0,1970,1,0,0,1,1,0,0,1,1,0,0,0,1,0,0,1,0
515,1937,1.0,2,61929,61929,39879.0,59.0,2421613.25,55.73,14.699944921211479,11.033759993932106,4.038303171338476,11.033759993932106,10.593630224075774,1,0,1,0,1930,1,0,0,1,1,0,0,0,1,0,1,0,0,1,0,1,1
516,2000,1.0,4,165111,110111,104667.0,1.0,25478086.0,177.62,17.05332930735677,12.014379310489211,5.18526064425574,11.609253308597207,11.558548714994645,0,0,1,1,2000,1,0,0,1,1,0,0,1,0,0,1,0,0,1,0,1,1
518,1925,1.0,3,20565,20565,20565.0,65.0,830100.0,5.59,13.629302659116536,9.931394505789136,1.8855533485144158,9.931394505789136,9.931394505789136,0,0,1,0,1920,1,0,0,0,0,1,0,0,1,0,1,0,0,1,0,1,1
519,2000,1.0,5,159937,103966,106449.0,63.0,7857972.5,54.78,15.877039306735476,11.982541519118438,4.021415382199343,11.551828820078464,11.575430670321625,0,0,1,1,2000,1,0,0,1,1,0,0,1,0,0,1,0,0,1,0,1,1
520,2008,1.0,5,183964,137201,133451.0,56.0,14856199.0,103.57,16.513927844498102,12.122500801106195,4.649856703610498,11.82920957142715,11.801497141606843,0,0,1,1,2000,1,0,0,1,1,0,0,1,0,0,1,0,0,1,0,1,1
521,1986,1.0,5,208210,129362,109978.0,95.0,5799664.5,116.74,15.573310801439737,12.24630726758099,4.768478803600115,11.7703776850767,11.608044717458185,1,0,1,1,1980,1,0,0,1,1,0,0,1,0,0,1,0,0,1,0,1,1
522,1986,1.0,7,277486,197203,178625.0,63.0,12729858.0,88.74,16.35946089427429,12.533529364224432,4.496916600547837,12.191994004920614,12.093049513537002,0,0,1,1,1980,1,0,0,0,0,1,0,1,0,0,1,0,0,1,0,1,1
523,1993,1.0,3,187130,187130,171783.0,77.0,10445641.0,70.09,16.16169541589962,12.139564185336143,4.263946679941392,12.139564185336143,12.053993152646969,0,0,1,0,1990,1,0,0,0,0,1,0,1,0,0,1,0,0,1,0,1,1
524,2000,1.0,5,251044,133177,126218.0,99.0,17186624.0,119.81,16.659642023004242,12.433387484913194,4.7942190635314725,11.799441858281993,11.745773772432152,0,0,1,1,2000,1,0,0,0,0,1,0,1,0,0,1,0,0,1,0,1,1
525,1912,1.0,5,154330,154330,95330.0,81.0,1411471.75,8.8,14.16014422078617,11.946854925495474,2.2823823856765264,11.946854925495474,11.465110325309874,0,0,1,0,1910,1,0,0,0,0,1,0,0,1,1,1,0,0,1,1,0,1
526,1918,1.0,6,108245,93555,64055.0,71.0,4682152.5,50.17,15.359268711630131,11.592161693680858,3.9351534228170006,11.446315466470784,11.06751297975247,0,1,1,1,1910,1,0,0,0,0,1,0,1,0,0,1,0,0,1,0,1,1
527,1905,1.0,6,167860,167860,110370.0,70.0,7046428.5,47.39,15.768031592596648,12.03089153496448,3.8792931808052273,12.03089153496448,11.611602697158974,0,0,1,0,1900,1,0,0,0,0,1,0,1,0,0,1,0,0,1,0,1,1
528,1910,1.0,6,112560,112560,80400.0,86.0,5268183.0,97.82,15.477196269101707,11.631250575899482,4.593300013417604,11.631250575899482,11.294781892900653,1,0,1,0,1910,1,0,0,0,0,1,0,1,0,0,1,0,0,1,0,1,1
529,1910,1.0,6,86204,86204,67670.0,89.0,3350477.0,69.02,15.024613580189653,11.364483459609952,4.2487809155265195,11.364483459609952,11.122413006714247,1,0,1,0,1910,1,0,0,0,0,1,0,1,1,0,0,0,0,1,0,0,0
530,1985,1.0,2,145158,145158,101633.0,51.0,8615958.0,119.46,15.969126739218368,11.885584972353154,4.791317747615575,11.885584972353154,11.529133403814438,1,0,1,0,1980,1,0,0,1,0,1,0,0,1,1,1,0,0,1,1,0,1
531,1951,1.0,2,112896,112896,110746.0,66.0,10622784.0,157.48,16.178511780453505,11.634231177596929,5.0656284023902955,11.634231177596929,11.615003599504377,1,0,1,0,1950,1,0,0,1,0,1,0,1,0,0,1,0,0,1,0,1,1
532,1960,1.0,1,110613,110613,99551.0,95.0,1015060.188,7.08,13.830459452384876,11.613801942337991,2.089391872533004,11.613801942337991,11.508435399697364,0,0,1,0,1960,1,0,0,1,0,1,0,1,1,1,0,0,1,1,0,0,1
533,1951,1.0,4,149881,149881,119593.0,97.0,2869350.25,95.86,14.869596516887547,11.917603596827133,4.573266636975083,11.917603596827133,11.691857952016171,1,0,1,0,1950,1,0,0,1,0,1,0,0,1,1,1,0,0,1,1,0,1
534,1951,1.0,3,98220,98220,129420.0,12.0,6562048.5,75.29,15.696813535906612,11.494975320767226,4.334541868102138,11.494975320767226,11.770825935362428,1,0,1,0,1950,1,0,0,1,0,1,0,0,1,1,1,0,0,1,1,0,1
535,1970,1.0,1,84420,84420,44300.0,55.0,2882685.0,19.86,14.874233056363588,11.343571464800565,3.0378334495726262,11.343571464800565,10.698762529141884,0,0,1,0,1970,1,0,0,1,0,1,0,1,1,1,0,0,1,1,0,0,1
536,1961,1.0,1,73335,73335,73335.0,71.0,5459973.5,155.74,15.512954677380511,11.202806899641612,5.054588381624718,11.202806899641612,11.202806899641612,1,0,1,0,1960,1,0,0,1,0,1,0,1,1,1,0,0,1,1,0,0,1
537,1928,1.0,2,56876,56876,48400.0,71.0,2015776.625,48.5,14.516515597029821,10.948646320470148,3.901972669574645,10.948646320470148,10.78727575364831,1,0,1,0,1920,1,0,0,1,0,1,0,1,1,1,0,0,1,1,0,0,1
538,1931,1.0,2,61200,61200,61200.0,16.0,5285776.5,178.62,15.480530280941132,11.021918808236205,5.1908435082428035,11.021918808236205,11.021918808236205,1,0,1,0,1930,1,0,0,1,0,1,0,0,1,1,1,0,0,1,1,0,1
539,1987,1.0,1,111908,111908,109090.0,87.0,1667059.125,34.14,14.326572228868947,11.625441320020204,3.559340082758951,11.625441320020204,11.599937675292844,1,0,1,0,1980,1,0,0,1,0,1,0,1,1,1,0,0,1,1,0,0,1
540,1986,3.0,2,63644,63644,65700.0,71.0,7448018.0,168.5,15.823458648956194,11.061076046304535,5.1328529268205045,11.061076046304535,11.092869425057021,1,0,1,0,1980,1,0,0,1,0,1,0,0,0,1,0,1,0,1,0,0,1
541,1930,3.0,2,108753,89893,58605.0,71.0,3714717.25,25.37,15.12781339207352,11.5968437298837,3.2722270003651954,11.406386477409306,10.978592359402198,0,0,1,1,1930,1,0,0,1,0,1,0,0,0,1,1,0,0,1,1,0,1
542,1970,1.0,1,141890,106345,168735.0,91.0,17384564.0,293.56,16.671093301540736,11.862814436189542,5.685482717484768,11.574453208261433,12.036090642330196,1,0,1,1,1970,1,0,1,0,0,0,1,0,0,0,0,1,0,0,0,0,0
543,2001,1.0,4,92092,71037,70074.0,5.0,4817062.0,33.58,15.387674964206509,11.430554215011817,3.5432754802551445,11.17097022411659,11.15732137603299,0,0,1,1,2000,1,0,0,1,1,1,0,0,1,0,1,0,0,1,0,1,1
544,1974,1.0,3,56259,56259,31582.0,71.0,2685146.5,86.9,14.80324621923933,10.937739082043848,4.476199804691132,10.937739082043848,10.36037428013116,1,0,1,0,1970,1,0,0,1,1,0,0,0,1,1,1,0,0,1,1,0,1
545,2006,1.0,6,143439,143439,119570.0,71.0,25736450.0,710.7,17.063418871838223,11.873672108279015,6.567656474305226,11.873672108279015,11.691665616180485,1,0,1,0,2000,1,0,0,0,1,0,0,0,0,1,0,0,0,1,0,0,0
546,2008,1.0,4,202623,113768,105206.0,73.0,8873485.0,61.86,15.998578287224065,12.21910732380063,4.140910031369422,11.641925355831777,11.563685116996018,0,0,1,1,2000,1,0,0,1,0,0,0,1,0,0,1,0,0,1,0,1,1
547,2000,1.0,2,77174,51374,77174.0,33.0,5481549.0,38.21,15.516898465645935,11.25383084937036,3.6689318163042404,10.846906951798536,11.25383084937036,0,0,1,1,2000,1,0,0,1,0,0,0,0,1,0,1,0,0,1,0,1,1
548,1998,1.0,5,110524,110524,98781.0,57.0,6859198.0,47.82,15.741101229036243,11.612997018694443,3.888140064964814,11.612997018694443,11.500670680903214,0,0,1,0,1990,1,0,0,1,1,0,0,1,0,0,1,0,0,1,0,1,1
549,2008,1.0,5,287224,183574,97500.0,71.0,21299472.0,314.43,16.874192888589533,12.568021159721566,5.753936787316924,12.12037858231981,11.487617913343598,1,0,1,1,2000,1,0,0,1,0,0,0,0,0,1,1,0,1,1,0,1,0
550,1999,1.0,4,115748,97366,97365.0,71.0,35938164.0,1154.79,17.397310380698467,11.659179332602307,7.052539371830329,11.486242623186971,11.486232352714067,1,0,1,1,1990,1,0,0,1,0,0,1,0,0,0,1,0,1,1,1,1,1
551,2000,1.0,7,241875,157186,163082.0,88.0,8732968.0,68.06,15.982615961635762,12.396180477124561,4.234975691961846,11.965191458356623,12.00201455264331,1,0,1,1,2000,1,0,0,1,1,0,0,1,0,0,1,0,0,1,0,1,1
552,1974,1.0,5,102930,84210,89075.0,85.0,5034942.5,65.03,15.431912862621989,11.541814139813933,4.19010918420648,11.34108083302775,11.397245216905548,1,0,1,1,1970,1,0,0,1,1,0,0,1,0,0,1,0,0,1,0,1,1
553,1902,1.0,3,76893,76893,90345.0,71.0,12289373.0,260.13,16.324245544524853,11.250183129042728,5.565018367611075,11.250183129042728,11.41140202276584,1,0,1,0,1900,1,0,0,0,0,1,0,0,1,0,1,0,0,1,0,1,1
554,1975,1.0,8,150000,126370,126648.0,65.0,9836703.0,119.93,16.10163125356743,11.918397239722838,4.795211865797184,11.746977303991972,11.749174759622889,1,0,1,1,1970,1,0,0,0,0,1,0,1,0,0,1,0,0,1,0,1,1
555,1953,1.0,7,274362,274362,274362.0,82.0,16572684.0,147.82,16.62326641610673,12.522207326092039,5.002737521969115,12.522207326092039,12.522207326092039,1,0,1,0,1950,1,0,0,0,0,1,0,1,0,0,1,0,0,1,0,1,1
556,1983,1.0,15,378002,261722,270237.0,85.0,18235512.0,246.83,16.718881514541017,12.842657411078168,5.512743027242523,12.4750419715498,12.507058331185348,1,0,1,1,1980,1,0,0,0,0,1,0,1,0,0,1,0,0,1,0,1,1
557,1963,1.0,11,169020,169020,156414.0,83.0,12019477.0,346.62,16.302039058507695,12.037778246540562,5.851109929135334,12.037778246540562,11.960268010422865,1,1,1,0,1960,1,0,0,0,0,1,0,1,0,0,1,0,0,1,0,1,1
558,1981,1.0,33,429405,429405,218997.0,98.0,274725984.0,1921.82,19.43128474069442,12.970158137314758,7.561548137463526,12.970158137314758,12.296817876336846,1,0,1,0,1980,1,0,0,0,0,1,0,0,0,1,0,0,1,1,1,1,0
559,1985,1.0,76,1952220,1632820,1680937.0,86.0,92537256.0,882.56,18.343121899767596,14.484478256759704,6.783959201168626,14.305819751737545,14.334862528902713,1,0,1,1,1980,1,0,0,0,0,1,0,1,0,0,1,0,0,1,0,1,1
560,1981,1.0,19,383515,293737,312442.0,90.0,16228155.0,110.7,16.602258316276814,12.857136619910024,4.715816706075155,12.59044349254225,12.65217733152169,0,0,1,1,1980,1,0,0,0,0,1,0,1,0,0,1,0,0,1,0,1,1
561,1925,1.0,18,363934,335064,281598.0,68.0,23128454.0,582.28,16.956574235608294,12.80473055924453,6.368667345498175,12.722079821836592,12.548239352123355,1,1,1,1,1920,1,0,0,0,0,1,0,1,0,1,1,0,1,0,0,0,1
562,1929,1.0,4,78920,78920,78920.0,80.0,8303666.5,109.85,15.932207842642024,11.276202631115575,4.70817793606232,11.276202631115575,11.276202631115575,1,0,1,0,1920,1,0,0,0,0,1,0,1,1,0,0,0,1,0,0,1,0
564,1999,1.0,2,947987,947987,561684.0,71.0,46343304.0,324.25,17.65158739509859,13.762097122929195,5.784594117392615,13.762097122929195,13.23869647351734,0,0,1,0,1990,1,0,0,0,0,1,0,0,0,1,0,0,0,1,1,1,1
565,1908,1.0,4,55520,55520,17120.0,71.0,3904791.25,150.88,15.177715138816371,10.924516606545858,5.023090735363602,10.924516606545858,9.748061059204817,1,0,1,0,1900,1,0,0,0,1,1,0,0,0,1,1,0,0,1,0,1,1
566,1908,1.0,10,132998,132998,138257.0,97.0,4040138.75,133.8,15.211789840923217,11.798096888378632,4.9037921984782065,11.798096888378632,11.836876783894846,0,1,1,0,1900,1,0,0,0,0,1,0,1,0,0,1,0,0,1,0,1,1
567,1940,1.0,3,83118,83118,45000.0,59.0,2533838.5,27.82,14.745246299262142,11.328028594901893,3.361069590571376,11.328028594901893,10.714439990727769,1,0,1,0,1940,1,0,0,0,0,1,0,1,1,0,0,0,1,0,0,1,0
568,1924,1.0,3,77555,77555,73563.0,39.0,7802205.5,54.4,15.869917136270896,11.258755535050895,4.014579593753238,11.258755535050895,11.205911054618872,1,0,1,0,1920,1,0,0,0,0,1,0,1,1,0,0,0,1,0,0,1,0
569,1909,1.0,6,51218,51218,44913.0,57.0,2886141.5,20.12,14.87543139339636,10.843865835939344,3.050220458838061,10.843865835939344,10.712504829138487,0,0,1,0,1900,1,0,0,0,0,1,0,0,1,0,1,0,0,1,0,1,1
570,1970,1.0,29,489182,489182,371450.0,43.0,37351804.0,426.39,17.435891795015298,13.100491931578091,6.057696945325412,13.100491931578091,12.825172236728704,1,0,1,0,1970,1,0,0,0,0,1,0,1,0,0,1,0,0,1,0,1,1
571,1929,1.0,27,216571,203251,182604.0,62.0,17352520.0,639.72,16.669248356395403,12.285678334648088,6.462592544015427,12.222201867460045,12.115080629024416,1,1,1,1,1920,1,0,0,0,0,1,0,1,0,0,1,0,0,1,0,1,1
572,1921,1.0,13,189175,189175,151740.0,13.0,19036416.0,132.71,16.761864386845783,12.150433077659494,4.895673275626574,12.150433077659494,11.929930399090464,0,0,1,0,1920,1,0,0,0,0,1,0,1,0,0,1,0,0,1,0,1,1
573,1998,1.0,13,293803,219322,145491.0,25.0,17267470.0,119.03,16.66433500048823,12.590668157333115,4.787741711537254,12.298300808067511,11.887876381264205,0,0,1,1,1990,1,0,0,0,0,1,0,1,0,0,1,0,0,1,0,1,1
574,1910,1.0,7,122356,122356,95942.0,91.0,4675881.5,41.8,15.357928472943575,11.714698280147994,3.756538102587751,11.714698280147994,11.471509544110637,1,0,1,0,1910,1,0,0,0,0,1,0,1,0,0,1,0,0,1,0,1,1
575,1921,1.0,3,52298,52298,50250.0,89.0,2038746.5,13.72,14.52784620667504,10.864732529411326,2.6892071133007303,10.864732529411326,10.824785726220822,0,0,1,0,1920,1,0,0,0,0,1,0,0,1,0,1,0,0,1,0,1,1
576,1911,1.0,17,116640,116640,82053.0,75.0,7066534.5,169.06,15.770880889481113,11.666856120593938,5.136151315957647,11.666856120593938,11.315132846091688,0,1,1,0,1910,1,0,0,0,0,1,0,1,0,0,1,0,0,1,0,1,1
577,1981,1.0,42,1249055,1047934,983697.0,95.0,39518364.0,264.78,17.492276058530628,14.037898623971312,5.5826688989033615,13.86233211903886,13.799074218358598,0,0,1,1,1980,1,0,0,0,0,1,0,1,0,0,1,0,0,1,0,1,1
579,1988,1.0,5,188339,89025,81873.0,15.0,8588643.0,89.41,15.965951423525167,12.146004119064054,4.504354880749275,11.396683740882667,11.312936759122506,1,0,1,1,1980,1,0,0,0,1,1,0,1,0,1,1,0,1,0,0,0,1
580,1916,1.0,2,60122,60122,60122.0,71.0,745830.3125,9.31,13.52225473096216,11.004147742821537,2.333114298028869,11.004147742821537,11.004147742821537,1,0,1,0,1910,1,0,1,0,0,1,0,0,1,0,0,0,0,1,0,0,1
581,1910,1.0,6,95000,81300,84481.0,83.0,4269199.5,31.43,15.266937131139901,11.461642696843066,3.4790839203192268,11.305913595583258,11.344293772902283,1,0,1,1,1910,1,0,0,0,0,1,0,0,1,0,1,0,0,1,0,1,1
582,1971,1.0,9,224857,224857,204993.0,79.0,16162013.0,390.67,16.59817423200458,12.323224370840999,5.970419648512232,12.323224370840999,12.230735989399538,0,1,1,0,1970,1,0,0,0,0,1,0,1,0,0,1,0,0,1,0,1,1
583,1998,1.0,8,446261,321473,343400.0,96.0,13568148.0,94.59,16.42323561867522,13.008661502470739,4.560068212075671,12.680671948472009,12.746654139497183,0,0,1,1,1990,1,0,0,0,0,1,0,1,0,0,1,0,0,1,0,1,1
584,1939,1.0,2,58492,58492,58500.0,71.0,1849863.625,51.56,14.430623018701361,10.976662367940685,3.961955374176355,10.976662367940685,10.97679912709094,1,0,1,0,1930,1,0,0,1,0,1,0,0,0,1,0,0,0,1,0,0,0
585,1907,1.0,6,62370,62370,49473.0,30.0,4353025.0,30.35,15.286381793408856,11.040855702741002,3.4452142670789296,11.040855702741002,10.809202558038098,0,0,1,0,1900,1,0,0,1,0,1,0,0,1,0,1,0,0,1,0,1,1
586,1960,1.0,1,73296,73296,77800.0,83.0,2709055.0,73.58,14.812110792688198,11.202274959342775,4.311872374750675,11.202274959342775,11.261909563554315,1,0,1,0,1960,1,0,0,1,0,1,0,0,1,1,1,0,0,1,1,0,1
587,1944,1.0,4,99122,99122,50036.0,71.0,14522162.0,179.45,16.4911865232086,11.504116782188833,5.195453731088797,11.504116782188833,10.820518010745284,1,0,1,0,1940,1,0,0,1,0,1,0,0,0,1,0,0,0,1,0,0,0
588,1985,1.0,1,66133,66133,60787.0,71.0,6528948.0,89.94,15.691756538834847,11.09943826575915,4.510199948396864,11.09943826575915,11.015147680053495,1,0,1,0,1980,1,0,0,1,0,1,0,0,0,1,0,0,0,1,0,0,0
589,1952,1.0,2,115668,115668,101752.0,71.0,3847929.5,111.23,15.163046029274065,11.65848794296808,4.720550337028165,11.65848794296808,11.53030358689968,1,0,1,0,1950,1,0,0,1,0,1,0,0,1,1,1,0,0,1,1,0,1
590,1970,1.0,1,141686,141686,152511.0,71.0,6837936.0,46.52,15.737996635918702,11.861375678350848,3.8611506750543896,11.861375678350848,11.934998560458414,0,0,1,0,1970,1,0,0,1,0,1,0,0,0,1,0,0,0,1,0,0,0
591,1950,1.0,1,93610,93610,101278.0,95.0,6612733.0,152.28,15.704507742046198,11.44690317692811,5.03226631422255,11.44690317692811,11.525634363711566,1,0,1,0,1950,1,0,0,1,0,1,0,0,1,0,1,0,0,1,0,1,1
592,1973,1.0,2,156188,156188,141917.0,67.0,7181600.0,60.92,15.787032896669343,11.958822091372728,4.125843229281472,11.958822091372728,11.863004704997659,1,0,1,0,1970,1,0,0,1,0,1,0,1,0,0,1,0,0,1,0,1,1
593,1966,1.0,1,115620,115620,56900.0,11.0,1951856.25,13.61,14.484291913158087,11.658072879621725,2.681706225762608,11.658072879621725,10.949068194652432,0,0,1,0,1960,1,0,0,1,0,1,0,0,1,1,1,0,0,1,1,0,1
594,1975,1.0,5,238148,238148,245240.0,93.0,10775646.0,75.12,16.192799238555086,12.380651807185968,4.332311042427949,12.380651807185968,12.409996679506543,0,0,1,0,1970,1,0,0,1,0,1,0,1,0,0,1,0,0,1,0,1,1
595,1969,1.0,1,71718,71718,71718.0,100.0,151754.2969,1.06,11.930024613749138,11.18051098450976,0.7227059828014898,11.18051098450976,11.18051098450976,0,0,1,0,1960,1,0,0,1,0,1,0,1,1,1,0,0,1,1,0,0,1
596,1969,1.0,1,55450,55450,34206.0,31.0,4843056.0,131.64,15.393056690880424,10.923255026881002,4.887638691386985,10.923255026881002,10.440185580469512,1,0,1,0,1960,1,0,0,1,0,1,0,0,1,1,1,0,0,1,1,0,1
597,1979,1.0,1,54880,54880,55000.0,32.0,3013861.5,89.53,14.918733036689979,10.9129224838081,4.505681287487349,10.9129224838081,10.915106645867503,1,0,1,0,1970,1,0,0,1,0,1,0,1,1,1,0,0,1,1,0,0,1
598,1992,1.0,1,102500,102500,99471.0,81.0,7728856.5,158.55,15.860471608863797,11.537627833610571,5.072357352724253,11.537627833610571,11.507631476509118,1,0,1,0,1990,1,0,1,1,0,1,0,1,1,0,0,0,1,0,0,1,0
599,2002,1.0,6,361398,88498,232685.0,71.0,9158207.0,119.92,16.030161084323872,12.797737890119281,4.795129169911258,11.390746531497154,12.357445184180113,1,0,1,1,2000,1,0,0,0,1,0,0,0,0,1,0,0,1,1,0,1,0
600,1963,1.0,1,50785,50785,27382.0,57.0,7593035.0,195.43,15.84274206939314,10.835376005033337,5.280306133746185,10.835376005033337,10.21767766186868,1,0,1,0,1960,1,0,0,1,0,1,1,0,0,0,0,1,0,0,0,0,0
601,1929,1.0,3,85126,85126,81526.0,1.0,38074932.0,166.13,17.45506669705912,11.351899538036314,5.1187719527008335,11.351899538036314,11.308689532708646,1,0,1,0,1920,1,0,1,1,1,1,0,0,1,0,1,0,0,1,0,1,1
602,2000,1.0,5,303255,283435,321828.0,71.0,11077140.0,99.14,16.220394173496327,12.622332612265962,4.606569206901798,12.554741627105594,12.681775627565797,1,0,1,1,2000,1,0,1,1,1,0,0,0,0,1,0,0,1,1,0,1,0
603,1986,1.0,1,411584,411584,288048.0,43.0,16973858.0,455.39,16.647185012655058,12.927770839129275,6.1233477071431475,12.927770839129275,12.570885883534993,1,0,1,0,1980,1,0,0,1,0,1,0,1,1,1,0,0,1,1,0,0,1
604,1902,1.0,4,73320,73320,27283.0,71.0,1315191.375,29.16,14.089493505669923,11.20260234070406,3.4065165431397553,11.20260234070406,10.21405572877461,1,0,1,0,1900,1,0,0,0,0,1,0,0,0,1,1,0,0,1,1,0,1
605,2008,1.0,4,242686,142510,149081.0,77.0,9683979.0,67.51,16.085983531775664,12.399527826209217,4.226979720014808,11.867174468694074,11.912251769118983,0,0,1,1,2000,1,0,0,1,1,0,0,1,0,0,1,0,0,1,0,1,1
606,1900,1.0,6,95760,79920,95760.0,83.0,5587502.5,74.45,15.536043144301976,11.46961078295093,4.323470185213858,11.288793925756666,11.46961078295093,1,0,1,1,1900,1,0,0,0,0,1,0,0,1,0,1,0,0,1,0,1,1
607,1946,1.0,1,179413,179413,178087.0,57.0,3459543.0,24.12,15.056647346441077,12.097451263466159,3.223664341599998,12.097451263466159,12.090033089130165,0,0,1,0,1940,1,0,0,1,0,1,0,0,1,1,1,0,0,1,1,0,1
608,1917,1.0,1,65288,65288,60000.0,71.0,605971.1875,4.22,13.314589368783713,11.086578847782176,1.6524974018945473,11.086578847782176,11.002116507732017,0,0,1,0,1910,1,0,0,1,0,1,0,0,1,1,1,0,0,1,1,0,1
609,1966,1.0,1,170632,170632,164806.0,98.0,622185.6875,4.2,13.340995467363356,12.047270330269113,1.6486586255873816,12.047270330269113,12.012530371283596,0,0,1,0,1960,1,0,1,1,1,1,0,0,1,1,1,0,0,1,1,0,1
610,1994,1.0,10,381511,381511,220033.0,87.0,11518169.0,106.12,16.259436346446694,12.851897583995706,4.673949701382917,12.851897583995706,12.301537358848126,1,0,1,0,1990,1,0,0,1,1,0,0,1,0,0,1,0,0,1,0,1,1
611,2009,1.0,17,413264,275166,295494.0,91.0,13631141.0,95.03,16.427867585929576,12.93184431266518,4.564660642649882,12.525133465060515,12.596407195211365,0,0,1,1,2000,1,0,0,0,0,1,0,1,0,0,1,0,0,1,0,1,1
612,2009,1.0,6,122400,68100,41624.0,63.0,5034998.5,79.39,15.431923984829929,11.715057818961629,4.386889790339869,11.128747176317603,10.636456227282745,1,0,1,1,2000,1,0,0,0,1,0,0,0,0,1,1,0,0,1,0,1,1
613,1956,1.0,2,93803,93803,85572.0,71.0,5561522.5,110.41,15.53138263948403,11.448962778008331,4.713217090071225,11.448962778008331,11.357125091813558,1,0,1,0,1950,1,0,0,0,1,0,0,1,1,0,0,0,1,0,0,1,0
615,1966,1.0,2,123000,123000,112484.0,47.0,3004271.0,20.94,14.915545833705874,11.719947764402807,3.088311454847084,11.719947764402807,11.6305751584036,0,0,1,0,1960,1,0,0,1,0,1,0,0,1,1,1,0,0,1,1,0,1
616,2003,1.0,5,275130,162150,177748.0,70.0,9941308.0,69.3,16.112209260103217,12.525002626859935,4.252771798816619,11.996283278845649,12.088127721770618,0,0,1,1,2000,1,0,0,0,1,1,0,1,0,1,1,0,1,0,0,0,1
617,1978,1.0,1,60448,60448,52702.0,90.0,1167543.25,27.24,13.970413169305875,11.00955531330892,3.3407394126250414,11.00955531330892,10.872427658905435,1,0,1,0,1970,1,0,0,1,0,1,0,0,1,1,1,0,0,1,1,0,1
618,1994,7.0,14,1765970,1765970,1639334.0,54.0,295929888.0,12307.16,19.505633122745735,14.384211238720159,9.418017736032445,14.384211238720159,14.309801229763092,1,1,1,0,1990,1,0,0,0,1,1,0,1,1,0,1,0,1,0,0,1,1
619,1928,3.0,4,62600,62600,215197.0,71.0,12637976.0,406.04,16.352216886405667,11.044536531401494,6.008911460711703,11.044536531401494,12.279313813546283,1,0,1,0,1920,1,0,0,1,1,0,0,0,0,1,0,0,0,1,0,0,0
620,2004,1.0,4,77412,55800,26400.0,71.0,2740574.75,20.85,14.82367858402774,11.256910004130674,3.084200921541599,10.929547069355774,10.181157167204903,1,0,1,1,2000,1,0,0,0,1,1,0,0,0,1,1,0,0,1,0,0,0
621,1990,1.0,5,289419,130262,146150.0,59.0,12814944.0,133.5,16.366122625925605,12.575634199291983,4.901564199041894,11.77731076269654,11.892395612801307,1,0,1,1,1990,1,0,0,0,1,1,0,1,0,1,1,0,1,0,0,0,1
622,1987,1.0,5,90266,90266,87552.0,18.0,7947933.5,54.18,15.888422641552951,11.410527224107515,4.01060056878914,11.410527224107515,11.379999603260565,0,0,1,0,1980,1,0,1,1,0,0,0,0,0,1,0,0,1,1,0,0,0
623,2004,1.0,4,87332,80874,87332.0,87.0,1185468.125,14.49,13.985649140285101,11.377483677273947,2.740194654428777,11.300660031803202,11.377483677273947,1,0,1,1,2000,1,1,0,0,0,0,0,0,1,1,1,0,0,1,1,0,1
624,2003,1.0,6,150545,100528,100528.0,28.0,13961121.0,453.76,16.451787024561643,11.922023964310814,6.119769807260906,11.518201522070573,11.518201522070573,1,0,1,1,2000,1,0,0,0,1,1,0,0,0,0,1,0,0,0,0,0,1
625,1999,1.0,5,141718,141718,134197.0,71.0,19009360.0,341.23,16.760442100012224,11.861601502787423,5.835483025645868,11.861601502787423,11.80707160027901,1,0,1,0,1990,1,0,0,1,1,0,0,0,0,1,0,0,0,0,0,1,1
626,2008,1.0,5,111856,90583,92000.0,8.0,9495641.0,278.97,16.066343514476728,11.624976548777603,5.634682454571901,11.414032875993875,11.429554725537322,1,0,1,1,2000,1,0,0,1,1,0,0,0,0,0,1,0,0,0,0,0,1
627,1988,1.0,4,132828,132828,132828.0,83.0,1083729.625,7.56,13.895919929177749,11.796817865678426,2.1471001901536506,11.796817865678426,11.796817865678426,0,0,1,0,1980,1,0,0,0,1,1,0,0,1,1,1,0,0,1,1,0,1
628,1970,1.0,1,70400,70400,58047.0,1.0,14128860.0,284.01,16.463730142777546,11.161962746590705,5.652524267372389,11.161962746590705,10.969025533474808,1,0,1,0,1970,1,0,1,1,0,1,0,0,1,1,1,0,0,1,1,0,1
629,1995,1.0,1,101830,101830,130767.0,60.0,11474490.0,295.12,16.255636955628592,11.531069855406209,5.6907647775748975,11.531069855406209,11.781180039755911,1,0,1,0,1990,1,0,1,0,0,0,0,1,1,0,0,0,1,0,0,1,0
631,1974,2.0,4,114000,114000,114000.0,71.0,7575080.0,109.71,15.840374602371844,11.643962499267984,4.706914169871375,11.643962499267984,11.643962499267984,1,0,1,0,1970,1,0,1,0,0,1,0,0,1,0,0,0,0,1,0,0,1
632,2002,1.0,3,338063,338063,180633.0,71.0,20862660.0,259.49,16.853471564118376,12.7309905056533,5.562564472740664,12.7309905056533,12.10422816359713,1,0,1,0,2000,1,0,0,1,0,1,0,0,0,1,0,0,0,1,0,0,0
633,1965,1.0,1,152365,152365,149293.0,88.0,1088167.75,13.07,13.900006795474035,11.934040800231958,2.644044871126298,11.934040800231958,11.91367279517788,1,0,1,0,1960,1,0,1,0,1,0,0,0,1,1,1,0,0,1,1,0,1
634,1910,1.0,6,320946,320946,236359.0,57.0,25585012.0,189.85,17.05751730833142,12.679031279445887,5.251487779191239,12.679031279445887,12.37311134545961,1,0,1,0,1910,1,0,1,0,0,1,0,1,0,1,1,0,1,0,0,0,1
635,1958,1.0,1,74178,74178,74178.0,71.0,5617868.0,134.82,15.541462968467732,11.21423637023015,4.911330479685645,11.21423637023015,11.21423637023015,1,0,1,0,1950,1,0,0,1,0,1,0,1,1,0,0,0,1,0,0,1,0
636,1987,1.0,4,80360,80360,80360.0,96.0,755287.5,16.27,13.53485507444751,11.294284262853436,2.848970892158587,11.294284262853436,11.294284262853436,1,0,1,0,1980,1,0,1,1,0,0,0,0,1,1,1,0,0,1,1,0,1
638,1996,1.0,3,119190,119190,46280.0,71.0,10434333.0,267.0,16.16061227278628,11.68848252740716,5.5909869805108565,11.68848252740716,10.742486788680049,1,0,1,0,1990,1,0,0,0,1,1,1,0,0,0,0,1,0,0,0,0,0
639,2008,1.0,2,51856,51856,48103.0,71.0,1935438.625,13.51,14.475845055023258,10.856245209366943,2.6748380668960965,10.856245209366943,10.781120612719405,0,0,1,0,2000,1,0,0,1,0,1,0,0,0,1,0,0,0,1,0,1,0
640,1921,1.0,3,66138,53552,26044.0,3.0,7070998.5,49.29,15.77151239987502,11.09951386697788,3.9178062501838733,10.888427096715661,10.167581090179292,0,0,1,1,1920,1,0,0,1,0,1,0,0,0,1,1,0,0,1,0,1,1
641,1960,1.0,3,113944,65434,65434.0,1.0,17877436.0,128.73,16.69904997291582,11.643471154816872,4.865455367582921,11.088812562489581,11.088812562489581,1,0,1,1,1960,1,0,0,0,1,0,0,1,0,0,1,0,0,1,0,1,1
644,2000,1.0,3,93079,56986,91064.0,32.0,2090011.625,25.6,14.552680664592605,11.441214617416229,3.2809112157876537,10.95057845062929,11.419328816232644,1,0,1,1,2000,1,0,0,1,0,0,1,0,0,1,1,0,1,1,0,1,1
651,1957,1.0,2,22220,22220,22220.0,90.0,891251.5,31.74,13.700383055755797,10.008793066681399,3.4885975719429885,10.008793066681399,10.008793066681399,1,0,1,0,1950,1,0,0,0,1,0,0,1,1,1,1,0,1,1,1,0,0
656,1962,1.0,1,44700,44700,23751.0,71.0,2173092.25,30.52,14.5916621713413,10.707751151716078,3.4506222649896783,10.707751151716078,10.075422016443596,1,0,1,0,1960,1,0,0,1,0,1,0,0,0,1,1,0,0,1,0,1,1
657,1976,1.0,1,44100,44100,40000.0,1.0,1692054.125,11.29,14.34145439840483,10.694237736914808,2.5087859235779435,10.694237736914808,10.596659732783579,0,0,1,0,1970,1,0,0,1,0,1,0,0,1,1,1,0,0,1,1,0,1
658,1965,1.0,1,27800,27800,27800.0,13.0,1337789.75,24.39,14.106530117305569,10.2328272702548,3.234355395716587,10.2328272702548,10.2328272702548,1,0,1,0,1960,1,0,0,1,0,1,0,1,1,1,0,0,1,1,0,0,1
660,2001,1.0,1,46340,46340,46340.0,3.0,2564004.0,17.87,14.757081047098799,10.743782377382361,2.9375733593804587,10.743782377382361,10.743782377382361,0,0,1,0,2000,1,0,0,1,0,1,0,0,1,1,1,0,0,1,1,0,1
663,1910,1.0,3,38460,38460,38460.0,69.0,2064345.875,36.02,14.540324451056183,10.557400019844792,3.6114583071453517,10.557400019844792,10.557400019844792,1,0,1,0,1910,1,0,1,0,0,1,0,0,1,0,1,0,0,1,0,1,1
669,1922,1.0,2,21022,21022,21022.0,54.0,1078904.0,43.84,13.891457195878493,9.953372355465126,3.8031005982039594,9.953372355465126,9.953372355465126,1,0,1,0,1920,1,0,1,0,0,0,0,1,1,1,1,0,1,1,1,0,0
680,1967,1.0,1,48001,48001,48001.0,49.0,2495909.5,86.46,14.730164150456769,10.778997955688663,4.471181545984774,10.778997955688663,10.778997955688663,1,0,1,0,1960,1,0,0,1,0,1,0,1,1,1,0,0,1,1,0,0,1
681,1979,1.0,1,26380,26380,23620.0,71.0,526955.3125,3.58,13.174872925605257,10.18039933305852,1.5216989981260935,10.18039933305852,10.069891425857708,1,0,1,0,1970,1,0,0,1,0,1,0,0,1,1,1,0,0,1,1,0,1
682,1969,1.0,1,37351,37351,29551.0,10.0,2832228.5,77.04,14.856574768647928,10.528141736650772,4.357221515754911,10.528141736650772,10.29390670243902,1,0,1,0,1960,1,0,0,1,0,1,0,0,1,1,1,0,0,1,1,0,1
683,1981,1.0,1,30375,30375,30375.0,73.0,345866.6875,2.41,12.75381157483465,10.321408101911638,1.2267122912954254,10.321408101911638,10.321408101911638,0,0,1,0,1980,1,0,0,1,0,1,0,0,1,1,1,0,0,1,1,0,1
684,1979,1.0,1,30004,30004,24280.0,71.0,369291.5,2.57,12.81934429194231,10.309119313423613,1.2725655957915476,10.309119313423613,10.097449430486758,0,0,1,0,1970,1,0,0,1,0,1,0,0,1,1,1,0,0,1,1,0,1
687,1928,1.0,3,39971,39971,36185.0,71.0,11316338.0,416.07,16.24175816853706,10.59593448798168,6.033254073418364,10.59593448798168,10.496427582679042,1,0,1,0,1920,1,0,0,0,1,0,0,0,0,1,0,0,0,1,0,0,0
689,1914,1.0,2,33589,33589,33589.0,90.0,606874.5,21.93,13.316078941920281,10.421983682606339,3.132446096869813,10.421983682606339,10.421983682606339,1,0,1,0,1910,1,0,0,1,1,1,0,1,1,1,1,0,1,1,1,0,0
692,1979,1.0,3,43500,43500,43495.0,46.0,3220635.25,22.65,14.985089491169335,10.680539205318292,3.1633631149379418,10.680539205318292,10.680424258825756,1,0,1,0,1970,1,0,0,1,1,1,0,0,1,0,1,0,0,1,0,1,1
693,1978,1.0,2,28492,28492,28492.0,12.0,2000228.875,37.78,14.508772669419411,10.257413722053586,3.6579046498145056,10.257413722053586,10.257413722053586,1,0,1,0,1970,1,0,0,1,1,1,0,0,1,0,1,0,0,1,0,1,1
694,1963,1.0,3,22325,22325,18000.0,71.0,1401315.875,9.77,14.15292297747501,10.013507197574677,2.3767644911682972,10.013507197574677,9.798182590890704,0,0,1,0,1960,1,0,0,1,1,1,0,0,1,0,1,0,0,1,0,1,1
695,1977,1.0,3,22719,22719,22719.0,71.0,1358519.0,9.47,14.121906429860156,10.031000872835088,2.3485140248824456,10.031000872835088,10.031000872835088,0,0,1,0,1970,1,0,0,1,1,1,1,0,1,0,0,0,1,1,1,0,1
697,1946,1.0,2,44588,22588,69000.0,71.0,7251589.0,50.55,15.796731313130687,10.705242470817005,3.942552210462969,10.025218341107275,11.141876276228,0,0,1,1,1940,1,0,0,0,0,1,1,0,0,0,1,0,1,1,1,1,1
715,1917,1.0,2,147545,147545,147545.0,69.0,7339108.0,169.75,15.808728003576602,11.901895270549195,5.140200498450899,11.901895270549195,11.901895270549195,1,0,1,0,1910,1,0,0,0,0,1,0,1,1,0,0,0,1,0,0,1,0
716,1923,1.0,2,21462,21462,25778.0,71.0,1207838.75,7.77,14.004343991392373,9.974085801381666,2.1713368063840917,9.974085801381666,10.157315485981332,0,0,1,0,1920,1,0,1,1,0,0,0,0,0,1,0,0,0,1,0,0,0
726,1917,1.0,2,28072,28072,23835.0,71.0,1587238.0,63.48,14.27750658678345,10.242563539313103,4.166355098198372,10.242563539313103,10.07895232186687,1,0,1,0,1910,1,0,1,0,0,0,0,0,0,1,0,0,0,0,1,1,0
730,1955,1.0,2,31020,31020,31020.0,71.0,5231756.5,207.6,15.470257821656626,10.3424196734772,5.340418542566672,10.3424196734772,10.3424196734772,1,0,1,0,1950,1,0,0,0,0,1,1,0,1,0,0,0,1,1,1,0,1
731,1917,1.0,2,21600,21600,14400.0,71.0,1636649.125,29.62,14.308162104126875,9.980494888896912,3.4216533902295376,9.980494888896912,9.575052927597383,1,0,1,0,1910,1,0,0,0,0,1,0,0,1,0,1,0,0,1,0,1,1
732,1974,1.0,5,61825,48505,37993.0,59.0,4673727.5,141.2,15.357467705102408,11.032079266945424,4.95723451736914,10.789442780614165,10.545183531504994,1,0,1,1,1970,1,0,0,0,0,1,0,0,1,0,1,0,0,1,0,1,1
735,1942,1.0,3,64630,64630,64630.0,96.0,1408291.375,9.82,14.15788844684215,11.07644945082794,2.3813962734183356,11.07644945082794,11.07644945082794,0,0,1,0,1940,1,0,0,0,0,1,0,0,1,0,1,0,0,1,0,1,1
736,1948,1.0,2,20920,20920,20920.0,15.0,1208581.375,42.19,14.00495863981468,9.948508718183648,3.7656089869726097,9.948508718183648,9.948508718183648,1,0,1,0,1940,1,0,0,0,0,1,0,1,1,1,1,0,1,1,1,0,0
742,1926,1.0,2,22128,22128,22128.0,94.0,727772.8125,25.24,13.49774558178709,10.004644244495866,3.267284964075888,10.004644244495866,10.004644244495866,1,0,1,0,1920,1,0,1,0,1,0,0,1,1,1,1,0,1,1,1,0,0
745,1968,1.0,1,48139,48139,40000.0,98.0,959683.125,24.02,13.774359472841313,10.781868711337063,3.219675505038765,10.781868711337063,10.596659732783579,1,0,1,0,1960,1,0,1,0,0,0,0,1,1,0,0,0,1,0,0,1,0
750,1949,1.0,2,21364,21364,15364.0,86.0,1110209.25,43.8,13.920059969766285,9.969509348078125,3.8022081394209395,9.969509348078125,9.639847474564585,1,0,1,0,1940,1,0,1,0,1,0,0,1,1,1,1,0,1,1,1,0,0
768,1992,1.0,2,28923,28923,28800.0,71.0,508430.5938,15.27,13.139085959954329,10.272426979294842,2.7893229212309465,10.272426979294842,10.268165387743457,1,0,1,0,1990,1,0,0,0,0,1,0,0,1,0,0,0,0,1,0,0,1
770,1928,1.0,3,21600,21600,21600.0,71.0,359207.1875,6.33,12.791657408858649,9.980494888896912,1.9919755158985601,9.980494888896912,9.980494888896912,1,0,1,0,1920,1,0,0,0,0,1,0,0,1,0,0,0,0,1,0,0,1
773,1996,1.0,1,25735,25735,25691.0,82.0,1245673.0,18.1,14.035187306857377,10.155646068918863,2.9496883350525844,10.155646068918863,10.153934938377683,1,0,1,0,1990,1,0,0,0,1,0,0,1,1,0,0,0,1,0,0,1,0
775,1956,1.0,2,25862,25862,25562.0,20.0,4765879.0,154.17,15.376992757977222,10.160568654878034,5.044521290095393,10.160568654878034,10.148901272496065,1,0,1,0,1950,1,0,0,0,1,0,0,1,1,0,0,0,1,0,0,1,0
776,2003,1.0,2,49965,49965,47465.0,82.0,3424428.0,29.54,15.04644530045145,10.819098053105419,3.4190372997904865,10.819098053105419,10.767768944249452,1,0,1,0,2000,1,0,0,0,1,0,0,1,1,0,0,0,1,0,0,1,0
780,1929,1.0,2,20028,20028,20028.0,95.0,550668.125,14.22,13.2188894086707,9.904936502301233,2.7226103524335397,9.904936502301233,9.904936502301233,0,1,1,0,1920,1,0,0,0,0,1,0,0,1,0,1,0,0,1,0,1,1
782,1900,1.0,7,23622,23622,26195.0,100.0,575362.5,9.95,13.262757293954778,10.069976092693759,2.3933394562625097,10.069976092693759,10.173362006337944,1,0,1,0,1900,1,0,0,0,0,1,0,0,1,0,1,0,0,1,0,1,1
783,1902,1.0,3,23563,23563,20183.0,67.0,883197.6875,6.16,13.691305468430494,10.067475402641579,1.9685099809725544,10.067475402641579,9.912645490320894,0,0,1,0,1900,1,0,0,0,0,1,0,0,1,0,1,0,0,1,0,1,1
784,1903,1.0,3,28600,28600,12000.0,71.0,1167559.75,24.25,13.970427301432697,10.261196961231647,3.228826155721369,10.261196961231647,9.392745258631441,1,0,1,0,1900,1,0,0,0,0,1,0,0,0,1,1,0,0,1,0,1,1
785,1978,1.0,2,38539,26160,15549.0,55.0,2249630.25,15.24,14.626276871860462,10.559451941968357,2.787477334733532,10.172025031140222,9.65181591760738,0,0,1,1,1970,1,0,0,0,0,1,0,0,0,1,1,0,1,0,0,1,0
786,1906,1.0,5,26840,26840,29040.0,24.0,1997288.75,13.87,14.507301694511991,10.197685848215706,2.6993457604720636,10.197685848215706,10.27646390360756,0,0,1,0,1900,1,0,0,0,0,1,0,0,1,0,1,0,0,1,0,1,1
787,1906,1.0,2,46800,46800,36019.0,86.0,1245187.5,8.68,14.03479748204276,10.753659849198824,2.2700619012884857,10.753659849198824,10.491829618729946,0,0,1,0,1900,1,0,0,0,0,1,0,1,1,0,0,0,1,0,0,1,0
788,1979,1.0,3,63990,37350,39000.0,51.0,2067352.5,14.63,14.541779844844612,11.066497727453186,2.749192144433385,10.528114963964265,10.571342565808699,1,0,1,1,1970,1,0,0,0,0,1,0,0,1,0,1,0,0,1,0,1,1
789,1908,1.0,3,28800,28800,21600.0,50.0,1423579.25,28.81,14.16868555924293,10.268165387743457,3.39484390768998,10.268165387743457,9.980494888896912,1,0,1,0,1900,1,0,0,0,0,1,0,0,1,0,1,0,0,1,0,1,1
792,1954,1.0,3,33552,28584,26556.0,75.0,1817034.125,60.43,14.412716678506817,10.42088155718015,4.117898315175836,10.260637383698072,10.187048645403605,1,0,1,1,1950,1,0,0,0,0,1,0,0,1,0,1,0,0,1,0,1,1
793,1931,1.0,2,26270,26270,26270.0,32.0,1667641.25,33.78,14.326921360479778,10.176220948190334,3.549042508926137,10.176220948190334,10.176220948190334,1,0,1,0,1930,1,0,0,0,0,1,0,1,1,0,0,0,1,0,0,1,0
794,1926,1.0,3,57620,49800,49800.0,50.0,2385395.0,16.63,14.684875706257689,10.961642363572961,2.869601996409779,10.815790343132422,10.815790343132422,0,0,1,1,1920,1,0,0,0,0,1,0,0,1,0,1,0,0,1,0,1,1
796,1954,1.0,2,28696,22616,12960.0,71.0,450780.1875,2.92,13.018737328910522,10.264547866667387,1.366091653802371,10.026457114879811,9.469700127423375,0,0,1,1,1950,1,0,0,0,0,1,0,0,0,1,1,0,0,1,0,0,0
797,1990,1.0,5,57800,57800,57800.0,87.0,2466522.25,66.29,14.718320125924091,10.96476135554887,4.209011637200227,10.96476135554887,10.96476135554887,1,0,1,0,1990,1,0,0,0,0,1,0,0,0,0,1,0,0,0,0,0,1
805,1955,1.0,2,31890,31890,31160.0,2.0,1788951.625,12.95,14.397140880865766,10.37007911730487,2.6354795082673745,10.37007911730487,10.346922591895922,0,0,1,0,1950,1,0,0,0,0,1,0,0,0,1,0,0,1,1,0,0,0
806,1925,1.0,2,44098,30438,25920.0,53.0,1523175.125,41.69,14.23630826865795,10.694192385440877,3.7539647007698704,10.32347995992483,10.162808729968926,0,1,1,1,1920,1,0,0,0,0,1,0,0,1,0,1,0,0,1,0,1,1
807,1923,1.0,3,22381,22381,22381.0,71.0,3625967.75,126.78,15.103632051947606,10.016012343377973,4.850310035174197,10.016012343377973,10.016012343377973,1,0,1,0,1920,1,0,0,0,0,1,1,0,1,0,0,0,1,1,1,0,1
809,1926,1.0,4,49249,49249,40584.0,71.0,33092532.0,1266.06,17.31481822577437,10.804664646600235,7.1444545351588395,10.804664646600235,10.611153819195277,1,0,1,0,1920,1,0,0,0,0,1,1,0,0,0,1,0,1,1,1,1,1
810,1925,1.0,1,24825,23562,13940.0,71.0,485607.1875,11.14,13.093157379170131,10.119646770075892,2.4965057856313524,10.067432964124373,9.542589417753089,1,0,1,1,1920,1,0,0,0,0,1,0,1,1,0,0,0,1,0,0,1,0
815,1952,1.0,4,26670,26670,26670.0,51.0,1640803.5,10.83,14.31069722830115,10.191332111786215,2.4706386779902956,10.191332111786215,10.191332111786215,1,0,1,0,1950,1,0,0,0,0,1,0,1,0,1,1,0,1,0,0,0,1
819,1922,1.0,2,37740,37740,38939.0,71.0,3356598.0,86.02,15.026438816935658,10.538502315656821,4.466137977292534,10.538502315656821,10.56977727892619,1,0,1,0,1920,1,0,0,0,0,1,0,0,0,1,0,1,0,1,0,1,0
828,1965,1.0,1,23752,23752,14317.0,71.0,1199844.875,30.33,13.997703669009427,10.075464117275093,3.4445761049641,10.075464117275093,9.56927276595613,1,0,1,0,1960,1,0,0,0,0,1,0,0,1,0,1,0,0,1,0,1,1
829,1967,1.0,4,44416,44416,52668.0,61.0,2736926.5,72.78,14.822346498815568,10.701377558022253,4.3010876921685295,10.701377558022253,10.871782326157078,1,0,1,0,1960,1,0,0,0,0,1,0,0,0,0,1,0,0,0,0,0,1
830,2006,1.0,2,33792,10925,8969.0,71.0,2622096.5,30.6,14.779485127969116,10.428008959431105,3.4531571205928664,9.298900548955663,9.101640955052842,1,0,1,1,2000,1,0,0,0,0,1,0,0,0,1,1,0,0,0,1,1,0
847,1928,1.0,2,45991,45991,45991.0,77.0,1297917.25,36.43,14.076272192752738,10.736222747303128,3.6224725219163374,10.736222747303128,10.736222747303128,1,0,1,0,1920,1,1,0,0,0,1,0,1,1,1,1,0,1,1,1,0,0
859,1989,1.0,2,20384,20384,25021.0,16.0,1781798.375,13.91,14.393134296499733,9.922554615253354,2.702032128776647,9.922554615253354,10.127510716877346,1,0,1,0,1980,1,0,0,0,1,0,0,0,1,0,1,0,0,1,0,1,1
861,1956,1.0,2,39265,39265,31905.0,71.0,5322918.5,47.12,15.487532488989629,10.578114283458694,3.873697891106478,10.578114283458694,10.370549358860943,1,0,1,0,1950,1,0,0,0,1,0,0,1,1,0,0,0,1,0,0,1,0
862,1956,1.0,2,54284,54284,52784.0,18.0,6890861.0,63.61,15.745706744017792,10.902003224665952,4.168369197570074,10.902003224665952,10.873982338423795,1,0,1,0,1950,1,0,0,0,1,0,0,1,1,0,0,0,1,0,0,1,0
863,1956,1.0,1,23409,23409,21909.0,67.0,2621259.25,28.41,14.779165771538738,10.060918560484957,3.3813347525659037,10.060918560484957,9.994698432589512,1,0,1,0,1950,1,0,0,0,1,0,0,1,1,0,0,0,1,0,0,1,0
864,1997,1.0,1,63153,63153,59396.0,71.0,4670313.0,47.66,15.356736865072094,11.053331467023655,3.8848573373553763,11.053331467023655,10.991998999024808,1,0,1,0,1990,1,0,0,0,1,0,0,1,1,0,0,0,1,0,0,1,0
867,1961,2.0,2,24100,24100,30910.0,91.0,1640279.375,46.57,14.310377745554177,10.090008612393838,3.8622023104441903,10.090008612393838,10.338867386592495,1,0,1,0,1960,1,0,0,0,1,0,0,0,0,0,1,0,0,0,0,0,1
868,1923,1.0,3,33600,33600,19200.0,71.0,4712960.5,101.99,15.365827036977956,10.422311107413181,4.63463189613771,10.422311107413181,9.862717639992917,1,0,1,0,1920,1,0,0,0,0,1,1,0,1,0,0,0,1,1,1,0,1
873,1927,1.0,4,32356,32356,25876.0,81.0,2013033.75,74.92,14.515153967264782,10.38458565982913,4.3296801543016725,10.38458565982913,10.16110982226658,0,1,1,0,1920,1,0,0,0,0,1,0,0,0,1,0,0,1,1,0,0,0
874,1960,1.0,7,61180,48220,61180.0,24.0,4077797.0,126.3,15.221067694804349,11.021591962782166,4.846546505563361,10.783549889802996,11.021591962782166,1,0,1,1,1960,1,0,0,0,0,1,0,0,0,0,1,0,0,0,0,0,1
875,1978,1.0,5,43506,32256,32569.0,51.0,3603400.0,99.15,15.097388679679378,10.680677123670845,4.606669062111827,10.381490352934616,10.391146898270279,1,0,1,1,1970,1,0,0,0,0,1,0,0,1,0,1,0,0,1,0,1,1
883,1948,1.0,2,21393,21393,21393.0,57.0,981916.5,32.64,13.797262571587419,9.970865787866076,3.5157158351047473,9.970865787866076,9.970865787866076,1,0,1,0,1940,1,1,0,0,0,1,0,1,1,1,1,0,1,1,1,0,0
887,1990,1.0,2,47560,47560,23146.0,80.0,1221954.375,33.23,14.015962900043606,10.769768376656003,3.533102452542094,10.769768376656003,10.04962046148409,1,0,1,0,1990,1,0,1,0,1,1,0,0,0,1,1,0,1,1,0,0,1
888,2006,1.0,6,62334,62334,35696.0,100.0,1147752.25,34.98,13.953316893734556,11.040278344779075,3.582963228522387,11.040278344779075,10.482821930623263,1,0,1,0,2000,1,0,0,0,1,1,0,1,0,1,0,0,1,0,0,0,0
894,1910,1.0,3,28800,28800,28800.0,71.0,773795.625,8.45,13.559064359646895,10.268165387743457,2.2460147415056513,10.268165387743457,10.268165387743457,1,0,1,0,1910,1,0,0,0,0,1,0,0,1,0,0,0,0,1,0,0,1
895,1957,1.0,2,21600,21600,21600.0,72.0,1415640.0,38.87,14.16309299001792,9.980494888896912,3.6856241613932634,9.980494888896912,9.980494888896912,1,0,1,0,1950,1,0,0,0,0,1,0,1,0,0,0,0,0,1,1,1,0
896,1995,1.0,3,22860,22860,22860.0,43.0,990507.3125,6.49,13.805973537311676,10.03718768092397,2.0135687975291283,10.03718768092397,10.03718768092397,0,0,1,0,1990,1,0,0,0,0,1,0,1,0,0,0,0,0,1,1,1,0
900,1972,1.0,1,26366,26366,26386.0,88.0,996850.0,32.22,13.812356589430424,10.179868507232754,3.503152104185149,10.179868507232754,10.18062674361135,1,0,1,0,1970,1,0,0,0,1,0,0,1,1,1,1,0,1,1,1,0,0
904,1965,1.0,2,21732,21732,21732.0,2.0,942745.6875,23.59,13.756552901457576,9.986587121705702,3.202339856228101,9.986587121705702,9.986587121705702,1,0,1,0,1960,1,0,1,0,1,1,0,1,1,1,1,0,1,1,1,0,0
911,1945,1.0,1,21060,21060,10495.0,71.0,380806.5938,6.69,12.850049523402195,9.955178267941482,2.0399207835175526,9.955178267941482,9.25874951118387,1,0,1,0,1940,1,0,0,1,1,1,0,0,0,1,1,0,0,1,1,0,1
912,1960,1.0,4,20539,20539,7387.0,71.0,1695247.625,37.31,14.34333996945595,9.930129483482549,3.6457109587125576,9.930129483482549,8.90761234131913,1,0,1,0,1960,1,0,0,1,1,1,0,0,0,1,1,0,1,0,0,1,0
921,1900,1.0,3,32960,32960,32960.0,71.0,813641.0,5.67,13.609275744802975,10.403080323368991,1.8976198599275322,10.403080323368991,10.403080323368991,0,0,1,0,1900,1,0,0,0,1,0,0,1,1,0,0,0,1,0,0,1,0
922,1921,1.0,3,29636,29636,25096.0,71.0,688641.8125,4.8,13.442478001203957,10.296778859712584,1.7578579175523736,10.296778859712584,10.130503596064212,0,0,1,0,1920,1,0,0,0,1,0,0,0,0,1,0,0,0,0,0,1,1
923,1930,1.0,3,20571,20571,20571.0,72.0,759756.5,4.99,13.540754582398627,9.931686206894806,1.7900914121273581,9.931686206894806,9.931686206894806,0,0,1,0,1930,1,0,0,0,1,0,0,0,0,0,1,0,0,0,0,0,1
932,1926,1.0,2,47992,47992,37800.0,17.0,3518393.25,118.37,15.073515264515724,10.77881044592198,4.782227913106947,10.77881044592198,10.540090836284206,1,0,1,0,1920,1,0,0,0,1,0,0,1,1,1,1,0,1,1,1,0,0
963,2012,1.0,2,84116,57619,55000.0,68.0,2641681.75,20.08,14.78692667736905,11.339963965842596,3.0483247236731614,10.961625008638519,10.915106645867503,1,0,1,1,2010,1,0,0,1,0,0,0,0,1,0,1,0,0,1,0,1,1
964,1925,1.0,9,104000,104000,96000.0,8.0,9037184.0,355.8,16.01685829006993,11.552155793461898,5.8771754007058545,11.552155793461898,11.472113887062386,1,1,1,0,1920,1,0,0,0,0,1,0,0,0,0,1,0,0,0,0,0,1
966,1981,1.0,3,78374,78374,58665.0,98.0,3397766.5,23.15,15.03862915627155,11.269260277935222,3.184284380098582,11.269260277935222,10.979615621651249,0,0,1,0,1980,1,0,1,0,1,1,0,1,0,1,0,0,1,0,0,0,0
968,2007,1.0,2,38784,38784,16826.0,71.0,1894318.875,26.11,14.454370427063653,10.565788852924973,3.299902663510574,10.565788852924973,9.730740018176446,1,0,1,0,2000,1,0,0,1,1,1,0,0,0,1,1,0,0,1,1,0,1
972,1969,1.0,2,41790,41790,21790.0,71.0,2283131.0,33.37,14.641058742500157,10.640436284325322,3.5371840908617425,10.640436284325322,9.989252319496922,1,0,1,0,1960,1,0,0,1,0,1,0,0,0,1,0,0,0,0,1,1,0
973,1900,1.0,5,39960,39960,37120.0,77.0,2388675.5,49.98,14.686250004832468,10.595659257474393,3.9314333989479695,10.595659257474393,10.521938126192444,1,0,1,0,1900,1,0,0,0,0,1,0,0,1,0,1,0,0,1,0,1,1
974,1900,1.0,5,33300,33300,24000.0,71.0,90558.70313,0.63,11.413764615273509,10.413342705547674,0.48858001481867097,10.413342705547674,10.085850775128717,0,0,1,0,1900,1,0,0,0,0,1,0,0,1,1,1,0,0,1,1,0,1
975,1926,1.0,11,36240,36240,36240.0,98.0,2390584.0,120.91,14.687048663830913,10.497946353595198,4.803283067577055,10.497946353595198,10.497946353595198,1,1,1,0,1920,1,0,0,0,0,1,0,0,0,0,1,0,0,0,0,0,1
976,1922,1.0,3,39320,32360,39320.0,71.0,3269279.75,145.48,15.000080564551538,10.579514006287654,4.986888900366255,10.384709273043539,10.579514006287654,1,1,1,1,1920,1,0,0,0,0,1,0,0,0,1,0,0,0,0,1,1,0
978,1908,1.0,5,41536,41536,41536.0,71.0,2735166.0,19.07,14.82170305230318,10.634339875274723,2.9992261628082466,10.634339875274723,10.634339875274723,0,0,1,0,1900,1,0,0,0,0,1,0,0,0,1,0,1,0,1,0,1,1
980,1909,1.0,6,35820,35820,35820.0,94.0,3547995.75,130.58,15.081893706402168,10.486289592589621,4.879615031657852,10.486289592589621,10.486289592589621,1,0,1,0,1900,1,0,0,0,0,1,0,0,0,0,1,0,0,0,0,0,1
982,1922,1.0,2,33462,33462,57896.0,76.0,4719841.5,185.23,15.367285988360925,10.41819562981634,5.226982468943414,10.41819562981634,10.96642084874722,1,0,1,0,1920,1,0,1,0,1,0,0,1,0,0,0,0,0,1,1,1,0
983,1965,1.0,3,49744,49744,49744.0,98.0,2421669.75,89.29,14.699968252483542,10.81466523502346,4.503026712319388,10.81466523502346,10.81466523502346,1,0,1,0,1960,1,0,1,0,1,0,0,1,0,0,0,0,0,1,1,1,0
984,1923,1.0,2,37816,37816,19407.0,60.0,1565229.75,43.45,14.263543815177036,10.540514015956738,3.794364961959914,10.540514015956738,9.873440631183831,1,0,1,0,1920,1,0,1,0,1,0,0,1,1,1,1,0,1,1,1,0,0
985,1926,1.0,2,23315,23315,7758.0,71.0,1490972.375,35.04,14.214939736444578,10.056895099165441,3.584629432740137,10.056895099165441,8.95660873889395,1,0,1,0,1920,1,0,1,0,1,0,0,0,0,1,1,0,0,1,0,1,1
986,1930,1.0,2,20700,20700,6900.0,71.0,4345884.5,188.67,15.284740093386102,9.937937287265354,5.245285719996231,9.937937287265354,8.839421607620602,1,0,1,0,1930,1,0,1,0,1,0,0,0,0,1,1,0,0,1,1,0,1
989,1948,1.0,1,41521,28397,26241.0,71.0,3563789.75,100.21,15.086335353728002,10.633978686236494,4.61719756620081,10.254073999134302,10.175116459665661,1,0,1,1,1940,1,0,1,0,1,0,0,0,0,1,0,1,0,0,1,1,1
990,1946,1.0,2,25762,25762,25762.0,100.0,1906384.875,13.29,14.46071979548618,10.156694633064722,2.659559991941776,10.156694633064722,10.156694633064722,0,0,1,0,1940,1,0,1,0,1,0,1,0,0,0,0,1,0,0,0,0,0
992,1984,1.0,1,33334,33334,50000.0,71.0,6405464.5,210.3,15.672662168267712,10.414363175052161,5.353278924622011,10.414363175052161,10.819798284210286,1,0,1,0,1980,1,0,1,0,1,0,0,0,0,1,0,0,0,0,1,0,1
993,1981,1.0,3,43387,43387,45000.0,60.0,2695090.5,34.15,14.80694271351141,10.677938184160109,3.5596246182566738,10.677938184160109,10.714439990727769,1,0,1,0,1980,1,0,1,0,1,0,0,0,1,0,1,0,0,1,0,1,1
1000,1979,1.0,1,39350,39350,19271.0,71.0,267135.0938,1.86,12.495513522128764,10.580276666483256,1.0508216248317612,10.580276666483256,9.866408544294707,0,0,1,0,1970,1,0,1,1,0,0,0,0,0,1,1,1,0,0,0,0,0
1002,1949,1.0,1,22405,22405,11000.0,71.0,3556717.25,134.57,15.08434883778488,10.017084059118668,4.909488112091298,10.017084059118668,9.305741456739435,1,0,1,0,1940,1,0,1,1,0,0,0,0,0,1,0,0,0,1,0,0,0
1007,2013,1.0,1,32590,32590,32590.0,71.0,1505296.875,43.13,14.224501360168864,10.39179145561983,3.7871398232814557,10.39179145561983,10.39179145561983,1,0,1,0,2010,1,0,1,1,0,0,0,0,0,1,0,0,0,1,0,0,0
1010,1985,1.0,1,37500,37500,61419.0,36.0,1908057.875,13.16,14.461596987432543,10.53212287826962,2.6504210882655737,10.53212287826962,11.025490793994813,1,0,1,0,1980,1,0,0,1,0,1,0,0,1,1,1,0,0,1,1,0,1
1011,1990,1.0,2,39000,39000,39000.0,25.0,2654904.25,33.92,14.791919524639068,10.571342565808699,3.5530597309714014,10.571342565808699,10.571342565808699,1,0,1,0,1990,1,0,1,0,0,1,0,1,0,1,1,0,1,0,0,0,1
1012,1924,1.0,1,22180,22180,14000.0,71.0,5211179.5,147.0,15.466316971556669,10.006991345550789,4.997212273764115,10.006991345550789,9.546884034617925,1,0,1,0,1920,1,0,1,0,1,0,0,0,0,1,0,0,0,1,1,1,1
1017,1969,1.0,1,25920,25920,19277.0,71.0,1212529.75,12.48,14.008220262296938,10.162808729968926,2.601207105484161,10.162808729968926,9.866719828343914,1,0,1,0,1960,1,0,0,1,0,1,0,1,1,1,0,0,1,1,0,0,1
1018,1953,1.0,1,25480,25480,25480.0,71.0,741287.1875,5.17,13.516144745673657,10.145688355383795,1.8196988379172965,10.145688355383795,10.145688355383795,0,0,1,0,1950,1,0,0,1,0,1,1,0,0,1,0,1,0,0,1,0,1
1019,1970,1.0,2,31000,31000,31000.0,71.0,2315087.75,19.93,14.654958581700676,10.34177474101152,3.0411835364579085,10.34177474101152,10.34177474101152,1,0,1,0,1970,1,0,0,1,0,1,0,0,1,1,1,0,0,1,1,0,1
1020,1961,1.0,1,29740,29740,17804.0,57.0,1533262.0,19.82,14.242908702173956,10.300281844196661,3.035914063186823,10.300281844196661,9.787234595711878,1,0,1,0,1960,1,0,0,1,0,1,0,0,1,0,1,0,0,1,0,1,1
1021,1954,1.0,1,23236,23236,20736.0,71.0,484136.8125,13.02,13.090124881739253,10.053501114853614,2.640484881606444,10.053501114853614,9.93967482329784,1,0,1,0,1950,1,0,0,1,0,1,0,1,1,1,0,0,1,1,0,0,1
1022,2009,1.0,3,38075,38075,29035.0,71.0,2035301.25,19.04,14.526154891628494,10.547339441371197,2.997730276216664,10.547339441371197,10.276291718404732,1,0,1,0,2000,1,0,1,0,1,1,0,0,1,0,1,0,0,1,0,1,1
1024,1970,1.0,2,39170,39170,35500.0,81.0,2252219.5,63.06,14.627427176414809,10.575691956076149,4.159820144181012,10.575691956076149,10.477316144080852,1,0,1,0,1970,1,0,1,0,1,1,0,0,1,0,1,0,0,1,0,1,1
1025,1977,1.0,1,36070,36070,66597.0,71.0,1542945.125,10.05,14.249204214987188,10.493244497383538,2.402430427963762,10.493244497383538,11.10642982604754,0,0,1,0,1970,1,0,1,0,1,1,0,0,0,1,0,1,0,0,1,1,1
1027,1963,1.0,2,20047,20047,20047.0,71.0,128383.8984,0.82,11.762788049613798,9.90588467713585,0.598836501088704,9.90588467713585,9.90588467713585,0,0,1,0,1960,1,0,1,0,1,1,0,0,0,1,0,1,0,0,0,1,0
1030,1914,1.0,1,20000,20000,20000.0,75.0,557863.6875,3.89,13.231871716436942,9.90353755128617,1.5871923034867808,9.90353755128617,9.90353755128617,0,0,1,0,1910,1,0,0,1,0,1,0,1,1,0,0,0,1,0,0,1,0
1031,1955,1.0,2,32400,32400,32700.0,91.0,248616.0,1.73,12.42366883866523,10.385944565501662,1.0043016091968684,10.385944565501662,10.39516093745751,0,0,1,0,1950,1,0,0,1,0,1,0,0,1,1,1,0,0,1,1,0,1
1033,1962,1.0,1,25159,25159,25883.0,38.0,9072714.0,247.85,16.020782115776996,10.133010710814377,5.516850305304563,10.133010710814377,10.161380296177157,1,0,1,0,1960,1,0,0,1,1,0,1,0,0,0,0,1,0,0,0,0,0
1035,1948,1.0,1,27247,27247,14317.0,71.0,2607414.75,83.1,14.773870154692688,10.212735402902469,4.432006566978902,10.212735402902469,9.56927276595613,1,0,1,0,1940,1,0,0,1,1,0,0,0,0,1,0,1,0,0,1,1,1
1041,1955,1.0,1,26680,26680,33987.0,92.0,243518.2031,1.7,12.402951081228947,10.191706980586526,0.9932517730102833,10.191706980586526,10.433762800123432,0,0,1,0,1950,1,0,0,1,0,1,0,1,1,1,0,0,1,1,0,0,1
1042,1953,1.0,1,31521,31521,31521.0,6.0,1823198.75,61.71,14.416103619792057,10.358440993735487,4.138520924554929,10.358440993735487,10.358440993735487,1,0,1,0,1950,1,0,1,1,0,1,0,0,1,1,1,0,0,1,1,0,1
1043,1951,1.0,1,24000,24000,20400.0,71.0,1510110.25,46.64,14.22769388157389,10.085850775128717,3.8636727444870993,10.085850775128717,9.923339198238729,1,0,1,0,1950,1,0,0,1,0,1,0,0,1,1,1,0,0,1,1,0,1
1044,1952,1.0,1,21900,21900,21900.0,71.0,1654353.5,65.65,14.318921460500254,9.994287576862567,4.199455046624718,9.994287576862567,9.994287576862567,1,0,1,0,1950,1,0,0,1,0,1,0,0,1,1,0,0,0,1,1,0,0
1046,1961,1.0,1,38005,38005,21560.0,71.0,800420.6875,10.75,13.592893977151716,10.545499320981303,2.463853240590168,10.545499320981303,9.978641406136552,1,0,1,0,1960,1,0,0,1,0,1,0,0,1,1,1,0,0,1,1,0,1
1047,1998,1.0,1,35579,35579,35579.0,72.0,1259267.75,39.05,14.04604175331241,10.479538961219825,3.6901286735143684,10.479538961219825,10.479538961219825,1,0,1,0,1990,1,0,0,1,0,1,0,1,1,1,0,0,1,1,0,0,1
1049,1975,1.0,1,49950,49950,49950.0,77.0,238969.7031,1.67,12.384096242228415,10.818797803896322,0.9820784724121582,10.818797803896322,10.818797803896322,0,0,1,0,1970,1,0,0,1,0,1,0,1,1,1,0,0,1,1,0,0,1
1054,1947,1.0,2,22612,22612,22612.0,87.0,854810.625,31.6,13.658636402007092,10.026280241122993,3.484312288372662,10.026280241122993,10.026280241122993,1,0,1,0,1940,1,0,0,1,1,0,0,1,1,1,1,0,1,1,1,0,0
1058,1976,1.0,2,38787,38787,38787.0,71.0,3513828.25,67.52,15.072216955199691,10.565866199424438,4.2271256734559195,10.565866199424438,10.565866199424438,1,0,1,0,1970,1,0,1,1,0,0,0,0,0,1,0,0,0,1,0,1,0
1059,1988,2.0,2,50368,50368,50369.0,71.0,897822.875,28.58,13.707729197758743,10.827131185455466,3.3870984572826535,10.827131185455466,10.827151038739697,1,0,1,0,1980,1,0,1,1,0,0,0,0,1,1,0,0,0,1,1,0,0
1060,1938,1.0,1,30545,30545,23545.0,12.0,1861291.25,61.53,14.436781562521242,10.326989023130391,4.1356464415792065,10.326989023130391,10.066711233638141,1,0,1,0,1930,1,0,0,1,0,1,0,0,1,1,1,0,0,1,1,0,1
1071,1922,1.0,3,32691,32691,33550.0,99.0,1095913.75,29.82,13.90709996061814,10.39488567863602,3.42816382989197,10.39488567863602,10.420821948214945,1,0,1,0,1920,1,0,0,1,1,0,0,1,0,0,0,0,0,1,1,1,0
1073,1963,1.0,2,24227,24227,26210.0,55.0,1238854.625,47.59,14.029698628397936,10.095264268100838,3.883417748417812,10.095264268100838,10.173934448966204,1,0,1,0,1960,1,0,0,1,1,0,0,1,1,1,1,0,1,1,1,0,0
1081,1956,1.0,1,27000,27000,27000.0,61.0,735187.125,18.85,13.507881697825704,10.203629181337648,2.9882040071331994,10.203629181337648,10.203629181337648,1,0,1,0,1950,1,0,0,1,0,1,0,1,1,1,0,0,1,1,0,0,1
1093,1957,1.0,2,21183,21183,13945.0,99.0,361542.0938,2.52,12.798136521774968,9.961001458736735,1.2584609896100056,9.961001458736735,9.542948007780955,0,0,1,0,1950,1,0,0,1,0,0,0,0,1,0,1,0,0,1,0,1,1
1094,1961,1.0,3,29392,25558,29392.0,91.0,804510.375,6.18,13.597990384531522,10.288511829739507,1.9712993830601329,10.148744784095449,10.288511829739507,1,0,1,1,1960,1,0,0,1,0,0,0,0,1,0,1,0,0,1,0,1,1
1096,1985,1.0,5,137738,82234,77796.0,62.0,4843339.0,32.8,15.3931151233399,11.833115869017158,3.520460802488973,11.31733628117537,11.261858149011701,0,0,1,1,1980,1,0,0,1,0,0,0,1,0,0,1,0,0,1,0,1,1
1105,2013,1.0,5,206126,126842,101941.0,98.0,4515744.5,72.26,15.3230808474821,12.23624776266504,4.294014757350668,11.750705380217427,11.532159303085527,1,0,1,1,2010,1,0,0,1,0,0,0,1,0,0,1,0,0,1,0,1,1
1106,1900,1.0,2,20500,20500,20500.0,48.0,1326178.125,11.27,14.097812527331554,9.928228944424575,2.50715725872282,9.928228944424575,9.928228944424575,1,0,1,0,1900,1,0,0,1,0,0,0,0,1,0,1,0,0,1,0,1,1
1109,1966,1.0,2,34636,3636,36000.0,3.0,12805711.0,480.9,16.365401879349925,10.452677753845103,6.177736623646287,8.19891444498699,10.491301994830229,1,0,1,1,1960,1,0,0,1,1,1,0,1,0,1,0,0,1,0,0,0,0
1110,1930,1.0,2,25521,25521,25521.0,82.0,685885.625,15.47,13.438467623370183,10.147296104293922,2.8015405441895487,10.147296104293922,10.147296104293922,1,0,1,0,1930,1,0,0,0,1,0,0,1,1,1,1,0,1,1,1,0,0
1111,1986,1.0,1,23190,23190,23190.0,79.0,1929416.5,68.14,14.472728701854713,10.05151955135521,4.236133434493478,10.05151955135521,10.05151955135521,1,0,1,0,1980,1,0,0,0,1,0,0,1,0,0,0,0,0,1,1,1,0
1115,1960,1.0,1,20678,20678,23100.0,98.0,875049.6875,32.63,13.682037092233385,9.936873971553762,3.515418525752178,9.936873971553762,10.047631185616188,1,0,1,0,1960,1,0,1,0,0,0,0,0,1,0,1,0,0,1,0,1,1
1116,1922,1.0,3,28820,28820,33780.0,43.0,2959193.75,106.45,14.900427745370665,10.268859567077849,4.67702562308852,10.268859567077849,10.427653793239193,1,0,1,0,1920,1,0,1,0,0,0,0,1,0,0,0,0,0,1,1,1,0
1119,1954,1.0,2,27876,27876,44816.0,69.0,2095655.25,68.97,14.555377308110534,10.235557255067516,4.248066578757805,10.235557255067516,10.710342810710427,1,0,1,0,1950,1,0,1,0,1,1,0,1,1,1,1,0,1,1,1,0,0
1120,1925,1.0,1,48789,48789,48789.0,94.0,1419585.125,29.41,14.165875925826748,10.795280652809883,3.4147715016892732,10.795280652809883,10.795280652809883,1,0,1,0,1920,1,0,0,1,1,0,0,1,0,0,0,0,0,1,1,1,0
1123,1966,1.0,2,48882,41649,41922.0,51.0,7048919.0,235.26,15.768384971564075,10.79718496675754,5.464932893520374,10.637056647594989,10.643589881319775,1,0,1,1,1960,1,0,1,0,1,1,0,1,0,1,0,0,1,0,0,0,0
1124,1977,1.0,1,22320,22320,22320.0,62.0,462174.4063,3.06,13.043699765324495,10.013283218359012,1.4011829736136414,10.013283218359012,10.013283218359012,0,0,1,0,1970,1,0,0,1,0,1,0,0,1,1,1,0,0,1,1,0,1
1125,1976,1.0,1,47105,47105,45320.0,71.0,10234721.0,348.22,16.141296615008592,10.76015566042631,5.855702096093982,10.76015566042631,10.721525780211834,1,0,1,0,1970,1,0,0,1,0,1,0,0,0,1,0,1,0,0,1,1,0
1126,1982,1.0,2,40029,40029,31800.0,69.0,1575328.25,10.26,14.269974856013508,10.597384451986619,2.421256622711544,10.597384451986619,10.367253014814716,0,0,1,0,1980,1,0,0,1,0,1,0,0,1,0,1,0,0,1,0,1,1
1127,1970,1.0,2,28304,28304,27185.0,67.0,1322894.5,8.85,14.095333452827028,10.25079374647076,2.2874714551839976,10.25079374647076,10.210457413895194,0,0,1,0,1970,1,0,0,1,0,1,0,0,1,0,1,0,0,1,0,1,1
1128,1970,1.0,1,26400,26400,20560.0,71.0,452612.5,3.16,13.022793839399133,10.181157167204903,1.425515074273172,10.181157167204903,9.931151356518601,0,0,1,0,1970,1,0,0,1,0,1,0,0,0,1,0,1,0,0,1,1,1
1129,1968,1.0,1,27680,27680,25000.0,71.0,1918665.75,64.81,14.467141101754224,10.228501536246666,4.186771802468027,10.228501536246666,10.12667110305036,1,0,1,0,1960,1,0,0,1,0,1,0,0,1,1,1,0,0,1,1,0,1
1130,1969,1.0,2,25872,25872,23272.0,71.0,1853911.875,45.79,14.432809031015598,10.160955232894292,3.845669504878125,10.160955232894292,10.055049169344665,1,0,1,0,1960,1,0,0,1,0,1,0,0,1,0,1,0,0,1,0,1,1
1131,1969,1.0,2,25872,25872,24988.0,41.0,2498335.25,81.96,14.731135568295008,10.160955232894292,4.418358563921272,10.160955232894292,10.126191007021934,1,0,1,0,1960,1,0,0,1,0,1,0,0,1,0,1,0,0,1,0,1,1
1132,1969,1.0,1,20500,20500,21386.0,65.0,222600.0938,1.55,12.31313663155814,9.928228944424575,0.9360933591703349,9.928228944424575,9.970538539785737,0,0,1,0,1960,1,0,0,1,0,1,0,0,1,1,1,0,0,1,1,0,1
1133,1958,1.0,2,21436,21436,21436.0,95.0,558727.875,3.73,13.233419616588925,9.972873680021136,1.5539252025038417,9.972873680021136,9.972873680021136,0,0,1,0,1950,1,0,0,1,0,0,0,0,1,0,1,0,0,1,0,1,1
1134,1998,1.0,1,20233,20233,7245.0,71.0,690322.6875,18.16,13.444915878893498,9.915119636765835,2.9528247725427144,9.915119636765835,8.888204871455022,1,0,1,0,1990,1,0,0,0,1,0,0,0,0,1,1,0,0,1,0,1,1
1136,2006,1.0,4,39926,27526,24335.0,71.0,1039085.375,14.49,13.853852399446042,10.594808065754666,2.740194654428777,10.222922620168259,10.099712014499074,1,0,1,1,2000,1,0,0,1,0,0,0,0,1,0,1,0,0,1,0,1,1
1139,1985,1.0,3,31417,23307,26295.0,94.0,1214408.75,28.09,14.0097687142474,10.355136256059884,3.3703944725071104,10.056551928262964,10.177172115344055,1,0,1,1,1980,1,0,0,1,0,0,0,0,1,0,1,0,0,1,0,1,1
1142,1928,1.0,6,46580,46580,46580.0,71.0,778702.125,4.95,13.565385154655779,10.74894801164928,1.7833912195575383,10.74894801164928,10.74894801164928,0,0,1,0,1920,1,0,0,0,0,1,0,0,1,1,0,0,0,1,1,0,0
1144,1916,1.0,2,25920,25920,25920.0,5.0,478690.0938,3.34,13.078810770235727,10.162808729968926,1.4678743481123135,10.162808729968926,10.162808729968926,0,0,1,0,1910,1,0,0,0,0,1,0,1,1,0,0,0,1,0,0,1,0
1146,1919,1.0,2,25920,25920,38880.0,93.0,1046976.813,13.71,13.861418298606173,10.162808729968926,2.688527534613346,10.162808729968926,10.568260978408226,1,0,1,0,1910,1,0,0,0,0,1,0,1,1,0,0,0,1,0,0,1,0
1147,1910,1.0,8,61721,61721,,93.0,2968429.75,36.92,14.903544004140482,11.030395710359086,3.6354786773868213,11.030395710359086,,1,0,1,0,1910,1,0,0,0,0,1,0,0,0,0,1,1,1,1,0,0,0
1150,1919,1.0,2,25920,25920,23995.0,75.0,1945839.625,46.48,14.4812046396075,10.162808729968926,3.860308569741467,10.162808729968926,10.085642428772983,1,0,1,0,1910,1,0,0,0,0,1,0,0,1,0,1,0,0,1,0,1,1
1154,1925,1.0,4,39760,39760,39760.0,92.0,2741556.25,149.91,14.824036656336633,10.590641811359664,5.016683632630459,10.590641811359664,10.590641811359664,1,1,1,0,1920,1,0,0,0,1,1,0,0,1,0,1,0,0,1,0,1,1
1155,1920,1.0,3,30971,30971,30971.0,71.0,2974354.25,94.85,14.905537850785036,10.340838849506614,4.562784469491653,10.340838849506614,10.340838849506614,1,1,1,0,1920,1,0,0,0,1,1,0,0,0,1,0,0,0,1,0,0,0
1156,1946,1.0,3,22667,22667,22667.0,1.0,4141811.25,148.55,15.236643991566512,10.02870951728951,5.007630785075957,10.02870951728951,10.02870951728951,1,1,1,0,1940,1,0,0,0,1,1,0,0,1,0,1,0,0,1,0,1,1
1158,1927,1.0,2,33840,33840,18740.0,71.0,2339649.75,60.88,14.665512224057924,10.429428364110965,4.125197025704866,10.429428364110965,9.838468916161679,1,0,1,0,1920,1,0,0,1,0,0,0,0,1,1,1,0,0,1,1,0,1
1159,2001,5.0,3,41827,32601,14273.0,71.0,4288601.5,110.17,15.271471480257917,10.64132125071848,4.711060561245524,10.392128915166236,9.566194979531012,1,0,1,1,2000,1,0,0,1,0,0,0,0,0,1,1,0,1,1,0,1,1
1161,2001,1.0,5,33740,27730,15908.0,79.0,1291405.25,9.0,14.071242298871635,10.426468994072131,2.302585092994046,10.230306199986291,9.67464026580524,0,0,1,1,2000,1,0,0,1,0,0,0,0,1,0,1,0,0,1,0,1,1
1162,1911,1.0,2,20516,20516,10155.0,98.0,1109483.125,42.04,13.919405713005464,9.929009089766206,3.762129915853529,9.929009089766206,9.225819942824568,1,0,1,0,1910,1,0,0,1,0,0,0,1,1,0,0,0,1,0,0,1,0
1163,1906,1.0,3,27480,27480,22218.0,88.0,1215156.25,8.47,14.010384050250552,10.221250135776074,2.248128907197987,10.221250135776074,10.008703057680439,0,0,1,0,1900,1,0,0,1,0,0,0,1,1,0,0,0,1,0,0,1,0
1165,1947,1.0,1,46958,46958,40313.0,95.0,1818867.875,30.32,14.413725368590756,10.757030159556333,3.4442568711226023,10.757030159556333,10.604454082148205,1,0,1,0,1940,1,0,0,1,0,0,0,0,0,1,1,0,0,1,0,1,1
1166,1984,1.0,1,26532,26532,26532.0,5.0,2261229.0,66.53,14.631419470986966,10.186144520271382,4.212571943586751,10.186144520271382,10.186144520271382,1,0,1,0,1980,1,0,0,1,0,0,0,1,1,1,0,0,1,1,0,0,1
1167,1981,1.0,2,22388,22388,19600.0,71.0,605182.6875,9.46,13.313287306633537,10.016325045799498,2.347558458636777,10.016325045799498,9.883335864325275,1,0,1,0,1980,1,0,0,1,0,0,0,0,1,0,1,0,0,1,0,1,1
1168,1969,1.0,1,30730,30730,30730.0,71.0,3269018.5,73.52,15.000000650815506,10.333027196085467,4.311067545733388,10.333027196085467,10.333027196085467,1,0,1,0,1960,1,0,0,1,0,0,0,0,0,1,0,0,0,1,0,0,0
1169,1986,1.0,2,35600,35600,36839.0,47.0,2195095.5,18.34,14.601736567078571,10.480129006333248,2.9621754900251482,10.480129006333248,10.514339490369244,1,0,1,0,1980,1,0,0,1,0,0,0,0,1,0,1,0,0,1,0,1,1
1171,1949,1.0,3,62000,62000,57200.0,81.0,2158433.5,82.34,14.584893748370153,11.034905792929415,4.422928625994308,11.034905792929415,10.954326659732555,1,0,1,0,1940,1,0,0,1,1,0,0,1,1,1,1,0,1,1,1,0,0
1172,1981,1.0,2,23600,23600,23600.0,82.0,839316.3125,5.41,13.64034411716665,10.069044362997353,1.8578592709325787,10.069044362997353,10.069044362997353,0,0,1,0,1980,1,0,0,1,1,0,0,0,1,0,1,0,0,1,0,1,1
1174,1986,1.0,3,40067,40067,40067.0,43.0,2303732.75,16.06,14.650041734224526,10.598333289731654,2.836736542063533,10.598333289731654,10.598333289731654,0,0,1,0,1980,1,0,0,1,1,0,0,0,1,0,1,0,0,1,0,1,1
1175,1989,1.0,3,26419,19497,26419.0,67.0,1074989.0,7.49,13.887821917175051,10.181876578076317,2.138889000323256,9.878067175189218,10.181876578076317,0,0,1,1,1980,1,0,0,1,1,0,0,0,1,0,1,0,0,1,0,1,1
1176,1979,1.0,3,25262,25262,25262.0,54.0,1508578.25,23.85,14.226678871832727,10.137096153698101,3.2128577525426376,10.137096153698101,10.137096153698101,1,0,1,0,1970,1,0,0,1,1,0,0,0,1,0,1,0,0,1,0,1,1
1177,1996,1.0,3,53103,53103,38723.0,71.0,4879644.0,38.12,15.400583029281579,10.880007533959756,3.6666338451666167,10.880007533959756,10.564214841839963,1,0,1,0,1990,1,0,0,1,0,0,0,0,0,1,0,0,0,1,0,0,0
1178,1980,1.0,3,34106,34106,32739.0,57.0,1785202.125,11.29,14.395042762239864,10.437257920797217,2.5087859235779435,10.437257920797217,10.396352850925126,0,0,1,0,1980,1,0,0,1,1,0,0,0,1,0,1,0,0,1,0,1,1
1179,1980,1.0,3,34545,34545,34545.0,29.0,2313978.75,16.13,14.654479435617088,10.45004704825323,2.8408313123360287,10.45004704825323,10.45004704825323,0,0,1,0,1980,1,0,0,1,1,0,0,0,1,0,1,0,0,1,0,1,1
1180,1980,1.0,3,70296,70296,70296.0,86.0,3018885.75,19.39,14.920398695564035,11.160484402634983,3.015044584586364,11.160484402634983,11.160484402634983,0,0,1,0,1980,1,0,0,1,1,0,0,0,1,0,1,0,0,1,0,1,1
1181,1902,1.0,4,27838,27838,27838.0,77.0,1265151.625,8.49,14.050703325039782,10.234193194263003,2.2502386126218363,10.234193194263003,10.234193194263003,0,0,1,0,1900,1,0,0,0,0,1,0,0,1,0,1,0,0,1,0,1,1
1182,1971,2.0,2,28368,28368,35300.0,71.0,1931830.75,30.02,14.473979204041076,10.253052278679716,3.4346321577483927,10.253052278679716,10.471666571132038,1,0,1,0,1970,1,0,1,1,0,1,0,1,1,1,0,0,1,1,0,0,1
1189,1964,1.0,2,92080,92080,92129.0,71.0,5368434.5,127.1,15.496047083254954,11.430423903458427,4.852811208902689,11.430423903458427,11.430955902102978,1,0,1,0,1960,1,0,1,0,0,0,0,0,0,1,0,0,0,1,0,0,0
1191,1961,1.0,1,20236,20236,20236.0,71.0,2089365.125,49.58,14.552371288465755,9.91526789107166,3.923556241241819,9.91526789107166,9.91526789107166,1,0,1,0,1960,1,0,1,0,0,0,0,0,0,1,0,1,0,0,1,1,1
1192,1951,1.0,2,39815,39815,27118.0,62.0,2158188.5,40.22,14.58478023373452,10.59202412053839,3.718923575462313,10.59202412053839,10.207989868218158,1,0,1,0,1950,1,0,1,0,0,0,0,0,1,0,1,0,0,1,0,1,1
1194,1970,1.0,4,25557,25557,25557.0,71.0,2280352.5,15.9,14.639841032772216,10.148705658168648,2.8273136219290276,10.148705658168648,10.148705658168648,0,0,1,0,1970,1,0,1,0,0,0,0,0,0,1,0,1,0,1,1,0,0
1195,1958,1.0,2,26994,26994,16243.0,71.0,3320817.0,122.73,15.015721696086906,10.203406942652387,4.8181017722258845,10.203406942652387,9.69547888880619,1,0,1,0,1950,1,0,1,0,0,0,0,0,0,1,0,1,0,0,0,1,0
1196,1972,1.0,1,48112,48112,48112.0,73.0,1463960.0,10.36,14.196656333804299,10.781307689847692,2.4300984132930052,10.781307689847692,10.781307689847692,0,0,1,0,1970,1,0,1,0,0,0,0,0,1,1,1,0,0,1,1,0,1
1197,2009,1.0,1,20909,20909,19050.0,71.0,1296995.0,32.86,14.075561379253733,9.94798279242268,3.522234376704989,9.94798279242268,9.854874872615435,1,0,1,0,2000,1,0,1,0,0,0,0,0,0,1,0,1,0,1,0,0,1
1198,2001,1.0,2,42793,26275,26275.0,27.0,1871245.75,12.35,14.44211547790752,10.664153184826896,2.5915163848462583,10.176411254012363,10.176411254012363,0,0,1,1,2000,1,0,1,0,0,0,0,0,1,0,1,0,0,1,0,1,1
1201,2007,1.0,2,45000,45000,45000.0,71.0,6104259.5,176.79,15.624497527968954,10.714439990727769,5.18060307852848,10.714439990727769,10.714439990727769,1,0,1,0,2000,1,0,1,0,0,0,0,0,0,1,0,1,0,0,1,1,1
1203,1998,1.0,1,26115,26115,26115.0,43.0,1760626.0,36.74,14.38118055357237,10.170303432306524,3.630720539940404,10.170303432306524,10.170303432306524,1,0,1,0,1990,1,0,1,0,0,0,0,1,1,0,0,0,1,0,0,1,0
1205,1949,1.0,1,26033,26033,30044.0,78.0,1343672.875,45.33,14.11091811809058,10.167158655026405,3.835789699428557,10.167158655026405,10.310451536768028,1,0,1,0,1940,1,0,0,0,1,0,0,1,1,1,1,0,1,1,1,0,0
1207,2007,1.0,4,48660,48660,49468.0,82.0,2115259.0,61.98,14.564688294349144,10.792633166886727,4.142817215672879,10.792633166886727,10.809101489746167,1,0,1,0,2000,1,0,0,1,1,0,0,1,0,0,0,0,0,1,1,1,0
1208,1970,1.0,2,46539,46539,46539.0,73.0,5589312.5,180.38,15.536367029002928,10.748067436856283,5.200594278019421,10.748067436856283,10.748067436856283,1,0,1,0,1970,1,0,0,1,1,0,0,1,0,1,0,0,1,0,0,0,0
1211,1920,1.0,2,26400,26400,14428.0,36.0,1013921.625,17.12,13.829337153515647,10.181157167204903,2.8970163006148333,10.181157167204903,9.576995349297256,1,0,1,0,1920,1,0,0,0,0,1,0,1,1,0,0,0,1,0,0,1,0
1212,1918,1.0,3,38148,38148,37853.0,98.0,1262255.75,8.8,14.048411748300447,10.549254824049264,2.2823823856765264,10.549254824049264,10.541491933598865,0,0,1,0,1910,1,0,0,0,0,1,0,0,1,0,1,0,0,1,0,1,1
1214,1928,1.0,2,28800,28800,14400.0,71.0,521523.1875,12.77,13.164510932980207,10.268165387743457,2.6224923127405635,10.268165387743457,9.575052927597383,1,0,1,0,1920,1,0,0,1,0,0,0,0,0,1,1,0,0,1,1,0,1
1215,1955,1.0,5,31945,31945,31945.0,4.0,1806468.0,12.59,14.406884669167956,10.371802256349902,2.6093342281630525,10.371802256349902,10.371802256349902,0,0,1,0,1950,1,0,0,1,1,0,0,1,1,1,1,0,1,1,1,0,0
1220,1985,1.0,5,85963,52908,52908.0,43.0,4480961.0,31.24,15.315348313482378,11.361683882945096,3.4732079176384274,10.87632873570067,10.87632873570067,0,0,1,1,1980,1,0,0,1,1,0,0,0,1,0,1,0,0,1,0,1,1
1226,1900,1.0,4,34680,34680,34680.0,92.0,1259828.25,26.38,14.04648675387154,10.453947265542192,3.3098128198603027,10.453947265542192,10.453947265542192,1,0,1,0,1900,1,0,0,0,0,1,0,1,1,0,0,0,1,0,0,1,0
1227,1968,1.0,3,75058,40548,75058.0,24.0,6207115.5,247.97,15.641207014351277,11.226029749925072,5.517332407278467,10.61026639832702,11.226029749925072,1,0,1,1,1960,1,0,0,0,0,1,0,1,1,1,1,0,1,1,1,0,0
1230,1915,1.0,1,36504,36504,16200.0,2.0,2147472.5,20.76,14.579802592834259,10.505204516490187,3.080073421987742,10.505204516490187,9.692828247710418,1,0,1,0,1910,1,0,0,0,0,1,0,1,1,0,0,0,1,0,0,1,0
1231,1907,1.0,6,35200,35200,35200.0,8.0,2998208.25,20.9,14.913525751740035,10.468829770273567,3.086486636822455,10.468829770273567,10.468829770273567,0,0,1,0,1900,1,0,0,0,0,1,0,0,1,0,1,0,0,1,0,1,1
1232,1907,1.0,5,35840,35840,35840.0,83.0,1724638.75,48.35,14.360528746057657,10.486847768485333,3.8989377658794906,10.486847768485333,10.486847768485333,1,0,1,0,1900,1,0,0,0,0,1,0,0,1,0,1,0,0,1,0,1,1
1233,1941,1.0,2,25920,25920,23230.0,60.0,1356947.75,9.3,14.120749170970427,10.162808729968926,2.33214389523559,10.162808729968926,10.053242872620965,0,0,1,0,1940,1,0,0,0,0,1,0,0,0,1,0,1,0,1,1,0,1
1234,1928,1.0,4,30525,30525,15609.0,17.0,2991557.25,73.61,14.911304963459521,10.326334058475068,4.312274546483423,10.326334058475068,9.655667013509477,0,1,1,0,1920,1,0,0,0,0,1,0,0,1,0,1,0,0,1,0,1,1
1237,1964,1.0,4,49243,49243,52284.0,71.0,8491346.0,101.34,15.954558202946616,10.804542811767506,4.628300603376946,10.804542811767506,10.864464802032689,1,0,1,0,1960,1,0,0,0,1,1,0,0,0,1,0,0,1,0,1,1,1
1244,1912,1.0,3,20411,20411,20411.0,71.0,2145049.5,71.23,14.578673653190663,9.923878242183862,4.2798554720627555,9.923878242183862,9.923878242183862,1,0,1,0,1910,1,0,0,0,1,1,0,0,0,1,0,0,0,0,1,1,0
1252,1962,1.0,2,30855,20570,21571.0,2.0,3129807.0,85.55,14.956482218781812,10.337086499888064,4.4607222816222185,9.931637595952473,9.979151456457117,1,0,1,1,1960,1,0,0,0,1,1,0,1,0,1,1,0,1,0,0,0,1
1253,1910,1.0,3,73549,73549,41632.0,90.0,3209164.5,107.45,14.981521492461088,11.205720726029584,4.6862892372728835,11.205720726029584,10.636648401008383,1,0,1,0,1910,1,0,0,0,1,1,0,0,1,0,1,0,0,1,0,1,1
1255,1988,1.0,5,45780,34380,45780.0,71.0,11542708.0,462.4,16.261564540195238,10.731624436867815,6.138590611998276,10.445259365192133,10.731624436867815,1,1,1,1,1980,1,0,0,0,1,1,0,0,0,1,0,1,0,1,1,1,0
1256,1963,1.0,3,39115,39115,50000.0,42.0,3838425.0,60.04,15.160572944700316,10.574286869432166,4.111529386976201,10.574286869432166,10.819798284210286,1,0,1,0,1960,1,0,0,0,1,1,0,1,0,1,1,0,1,0,0,0,1
1257,1916,1.0,3,38038,38038,35886.0,71.0,1255324.0,55.61,14.04290506116602,10.546367228196017,4.036185648048568,10.546367228196017,10.488130391904537,0,1,1,0,1910,1,0,0,0,1,1,0,0,0,1,0,0,0,0,0,1,1
1258,1962,1.0,3,37796,37796,53000.0,55.0,2769792.0,123.41,14.834283146129275,10.53998501337874,4.8235825629264,10.53998501337874,10.87806606028079,1,1,1,0,1960,1,0,0,0,1,1,0,1,1,1,1,0,1,1,1,0,0
1262,1993,1.0,1,27744,27744,18380.0,71.0,5355753.0,37.34,15.493682054940038,10.230810922760002,3.6464937376174986,10.230810922760002,9.819072801393764,0,0,1,0,1990,1,1,0,0,0,0,0,0,1,0,1,0,0,1,0,1,1
1263,1960,1.0,1,36444,36444,36444.0,80.0,169464.0938,1.12,12.040402248311668,10.503559553816313,0.7514160886839212,10.503559553816313,10.503559553816313,0,0,1,0,1960,1,0,0,1,1,1,0,0,1,1,1,0,0,1,1,0,1
1264,1950,1.0,1,27553,27553,27553.0,63.0,1054377.75,31.61,13.86846228888541,10.223902994604545,3.484618989801228,10.223902994604545,10.223902994604545,1,0,1,0,1950,1,0,0,1,1,1,0,0,1,1,1,0,0,1,1,0,1
1265,1951,3.0,1,57310,57310,57310.0,71.0,1395637.75,34.87,14.148862753744776,10.956247856355338,3.579901291544191,10.956247856355338,10.956247856355338,1,0,1,0,1950,1,0,0,1,1,1,0,1,1,1,0,0,1,1,0,0,1
1266,1920,1.0,2,25920,25920,10109.0,71.0,1071271.0,16.57,13.884357285439377,10.162808729968926,2.866192902199006,10.162808729968926,9.221280312014517,1,0,1,0,1920,1,0,0,1,0,0,0,0,0,1,1,0,0,1,0,1,1
1267,1919,1.0,3,40686,40686,40686.0,71.0,2188575.25,73.0,14.59876177622159,10.613663910088935,4.30406509320417,10.613663910088935,10.613663910088935,1,0,1,0,1910,1,0,0,1,0,0,1,0,1,0,0,0,1,1,1,0,1
1268,1964,1.0,2,45271,45271,45271.0,57.0,2912179.5,82.72,14.884412671267839,10.72044401882236,4.427477897577799,10.72044401882236,10.72044401882236,1,0,1,0,1960,1,0,0,1,0,0,0,1,1,0,0,0,1,0,0,1,0
1269,1920,1.0,3,28380,16200,28380.0,62.0,1503529.375,35.77,14.22332648406664,10.253475186175006,3.6046822953131805,9.692828247710418,10.253475186175006,1,0,1,1,1920,1,0,0,1,0,0,0,0,1,0,1,0,0,1,0,1,1
1270,2009,1.0,5,508160,508160,329850.0,77.0,28053172.0,487.53,17.14961230296505,13.138553605483049,6.191400882084373,13.138553605483049,12.706396316327488,1,0,1,0,2000,1,0,0,1,0,0,0,1,0,0,1,0,0,1,0,1,1
1271,1926,1.0,3,26176,26176,23730.0,95.0,1074761.125,32.09,13.887609915988307,10.172636441606745,3.499231121933521,10.172636441606745,10.074537489292018,1,0,1,0,1920,1,0,0,1,0,0,0,0,1,0,1,0,0,1,0,1,1
1272,1926,1.0,1,37740,37740,37481.0,1.0,7419337.0,73.48,15.81960039283453,10.538502315656821,4.310530632968812,10.538502315656821,10.531616096721624,1,0,1,0,1920,1,0,0,1,0,0,0,0,1,0,1,0,0,1,0,1,1
1273,1961,1.0,1,26000,26000,49847.0,71.0,5719698.0,184.09,15.559426739593752,10.165890277802454,5.220842193268625,10.165890277802454,10.816733654224057,0,1,1,0,1960,1,0,0,1,1,0,0,0,0,1,0,0,0,1,0,0,0
1275,2009,1.0,3,23241,23241,23241.0,66.0,789925.875,20.64,13.57969565686782,10.05371626578282,3.074543453978281,10.05371626578282,10.05371626578282,1,0,1,0,2000,1,0,0,1,1,0,0,1,1,1,1,0,1,1,1,0,0
1276,1962,1.0,1,155795,155795,155795.0,71.0,18847708.0,255.83,16.75190192601036,11.956302738148255,5.548414387422504,11.956302738148255,11.956302738148255,1,0,1,0,1960,1,0,0,1,1,0,0,0,0,1,0,0,0,1,0,0,0
1277,2002,1.0,1,21018,21018,21018.0,71.0,1789470.75,24.62,14.397431022531057,9.95318206955998,3.2433732964685884,9.95318206955998,9.95318206955998,0,1,1,0,2000,1,0,0,1,1,0,0,0,0,1,0,0,0,1,0,0,0
1278,1998,1.0,1,30533,30533,28631.0,71.0,6193701.5,192.12,15.639043608009837,10.326596095816887,5.263311757349221,10.326596095816887,10.262280252445862,1,0,1,0,1990,1,0,0,1,1,0,0,0,0,1,0,0,1,0,1,0,0
1279,1961,1.0,2,33971,33971,50000.0,71.0,18163924.0,523.95,16.71494804214499,10.4332919348999,6.263303019960951,10.4332919348999,10.819798284210286,1,0,1,0,1960,1,0,0,1,1,0,0,0,0,1,0,1,0,0,1,1,1
1280,1992,1.0,2,40600,40600,33000.0,71.0,2470816.0,41.06,14.720059423142848,10.611547975828369,3.7390971702745537,10.611547975828369,10.404293143019792,1,1,1,0,1990,1,0,0,1,1,0,0,0,0,1,0,0,0,1,0,0,0
1281,1999,1.0,4,38038,38038,38038.0,84.0,2040142.0,13.97,14.528530461402863,10.546367228196017,2.706048198431537,10.546367228196017,10.546367228196017,0,0,1,0,1990,1,0,0,1,0,0,0,0,1,0,1,0,0,1,0,1,1
1282,2007,1.0,4,64596,40000,41591.0,92.0,2739358.75,77.8,14.823234783176447,11.075923249063857,4.366912996863833,10.596659732783579,10.635663120063551,1,0,1,1,2000,1,0,0,1,0,0,0,0,1,0,1,0,0,1,0,1,1
1283,1928,1.0,3,41466,35404,35404.0,1.0,9228577.0,234.03,16.037815531771567,10.632653209172005,5.459713165570837,10.474608332085875,10.474608332085875,1,0,1,1,1920,1,0,0,1,0,0,0,0,1,0,1,0,0,1,0,1,1
1285,2013,1.0,6,130710,29910,120548.0,92.0,7429423.0,86.51,15.820958890135673,11.780744058274394,4.47175307254774,10.305981584699339,11.699811588261763,1,0,1,1,2010,1,0,0,1,0,0,0,1,0,0,1,0,0,1,0,1,1
1286,1926,1.0,4,35780,35780,22341.0,77.0,1979164.25,13.33,14.498185722867195,10.48517230524678,2.6623552418400807,10.48517230524678,10.014223594130794,0,0,1,0,1920,1,0,0,1,0,0,0,0,1,0,1,0,0,1,0,1,1
1288,1964,1.0,4,25132,17824,8061.0,41.0,585965.6875,3.94,13.281018219673658,10.13193700264052,1.597365331199831,9.788357245282496,8.994916943677111,0,0,1,1,1960,1,0,0,1,1,0,0,0,0,1,1,0,0,1,0,1,1
1291,1966,1.0,1,49680,49680,49680.0,71.0,2890473.75,119.34,14.876931319953625,10.813377845229255,4.790321069792205,10.813377845229255,10.813377845229255,0,1,1,0,1960,1,0,0,0,0,1,0,0,0,1,0,0,0,1,0,0,0
1292,1962,1.0,1,36314,36314,36314.0,71.0,1882952.875,44.33,14.448352311853343,10.499986158040269,3.813969064952758,10.499986158040269,10.499986158040269,1,1,1,0,1960,1,0,0,0,0,1,0,0,0,1,0,0,0,1,0,0,0
1293,1916,1.0,2,25920,25920,11888.0,71.0,1230670.25,8.77,14.023070310198523,10.162808729968926,2.2793164660546914,10.162808729968926,9.383368881858544,0,0,1,0,1910,1,0,0,0,0,1,0,0,0,1,0,0,0,0,0,1,1
1294,1919,1.0,4,47686,47686,25500.0,72.0,2223121.25,77.48,14.614423184686622,10.77241410304393,4.362843815257108,10.77241410304393,10.146472946063877,0,1,1,0,1910,1,0,0,0,0,1,0,0,1,0,1,0,0,1,0,1,1
1302,1915,1.0,6,40715,40715,20895.0,71.0,2877728.5,44.89,14.872512173131051,10.61437641457223,3.8262472284067424,10.61437641457223,9.947313032076158,1,0,1,0,1910,1,0,0,0,0,1,0,0,1,0,1,0,0,1,0,1,1
1306,1990,1.0,4,82065,47265,36036.0,91.0,1818635.25,11.97,14.41359746499072,11.315279080554538,2.5626389983283526,10.763546499940231,10.492301467414055,0,0,1,1,1990,1,0,0,0,0,1,0,0,0,1,1,0,1,1,0,1,0
1308,1910,1.0,4,36160,36160,36160.0,47.0,1921962.0,12.98,14.46885761754664,10.49573646899098,2.637627736805664,10.49573646899098,10.49573646899098,0,0,1,0,1910,1,0,0,0,0,1,0,0,1,0,1,0,0,1,0,1,1
1309,1918,1.0,1,34617,34617,6455.0,71.0,5123179.0,143.34,15.449285897966794,10.452129056986344,4.972171627644127,10.452129056986344,8.772765209949785,1,0,1,0,1910,1,0,0,0,0,1,0,0,0,1,1,1,0,1,1,1,1
1314,1909,1.0,5,66900,66900,68048.0,100.0,1634178.25,14.13,14.306651248507865,11.110969193687714,2.7166795278002644,11.110969193687714,11.12798331289449,1,0,1,0,1900,1,0,0,0,0,1,0,0,1,0,1,0,0,1,0,1,1
1315,1910,1.0,3,29340,29340,12714.0,71.0,2370772.25,75.99,14.67872672572098,10.286741134279072,4.343675543289958,10.286741134279072,9.45053767785622,1,0,1,0,1910,1,0,0,0,0,1,0,0,0,1,1,0,0,1,0,1,1
1317,1930,1.0,2,22710,22710,22710.0,71.0,287763.5,2.01,12.569897716278925,10.030604667595593,1.1019400787607843,10.030604667595593,10.030604667595593,0,0,1,0,1930,1,0,0,0,0,1,0,0,0,1,0,1,1,0,0,0,0
1320,2000,1.0,3,50499,36959,36959.0,13.0,3205182.5,22.46,14.980279900988116,10.829728615263452,3.1552968432253294,10.51759152575562,10.51759152575562,1,0,1,1,2000,1,0,0,1,0,0,0,0,1,0,1,0,0,1,0,1,1
1321,1964,1.0,5,54465,44860,57972.0,68.0,3658985.5,41.22,15.112696754461878,10.905331932762941,3.7428940424201746,10.711324099399532,10.967732663900387,1,0,1,1,1960,1,0,0,1,0,0,0,0,1,0,1,0,0,1,0,1,1
1322,1930,1.0,2,45960,45960,45960.0,56.0,4711474.0,182.81,15.365511580449105,10.735548489776468,5.213902615405673,10.735548489776468,10.735548489776468,1,0,1,0,1930,1,0,0,0,1,1,0,1,0,0,0,0,0,1,1,1,0
1326,1959,1.0,2,21128,21128,21128.0,97.0,436604.0938,3.04,12.98678439000198,9.95840178341352,1.3962446919730587,9.95840178341352,9.95840178341352,0,0,1,0,1950,1,0,0,1,0,0,0,0,1,0,1,0,0,1,0,1,1
1328,2008,1.0,4,274442,274442,108763.0,71.0,9512996.0,220.26,16.068169526830612,12.522498868096195,5.399338480606764,12.522498868096195,11.596935676297393,1,0,1,0,2000,1,0,0,1,0,0,0,0,0,1,1,0,0,0,0,0,1
1329,2013,1.0,3,51552,51552,54150.0,71.0,1539066.375,10.73,14.24668719029032,10.850365683678074,2.462149662665384,10.850365683678074,10.899531719479302,0,0,1,0,2010,1,0,0,1,0,0,0,0,1,0,1,0,0,1,0,1,1
1330,1959,1.0,4,38520,38520,38500.0,37.0,2874815.0,75.25,14.871499230165501,10.558958826115072,4.334017415487521,10.558958826115072,10.55843949396453,1,0,1,0,1950,1,0,0,1,0,0,0,0,0,0,1,0,0,0,0,0,1
1331,1961,1.0,3,29186,24930,19000.0,95.0,867184.375,30.22,13.673008044903538,10.281478683643538,3.441058915087286,10.123867288027606,9.852246888342531,1,0,1,1,1960,1,0,0,1,0,0,0,0,0,0,1,0,0,0,0,0,1
1333,1960,1.0,1,27338,27338,27338.0,56.0,682542.8125,4.05,13.43358199812009,10.216069533164237,1.6193882432872684,10.216069533164237,10.216069533164237,0,0,1,0,1960,1,0,0,1,0,0,0,1,1,1,1,0,1,1,1,0,0
1335,1999,1.0,2,85750,20110,65000.0,71.0,2278550.5,77.76,14.639050492020063,11.359203026767767,4.366405253770925,9.909022208034603,11.082157933374816,1,0,1,1,1990,1,0,0,0,1,1,0,0,0,1,0,0,1,1,0,1,0
1337,1962,1.0,2,34416,34416,20649.0,71.0,12512916.0,422.45,16.34227202872362,10.446305907338292,6.048435443367608,10.446305907338292,9.935470598389179,1,0,1,0,1960,1,0,0,1,1,0,1,0,0,0,1,0,1,1,1,1,1
1338,1930,1.0,3,45864,45864,45864.0,94.0,3034554.5,115.43,14.925575513759602,10.733457577943756,4.7572902340489245,10.733457577943756,10.733457577943756,1,0,1,0,1930,1,0,0,1,1,0,0,0,1,0,1,0,0,1,0,1,1
1340,1999,1.0,2,49252,49252,61099.0,23.0,3870672.5,104.91,15.168939080872077,10.804725558450654,4.6625896768555775,10.804725558450654,11.020267145159687,1,0,1,0,1990,1,0,1,0,0,0,0,1,0,0,0,0,0,1,1,1,0
1351,1987,1.0,3,33176,33176,33176.0,89.0,1513388.25,35.96,14.229862230006018,10.40961214374347,3.6098362467734835,10.40961214374347,10.40961214374347,1,0,1,0,1980,1,0,0,1,0,0,0,0,1,0,1,0,0,1,0,1,1
1352,1993,1.0,3,25194,21430,10751.0,71.0,1980961.25,55.95,14.499093269466812,10.134400841114699,4.0421736898931915,9.972593750934676,9.282847062762931,1,0,1,1,1990,1,0,0,1,0,0,0,1,1,0,0,0,1,0,0,1,0
1359,1977,1.0,1,21948,21948,21948.0,80.0,326001.1875,2.27,12.694659370449031,9.996476859378955,1.184789984909162,9.996476859378955,9.996476859378955,0,0,1,0,1970,1,0,0,1,0,1,0,1,1,1,1,0,1,1,1,0,0
1360,1927,1.0,3,31191,31191,30095.0,71.0,6014124.0,167.98,15.609621427149994,10.347916930662434,5.129780364724699,10.347916930662434,10.31214755154081,1,0,1,0,1920,1,0,0,0,1,1,0,0,0,1,0,1,0,0,1,1,1
1362,1947,1.0,1,37377,37377,31303.0,71.0,3515178.25,111.73,15.07260107765924,10.528837575030249,4.72499557905644,10.528837575030249,10.351501163890248,1,0,1,0,1940,1,0,1,1,0,0,0,0,0,1,0,0,1,0,1,0,1
1364,1977,1.0,1,29380,29380,16768.0,33.0,878933.3125,5.97,13.686465444068304,10.288103485908332,1.9416152247724325,10.288103485908332,9.72728722274711,0,0,1,0,1970,1,0,0,1,0,1,0,0,1,1,1,0,0,1,1,0,1
1373,1922,1.0,2,22688,22688,22688.0,87.0,391818.4063,7.07,12.878556314404287,10.029635504524139,2.0881534822818573,10.029635504524139,10.029635504524139,1,0,1,0,1920,1,0,0,0,1,1,0,1,1,1,1,0,1,1,1,0,0
1391,1962,1.0,2,22364,22364,22364.0,71.0,1625774.5,54.44,14.30149549067682,10.015252515866948,4.015301354881648,10.015252515866948,10.015252515866948,1,0,1,0,1960,1,0,1,0,1,1,0,0,0,1,0,1,1,0,0,0,1
1392,1982,1.0,2,41262,41262,40738.0,84.0,2001403.875,13.27,14.50935992943047,10.62772149362817,2.658159431488745,10.62772149362817,10.614941143578706,0,0,1,0,1980,1,0,0,1,0,1,0,0,1,0,1,0,0,1,0,1,1
1405,1953,1.0,2,43183,43183,26580.0,71.0,7588115.5,92.45,15.842093963108429,10.673225335257786,4.537426533901572,10.673225335257786,10.187951953831922,1,0,1,0,1950,1,0,0,1,0,0,0,0,1,0,1,0,0,1,0,1,1
1408,1908,1.0,3,45680,45680,45680.0,79.0,2394061.75,86.81,14.688502376118281,10.729437735508842,4.475175389371905,10.729437735508842,10.729437735508842,1,0,1,0,1900,1,0,1,1,0,0,0,1,1,1,1,0,1,1,1,0,0
1418,2006,1.0,14,724148,724148,726000.0,8.0,39120828.0,913.07,17.482165594112903,13.492752451298683,6.81790715495482,13.492752451298683,13.495306671216452,1,0,1,0,2000,1,0,0,1,0,0,0,1,0,1,0,0,1,0,0,0,0
1422,1957,1.0,1,23562,23562,18278.0,96.0,531737.1875,3.71,13.18390651842928,10.067432964124373,1.5496879080283263,10.067432964124373,9.813508138916603,0,0,1,0,1950,1,0,1,0,1,0,0,1,1,1,1,0,1,1,1,0,0
1425,1999,1.0,4,28844,28844,10292.0,71.0,973080.1875,6.35,13.788222798077731,10.26969194669099,1.9947003132247452,10.26969194669099,9.23921933152656,0,0,1,0,1990,1,1,0,0,0,0,0,0,1,0,1,0,0,1,0,1,1
1429,1989,1.0,1,21101,21101,18373.0,71.0,819493.125,27.97,13.616442508134833,9.957123101702038,3.366260811781259,9.957123101702038,9.818691900831412,1,0,1,0,1980,1,0,0,1,0,1,0,0,1,1,1,0,0,1,1,0,1
1430,1914,1.0,2,45594,45594,45594.0,75.0,1329148.25,9.42,14.100049633873,10.727553340367766,2.343727036325221,10.727553340367766,10.727553340367766,0,0,1,0,1910,1,0,0,1,0,1,1,0,0,1,0,1,0,0,1,0,1
1431,1950,1.0,1,26660,26660,26660.0,71.0,2241280.5,15.62,14.622558358459713,10.190957102406585,2.810606789427302,10.190957102406585,10.190957102406585,0,0,1,0,1950,1,0,0,1,0,1,0,0,0,1,0,1,0,0,1,1,0
1432,1975,1.0,1,28126,28126,21780.0,44.0,966168.625,18.63,13.78109469301771,10.244485248089557,2.9770590082883697,10.244485248089557,9.988793309115229,1,0,1,0,1970,1,0,0,1,0,1,0,0,1,1,1,0,0,1,1,0,1
1433,1964,1.0,1,35000,35000,35000.0,53.0,378714.4063,2.64,12.844540295132633,10.463131911491967,1.2919836816486494,10.463131911491967,10.463131911491967,0,0,1,0,1960,1,0,0,1,0,1,0,0,1,1,1,0,0,1,1,0,1
1434,1962,1.0,1,26150,26150,26150.0,6.0,1322416.75,26.55,14.094972247963902,10.171642709679686,3.3160025355989236,10.171642709679686,10.171642709679686,1,0,1,0,1960,1,0,0,1,0,1,0,0,1,1,1,0,0,1,1,0,1
1435,1967,1.0,2,24000,24000,24000.0,73.0,1148448.75,7.59,13.953923547433172,10.085850775128717,2.150598735996164,10.085850775128717,10.085850775128717,0,0,1,0,1960,1,0,0,1,0,1,0,0,1,0,1,0,0,1,0,1,1
1436,1968,1.0,5,43594,43594,40809.0,38.0,2699616.0,73.26,14.80862046906078,10.682697743861915,4.307572448748934,10.682697743861915,10.616682428399852,1,0,1,0,1960,1,0,0,0,1,1,0,1,0,0,0,0,0,1,1,1,0
1442,1912,1.0,1,28080,28080,25580.0,71.0,892651.125,18.54,13.701952226290562,10.242848470041249,2.972463646614637,10.242848470041249,10.14960516741016,1,0,1,0,1910,1,0,0,1,0,0,0,1,1,1,0,0,1,1,0,0,1
1456,1954,1.0,2,51298,51298,51298.0,85.0,5847878.5,203.73,15.5815896748643,10.845426537791479,5.321692037864487,10.845426537791479,10.845426537791479,1,0,1,0,1950,1,0,1,0,0,0,0,1,0,1,0,0,1,0,0,0,0
1458,1962,1.0,1,22047,22047,22898.0,100.0,272664.4063,1.85,12.516000704534452,10.000977173813386,1.0473189942805592,10.000977173813386,10.03884852046658,0,0,1,0,1960,1,0,1,0,0,0,0,1,1,1,1,0,1,1,1,0,0
1462,1979,1.0,1,31600,31600,31600.0,3.0,3731853.25,103.28,15.132415786060266,10.360944044643913,4.647079589065301,10.360944044643913,10.360944044643913,1,0,1,0,1970,1,0,0,1,0,1,0,0,1,1,1,0,0,1,1,0,1
1463,2007,1.0,1,35289,35289,35289.0,63.0,1010737.813,23.9,13.826192119422968,10.471354916669316,3.214867803470662,10.471354916669316,10.471354916669316,1,0,1,0,2000,1,0,0,1,0,1,0,0,1,1,1,0,0,1,1,0,1
1464,1981,1.0,1,28920,28920,30000.0,50.0,2053772.75,80.09,14.535189512478558,10.272323253821503,4.395559648956466,10.272323253821503,10.308985993422082,1,0,1,0,1980,1,0,0,1,0,1,0,0,1,1,1,0,0,1,1,0,1
1465,1978,1.0,1,22176,22176,22176.0,60.0,746905.625,32.77,13.523695456301803,10.00681099476803,3.5195728343974766,10.00681099476803,10.00681099476803,1,0,1,0,1970,1,0,0,1,0,1,0,0,1,1,1,0,0,1,1,0,1
1468,1974,1.0,3,39927,39927,39541.0,38.0,3832168.5,24.88,15.158941649871267,10.594833111149445,3.2534704696327,10.594833111149445,10.585118677134826,0,0,1,0,1970,1,0,1,1,0,0,0,0,1,0,1,0,0,1,0,1,1
1469,1979,1.0,1,30610,30610,23320.0,71.0,4513728.0,135.81,15.322634199112137,10.329114700468233,4.918593101932022,10.329114700468233,10.057109521191693,1,0,1,0,1970,1,0,1,1,0,0,0,0,0,1,0,1,0,0,1,1,1
1470,1980,1.0,2,26930,20580,26930.0,64.0,1002995.0,6.99,13.818502078900227,10.201033318424798,2.0781907597781832,9.93212359907246,10.201033318424798,0,0,1,1,1980,1,0,1,1,0,0,0,1,0,1,1,0,1,0,0,0,1
1471,1968,1.0,2,38745,38745,65069.0,76.0,3073612.0,49.62,14.938364300555419,10.56478280364689,3.9243467551169777,10.56478280364689,11.083218892489029,1,0,1,0,1960,1,0,1,1,0,0,0,1,0,1,1,0,1,0,0,0,1
1472,1959,1.0,2,20296,20296,20296.0,71.0,855665.125,5.97,13.659635538150297,9.918228370857626,1.9416152247724325,9.918228370857626,9.918228370857626,0,0,1,0,1950,1,0,0,0,1,0,0,0,1,1,0,0,0,1,1,0,0
1473,1945,1.0,2,22135,22135,10388.0,71.0,1365716.125,27.41,14.127190214945005,10.004960521466762,3.3467411958660964,10.004960521466762,9.248502833070532,1,0,1,0,1940,1,0,0,0,1,0,0,0,0,1,1,0,1,0,0,0,1
1474,1967,1.0,3,38378,38378,35066.0,86.0,1807593.875,53.73,14.40750772126408,10.555265713985145,4.0024120051558265,10.555265713985145,10.46501579627588,1,0,1,0,1960,1,0,0,0,1,0,0,1,0,1,1,0,1,0,0,0,1
1475,1980,1.0,2,33576,33576,33576.0,64.0,1466199.875,49.73,14.19818517455224,10.421596587748377,3.9265174515785985,10.421596587748377,10.421596587748377,1,0,1,0,1980,1,0,0,0,1,0,0,0,1,1,1,0,0,1,1,0,1
1476,1975,1.0,1,33005,33005,34982.0,21.0,10821972.0,225.67,16.197089162263946,10.404444642103513,5.423495215276265,10.404444642103513,10.462617508188442,1,0,1,0,1970,1,0,0,0,1,0,1,0,0,0,0,1,0,0,0,0,0
1481,1981,1.0,1,20971,20971,23483.0,71.0,729397.1875,5.08,13.499975072434518,9.950943493692423,1.8050046959780757,9.950943493692423,10.064074617184076,0,0,1,0,1980,1,0,0,0,1,1,0,0,0,1,0,0,1,1,0,1,0
1486,1927,1.0,3,23910,23910,20000.0,71.0,910117.6875,15.11,13.7213302958125,10.082093883082601,2.779440197188883,10.082093883082601,9.90353755128617,1,0,1,0,1920,1,0,0,1,1,0,0,0,1,0,1,0,0,1,0,1,1
1488,1910,1.0,2,21765,21765,21765.0,80.0,498909.0,17.38,13.120180997745262,9.988104398256008,2.911263116927541,9.988104398256008,9.988104398256008,1,0,1,0,1910,1,0,0,1,1,1,0,1,1,1,1,0,1,1,1,0,0
1496,1901,1.0,2,26560,26560,26560.0,1.0,1831347.125,64.88,14.42056293392971,10.187199253484014,4.1878349053094395,10.187199253484014,10.187199253484014,1,0,1,0,1900,1,0,1,0,0,1,0,1,1,1,1,0,1,1,1,0,0
1497,1957,1.0,2,20140,20140,20140.0,49.0,116486.6016,0.81,11.665540122290118,9.910512817472881,0.5933268452777344,9.910512817472881,9.910512817472881,0,0,1,0,1950,1,0,0,1,0,0,0,0,1,1,1,0,0,1,1,0,1
1508,1992,1.0,2,38845,38845,38845.0,82.0,6917280.0,215.56,15.749533331305782,10.567360390392079,5.377867645306046,10.567360390392079,10.567360390392079,1,0,1,0,1990,1,0,0,1,0,1,0,1,1,0,0,0,1,0,0,1,0
1509,1953,1.0,1,26092,26092,25946.0,40.0,8071987.5,173.75,15.903910416336668,10.169422358105223,5.163356381113919,10.169422358105223,10.163811274974622,1,0,1,0,1950,1,0,0,1,0,1,1,0,0,0,0,1,0,0,0,0,0
1512,1967,1.0,1,25500,25500,25500.0,98.0,1430417.125,55.3,14.173477354601868,10.146472946063877,4.030694535145645,10.146472946063877,10.146472946063877,1,0,1,0,1960,1,0,0,1,0,1,0,0,1,0,1,0,0,1,0,1,1
1513,1961,1.0,1,41895,41895,37524.0,71.0,1343671.0,25.09,14.110916722661718,10.642945635959324,3.261552099148637,10.642945635959324,10.532762656501662,1,0,1,0,1960,1,0,0,1,0,1,0,0,1,1,1,0,0,1,1,0,1
1514,1958,1.0,2,56193,56193,56193.0,71.0,2580058.5,46.9,14.76332301864738,10.936565268616524,3.8691155044168695,10.936565268616524,10.936565268616524,1,0,1,0,1950,1,0,0,1,0,1,0,1,1,0,0,0,1,0,0,1,0
1518,1922,1.0,3,35448,35448,35448.0,97.0,1632148.75,60.34,14.30540856887506,10.475850322817688,4.116432158686106,10.475850322817688,10.475850322817688,1,0,1,0,1920,1,0,0,1,1,1,0,1,0,0,0,0,0,1,1,1,0
1519,1966,1.0,1,29214,29214,29214.0,8.0,9558542.0,208.53,16.07294586755489,10.282437554988537,5.344866927201017,10.282437554988537,10.282437554988537,1,0,1,0,1960,1,0,0,1,1,1,1,0,0,0,0,1,0,0,0,0,0
1522,2000,1.0,1,89103,46068,47034.0,34.0,14473242.0,384.85,16.487812192363407,11.39755950582945,5.955448692903612,10.737895551594969,10.758647284406052,1,0,1,1,2000,1,0,0,1,1,1,1,0,0,0,0,1,0,0,0,0,0
1523,1961,1.0,1,32000,32000,29880.0,71.0,1527101.375,45.38,14.238882625175478,10.373522431293592,3.8368683318273855,10.373522431293592,10.304978105888882,1,0,1,0,1960,1,0,0,1,1,1,0,0,0,1,0,1,0,0,1,1,1
1524,1910,1.0,2,31140,31140,14840.0,71.0,1111093.0,38.86,13.92085567350352,10.346280557910271,3.685373314784649,10.346280557910271,9.605148899895818,1,0,1,0,1910,1,0,0,1,1,1,0,0,0,1,1,0,0,1,0,0,0
1525,1975,1.0,3,41478,41478,31932.0,3.0,3287502.0,78.22,15.00563886801527,10.632942554049004,4.372228792193771,10.632942554049004,10.371395236823,1,0,1,0,1970,1,0,0,1,1,1,0,0,1,1,1,0,0,1,1,0,1
1526,1980,1.0,1,39840,39840,39840.0,2.0,774360.0,5.24,13.55979345210607,10.592651811785132,1.8309801823813363,10.592651811785132,10.592651811785132,0,0,1,0,1980,1,0,0,1,1,1,0,0,1,1,1,0,0,1,1,0,1
1534,2004,1.0,1,30576,15000,15000.0,71.0,1642173.75,38.52,14.311531988423114,10.328003371335093,3.6768068728796672,9.61587214452889,9.61587214452889,1,0,1,1,2000,1,0,0,1,1,1,0,0,0,1,0,0,0,0,1,0,0
1537,1924,1.0,2,21528,21528,21528.0,71.0,330300.5,6.61,12.707761152694637,9.977156142461329,2.0294631718735947,9.977156142461329,9.977156142461329,1,0,1,0,1920,1,0,0,1,1,1,0,0,0,1,0,0,0,0,1,1,0
1538,1928,1.0,2,30000,30000,25828.0,71.0,1115775.5,13.14,13.925061133049711,10.308985993422082,2.6490076604684267,10.308985993422082,10.159253170667593,1,0,1,0,1920,1,0,0,1,1,1,0,0,0,1,0,1,0,0,0,1,1
1557,1942,1.0,2,30087,30087,30554.0,71.0,5205994.5,36.77,15.46532150014903,10.311881700150172,3.6315151367243654,10.311881700150172,10.327283617329016,0,0,1,0,1940,1,0,0,1,1,1,0,0,0,1,0,0,0,1,0,0,0
1558,1975,1.0,1,40445,40445,40445.0,92.0,911009.375,29.24,13.72230956476122,10.607723030081495,3.4091655513113324,10.607723030081495,10.607723030081495,1,0,1,0,1970,1,0,0,1,1,1,0,1,1,1,1,0,1,1,1,0,0
1559,1996,1.0,1,23500,23500,23500.0,53.0,1149592.0,13.29,13.954918524653953,10.064798252418377,2.659559991941776,10.064798252418377,10.064798252418377,1,0,1,0,1990,1,0,0,1,1,1,0,1,1,0,0,0,1,0,0,1,0
1560,1967,1.0,1,22420,22420,23067.0,82.0,1524765.875,31.79,14.237352087485556,10.017753298664472,3.4901235908565567,10.017753298664472,10.046201654735302,1,0,1,0,1960,1,1,0,0,0,0,0,1,1,0,0,0,1,0,0,1,0
1563,1961,1.0,1,25842,25842,25987.0,35.0,8746499.0,237.54,15.984164178312458,10.15979505022877,5.474537011150523,10.15979505022877,10.165390172000421,1,0,1,0,1960,1,0,0,1,1,0,1,0,0,0,0,1,0,0,0,0,0
1565,1992,1.0,3,26389,26389,16766.0,71.0,1186733.125,8.42,13.986715659454491,10.18074042949737,2.2428350885882717,10.18074042949737,9.727167947937808,0,0,1,0,1990,1,0,0,1,1,0,0,0,1,0,1,0,0,1,0,1,1
1566,1982,1.0,3,25859,25859,25859.0,88.0,916019.375,14.9,13.727793886858667,10.160452652325848,2.766319109226186,10.160452652325848,10.160452652325848,1,0,1,0,1980,1,0,0,1,1,0,0,0,1,0,1,0,0,1,0,1,1
1567,1974,1.0,1,25600,25600,20600.0,1.0,1943594.875,34.26,14.480050359161355,10.150386692204734,3.562749176969724,10.150386692204734,9.933094897288786,1,0,1,0,1970,1,0,0,1,1,0,0,0,1,1,1,0,0,1,1,0,1
1568,1965,1.0,1,23169,23169,10200.0,71.0,222255.9063,1.55,12.311589227359041,10.050613617426421,0.9360933591703349,10.050613617426421,9.23024103368252,0,0,1,0,1960,1,0,0,1,1,0,0,0,0,1,0,1,0,0,1,1,0
1569,2008,1.0,4,41784,33385,33385.0,89.0,1294615.25,9.03,14.073724877154426,10.640292702435536,2.305580601973844,10.415891929415332,10.415891929415332,0,0,1,1,2000,1,0,0,1,1,0,0,0,1,0,1,0,0,1,0,1,1
1570,1960,1.0,1,56884,56884,56884.0,71.0,1577967.75,37.49,14.271648976643068,10.948786964973817,3.6503984672956546,10.948786964973817,10.948786964973817,1,0,1,0,1960,1,0,0,1,1,0,0,0,1,1,1,0,0,1,1,0,1
1573,1989,1.0,1,32810,32810,32810.0,66.0,2168833.0,46.44,14.589700253915716,10.398519104003336,3.85946575468947,10.398519104003336,10.398519104003336,1,0,1,0,1980,1,0,0,1,1,1,0,1,1,0,0,0,1,0,0,1,0
1576,1980,1.0,3,30989,30989,30989.0,71.0,98862.89844,0.68,11.501499420030449,10.341419850781794,0.5187937934151675,10.341419850781794,10.341419850781794,0,0,1,0,1980,1,0,0,1,1,0,0,0,1,1,0,0,0,1,1,0,0
1577,1915,1.0,3,39952,39952,39952.0,71.0,58114.19922,0.4,10.97018251310256,10.595459042242352,0.33647223662121295,10.595459042242352,10.595459042242352,0,0,1,0,1910,1,0,0,1,1,0,0,0,1,1,0,0,0,1,1,0,0
1581,1961,1.0,2,20022,20022,20784.0,80.0,688824.0,4.58,13.442742526442817,9.90463689179265,1.7191887763932197,9.90463689179265,9.941986851686737,0,0,1,0,1960,1,0,0,1,1,0,0,0,1,0,1,0,0,1,0,1,1
1582,1960,1.0,2,36498,36498,18229.0,89.0,602201.625,14.81,13.308349254037207,10.505040141934996,2.7606426512213806,10.505040141934996,9.810823867672708,1,0,1,0,1960,1,0,0,1,1,0,0,1,1,1,0,0,1,1,0,0,1
1583,1968,1.0,1,35946,35946,31845.0,71.0,503210.6875,11.08,13.128766210449992,10.489800910432063,2.4915511925066687,10.489800910432063,10.368667064416371,1,0,1,0,1960,1,0,0,1,1,0,0,1,1,1,0,0,1,1,0,0,1
1584,2007,1.0,4,30152,24472,25184.0,96.0,845044.125,5.94,13.647145307280319,10.314039699692849,1.937301774518713,10.105325748023002,10.134003858179751,1,0,1,1,2000,1,0,0,1,1,0,0,0,1,0,1,0,0,1,0,1,1
1585,1979,1.0,4,22365,22365,21617.0,71.0,727385.8125,5.07,13.49721368173087,10.015297227588134,1.803358605071407,10.015297227588134,9.981281579976148,0,0,1,0,1970,1,0,0,1,1,0,0,0,1,0,1,0,0,1,0,1,1
1586,1994,1.0,4,30172,30172,30172.0,82.0,967548.3125,6.3,13.782521671579447,10.314702763735975,1.9878743481543455,10.314702763735975,10.314702763735975,0,0,1,0,1990,1,0,0,1,1,0,0,0,1,0,1,0,0,1,0,1,1
1590,1927,1.0,4,42500,42500,42500.0,100.0,262995.3125,1.68,12.47989529014906,10.657282884047461,0.9858167945227653,10.657282884047461,10.657282884047461,0,0,1,0,1920,1,0,0,1,1,1,0,0,1,1,1,0,0,1,1,0,1
1591,1901,1.0,4,23032,23032,14448.0,71.0,1172535.25,7.82,13.974679695669005,10.044683249202905,2.1770218700187,10.044683249202905,9.57838048699361,0,0,1,0,1900,1,0,0,1,1,1,0,0,1,0,1,0,0,1,0,1,1
1593,1900,1.0,3,45750,40836,42850.0,71.0,7536508.5,303.81,15.835269701764004,10.730968928388284,5.719688631673257,10.617343812185764,10.665484260976488,1,0,1,1,1900,1,0,0,1,1,1,0,0,0,1,0,0,0,1,0,0,0
1595,1968,1.0,2,23500,23500,23500.0,26.0,1745284.25,34.52,14.372428567308093,10.064798252418377,3.5700959181239695,10.064798252418377,10.064798252418377,1,0,1,0,1960,1,0,0,1,1,1,0,0,1,0,1,0,0,1,0,1,1
1596,1966,1.0,1,22282,22282,22282.0,93.0,665681.875,16.67,13.408568672456946,10.011579334886969,2.871868286331605,10.011579334886969,10.011579334886969,1,0,1,0,1960,1,0,0,1,1,1,0,0,1,0,1,0,0,1,0,1,1
1597,1902,1.0,2,24000,24000,24000.0,71.0,599426.5,17.39,13.303730312024827,10.085850775128717,2.91180703861623,10.085850775128717,10.085850775128717,1,0,1,0,1900,1,0,0,1,1,1,0,0,1,1,0,0,0,1,1,0,0
1599,1909,1.0,3,27085,27085,9500.0,71.0,2151546.25,60.67,14.581697792441906,10.206772268215317,4.1217975890034015,10.206772268215317,9.15915233520675,1,0,1,0,1900,1,0,0,1,1,1,0,0,0,1,1,1,0,0,0,1,1
1606,1996,1.0,2,29258,29258,31991.0,71.0,8571176.0,309.14,15.963915620700341,10.283942497640124,5.737023808436003,10.283942497640124,10.373241150526654,1,0,1,0,1990,1,0,1,1,0,0,0,0,0,1,0,1,0,0,1,1,1
1607,1931,1.0,2,37500,37500,37500.0,58.0,2448649.75,44.26,14.711047716536385,10.53212287826962,3.8124236402053913,10.53212287826962,10.53212287826962,1,0,1,0,1930,1,0,1,1,0,0,0,0,1,0,1,0,0,1,0,1,1
1609,1930,1.0,3,23983,23983,23983.0,61.0,1270514.75,33.28,14.054933478359732,10.085142220342378,3.534562093729579,10.085142220342378,10.085142220342378,1,0,1,0,1930,1,0,1,0,0,0,0,1,0,0,0,0,0,1,1,1,0
1610,1980,1.0,1,24100,24100,20100.0,22.0,939941.6875,30.49,13.753574181642714,10.090008612393838,3.4496700351129332,10.090008612393838,9.908524844053396,1,0,1,0,1980,1,0,1,1,0,1,0,1,1,1,0,0,1,1,0,0,1
1613,2004,3.0,2,31343,31343,51515.0,5.0,4277566.0,128.66,15.26889494798058,10.352778140184322,4.864915639746849,10.352778140184322,10.84964771801256,1,0,1,0,2000,1,0,0,0,1,0,0,1,0,0,0,0,0,1,1,1,0
1619,1996,1.0,3,55912,33062,24052.0,71.0,2450442.75,17.08,14.711779688569198,10.931552190245274,2.89480635496403,10.406170111359652,10.088015007879244,0,0,1,1,1990,1,0,1,0,0,0,0,0,0,1,1,0,1,1,0,1,0
1620,1957,1.0,2,20294,20294,18000.0,71.0,1845057.875,67.45,14.42802174551674,9.918129829272997,4.226103551734458,9.918129829272997,9.798182590890704,1,0,1,0,1950,1,0,0,1,1,0,0,0,0,1,0,0,0,1,0,0,0
1621,1983,1.0,4,40571,29722,24008.0,64.0,1286817.375,8.97,14.067683353853386,10.610833452495886,2.299580583973747,10.299676435863896,10.086184039035157,0,0,1,1,1980,1,0,0,1,1,0,0,0,1,0,1,0,0,1,0,1,1
1622,1983,1.0,4,41707,26048,41707.0,78.0,1785685.5,12.24,14.395313493096157,10.638448235909484,2.5832425505088623,10.167734658728754,10.638448235909484,0,0,1,1,1980,1,0,0,1,1,0,0,0,1,0,1,0,0,1,0,1,1
1623,1960,1.0,2,57644,57644,20176.0,71.0,2300589.0,42.87,14.648676169742433,10.962058791667054,3.7812307151781224,10.962058791667054,9.912298620814678,1,0,1,0,1960,1,0,0,1,1,0,0,0,0,1,1,0,0,1,0,1,1
1624,1955,1.0,2,39497,39497,25547.0,9.0,1809734.75,28.28,14.40869139810864,10.584005316695931,3.3769046890931107,10.584005316695931,10.14831431468148,1,0,1,0,1950,1,0,0,1,1,0,0,0,1,1,1,0,0,1,1,0,1
1634,1932,1.0,1,33087,33087,53776.0,71.0,3944599.75,121.9,15.18785830308487,10.4069259578681,4.811371016571989,10.4069259578681,10.892601145448044,1,0,1,0,1930,1,0,0,0,1,1,0,0,0,1,0,0,0,0,0,1,1
1637,1982,1.0,2,27574,27574,27574.0,73.0,1243709.625,8.44,14.033609908662347,10.224664844121703,2.244955980157409,10.224664844121703,10.224664844121703,0,0,1,0,1980,1,0,1,0,0,0,0,0,1,0,1,0,0,1,0,1,1
1643,1998,1.0,5,43661,43661,43661.0,4.0,4141925.0,82.57,15.236671455012742,10.684233437575141,4.425684604013345,10.684233437575141,10.684233437575141,1,0,1,0,1990,1,0,1,1,1,0,0,1,0,1,0,0,1,0,0,0,0
1648,1987,1.0,3,76105,48798,76105.0,91.0,2596383.25,17.24,14.76963036203154,11.239882384368588,2.9036169846461855,10.795465099828,11.239882384368588,0,0,1,1,1980,1,0,1,0,0,0,0,0,1,0,1,0,0,1,0,1,1
1653,1952,1.0,2,32009,32009,17500.0,71.0,2177737.0,44.28,14.593797281391591,10.37380363296391,3.8128654338949275,10.37380363296391,9.770013301136158,1,0,1,0,1950,1,0,1,1,1,0,0,0,0,1,1,0,0,1,1,0,1
1657,1988,1.0,3,28841,28841,28841.0,55.0,1525049.625,33.42,14.237538164193962,10.269587937122015,3.5386377907833935,10.269587937122015,10.269587937122015,1,0,1,0,1980,1,0,1,1,0,0,0,1,0,1,1,0,1,0,0,0,1
1658,1977,2.0,2,33344,33344,31360.0,71.0,129466.8984,0.86,11.771188240589133,10.414663115066407,0.6205764877251099,10.414663115066407,10.353320361711043,0,0,1,0,1970,1,0,1,1,0,0,0,0,1,1,0,0,0,1,1,0,0
1659,2005,2.0,1,30498,30498,30498.0,71.0,2652254.5,80.19,14.790920968030369,10.325449175172755,4.396792086874355,10.325449175172755,10.325449175172755,1,0,1,0,2000,1,0,1,1,0,0,0,0,0,1,0,1,0,0,1,1,1
1664,1924,1.0,2,42975,42975,21405.0,92.0,1124454.25,42.96,13.932809254124995,10.668397099322965,3.7832801295354206,10.668397099322965,9.971426535544321,1,0,1,0,1920,1,0,1,1,0,1,0,1,0,0,0,0,0,1,1,1,0
1666,1963,1.0,1,23260,23260,13075.0,71.0,1803514.875,52.41,14.405248581615796,10.054533417409907,3.977997994351679,10.054533417409907,9.478533767844102,1,0,1,0,1960,1,0,1,1,0,1,0,0,0,1,0,0,1,0,1,0,1
1668,1988,1.0,2,30659,30659,27262.0,88.0,2828171.5,55.85,14.855141301309494,10.330714152425806,4.040416220196545,10.330714152425806,10.213285750552616,1,0,1,0,1980,1,0,1,1,0,1,0,0,1,0,1,0,0,1,0,1,1
1669,1920,1.0,2,27144,27144,27144.0,71.0,1138349.25,32.58,13.945090623116256,10.208948146339551,3.5139306516493947,10.208948146339551,10.208948146339551,1,0,1,0,1920,1,0,0,1,1,0,0,0,0,1,0,0,0,1,0,0,0
1670,1970,5.0,1,23166,23166,23166.0,71.0,3648465.5,184.6,15.1098175002901,10.05048413127047,5.2235938203521,10.05048413127047,10.05048413127047,1,0,1,0,1970,1,0,1,0,0,0,0,0,0,1,0,0,0,1,0,0,0
1671,1979,1.0,2,34759,34759,44667.0,81.0,1633105.375,11.39,14.3059945106761,10.456222579379329,2.516889695641051,10.456222579379329,10.707012640565683,0,0,1,0,1970,1,0,1,0,0,0,0,1,0,1,1,0,1,0,0,0,1
1672,1966,8.0,1,415632,415632,483520.0,85.0,100328264.0,3278.11,18.42395801781895,12.937557938327314,8.095327323095018,12.937557938327314,13.08885002623115,1,0,1,0,1960,1,0,1,0,0,0,0,1,1,0,1,0,1,0,0,1,1
1675,1965,1.0,2,44719,44719,45909.0,71.0,1781436.375,53.21,14.39293111044916,10.708176107828981,3.992865393272247,10.708176107828981,10.734438237243268,1,0,1,0,1960,1,0,1,0,0,0,0,1,1,1,1,0,1,1,1,0,0
1678,1965,1.0,1,21603,21603,21603.0,16.0,5927199.5,129.89,15.595062568441444,9.980633761712781,4.874357275803628,9.980633761712781,9.980633761712781,1,0,1,0,1960,1,0,0,1,0,1,1,0,0,0,0,1,0,0,0,0,0
1690,1964,1.0,3,591981,591981,520187.0,60.0,103985264.0,3238.24,18.4597597643754,13.291231507998484,8.083094013369788,13.291231507998484,13.161945563679867,1,0,1,0,1960,1,0,0,0,1,1,0,1,0,1,1,0,1,0,0,0,1
1691,1979,1.0,1,42900,42900,43050.0,53.0,461205.5938,3.04,13.04160136432601,10.666650414667744,1.3962446919730587,10.666650414667744,10.67014073838981,0,0,1,0,1970,1,0,1,1,0,1,0,1,1,1,0,0,1,1,0,0,1
1693,1971,1.0,1,26232,26232,18262.0,71.0,3315521.5,122.71,15.014125786074773,10.174773439176352,4.81794011687474,10.174773439176352,9.812632434192041,1,0,1,0,1970,1,0,1,1,0,1,0,0,0,1,0,1,0,0,0,1,0
1698,1956,1.0,2,25840,25840,25840.0,92.0,310602.3125,2.19,12.646271854482096,10.159717656838128,1.1600209167967532,10.159717656838128,10.159717656838128,0,0,1,0,1950,1,0,0,0,0,1,0,0,1,1,1,0,0,1,1,0,1
1699,1988,1.0,1,45145,45145,43813.0,71.0,1405510.25,43.63,14.155911673565633,10.717656961343524,3.7984062786411785,10.717656961343524,10.687708679995445,1,0,1,0,1980,1,0,0,0,0,1,0,0,1,0,1,0,0,1,0,1,1
1701,2001,1.0,5,70332,48237,44417.0,89.0,2000777.25,19.12,14.509046787834722,11.16099638444237,3.0017143452315387,10.783902371171786,10.701400071671154,1,0,1,1,2000,1,0,0,0,0,1,0,0,1,0,1,0,0,1,0,1,1
1726,1994,1.0,1,45522,45522,45522.0,22.0,12559767.0,326.74,16.34600924749615,10.725972971725227,5.792220611118078,10.725972971725227,10.725972971725227,1,0,1,0,1990,1,0,0,1,1,1,1,0,0,0,0,1,0,0,0,0,0
1727,1979,1.0,2,20088,20088,16080.0,71.0,337536.0938,2.28,12.729430690810885,9.90792768056215,1.1878434223960523,9.90792768056215,9.685393729854024,0,0,1,0,1970,1,0,1,0,0,0,0,1,1,0,0,0,1,0,0,1,0
1733,1997,1.0,2,40657,40657,40657.0,57.0,2828385.0,23.6,14.855216788905036,10.61295089758101,3.202746442938317,10.61295089758101,10.61295089758101,1,0,1,0,1990,1,0,0,1,0,1,0,0,1,0,1,0,0,1,0,1,1
1734,1900,1.0,1,20200,20200,18700.0,71.0,283275.0,2.25,12.554176966381094,9.913487387114461,1.1786549963416462,9.913487387114461,9.83633227734872,1,0,1,0,1900,1,0,0,1,0,1,0,0,1,1,1,0,0,1,1,0,1
1746,1970,1.0,7,54372,33548,54372.0,94.0,1479454.375,9.79,14.207184588150547,10.90362298610533,2.378619779270043,10.420762335696297,10.90362298610533,0,0,1,1,1970,1,0,0,0,1,1,0,0,1,0,1,0,0,1,0,1,1
1753,1951,1.0,1,47699,47699,47000.0,71.0,14745217.0,712.39,16.50642938479499,10.772686676876432,6.570028255444994,10.772686676876432,10.757924157061597,1,1,1,0,1950,1,0,0,0,1,1,0,0,0,1,0,0,1,0,1,0,0
1754,1945,1.0,3,274568,274568,228133.0,52.0,25358122.0,1110.07,17.04860967059853,12.52295787446477,7.013078793955446,12.52295787446477,12.337688454595476,0,1,1,0,1940,1,0,0,0,1,1,0,1,0,1,1,0,1,0,0,0,1
1755,1956,1.0,3,21282,21282,19658.0,69.0,1380656.125,62.23,14.138070121333074,9.965663910962803,4.146778872070522,9.965663910962803,9.886290527707606,0,1,1,0,1950,1,0,0,0,1,1,0,0,1,0,1,0,0,1,0,1,1
1757,1921,1.0,2,41022,41022,41022.0,71.0,3787648.25,26.41,15.147256133963962,10.621888164008205,3.3109079103146946,10.621888164008205,10.621888164008205,0,0,1,0,1920,1,0,1,0,1,1,0,0,0,1,0,0,0,1,0,0,0
1760,1966,1.0,2,28109,28109,28109.0,71.0,3612526.75,38.39,15.09991829303422,10.243880663900578,3.6735119769828146,10.243880663900578,10.243880663900578,1,0,1,0,1960,1,0,1,1,0,1,0,0,0,1,0,0,0,1,0,0,0
1762,1985,1.0,3,33580,20590,20590.0,100.0,409578.4063,2.86,12.922886073855585,10.42171570981886,1.3506671834767394,9.932609366108146,9.932609366108146,0,0,1,1,1980,1,0,1,1,0,0,0,0,1,0,1,0,0,1,0,1,1
1766,1977,1.0,1,21936,21936,21936.0,100.0,116642.5,2.69,11.666877553650998,9.995929987925688,1.3056264580524357,9.995929987925688,9.995929987925688,1,0,1,0,1970,1,0,1,1,0,0,0,0,1,1,1,0,0,1,1,0,1
1767,1969,1.0,1,30160,30160,30139.0,71.0,1184385.875,44.26,13.98473579358789,10.314304978070902,3.8124236402053913,10.314304978070902,10.313608472180487,1,0,1,0,1960,1,0,1,1,0,0,0,0,0,1,0,0,0,1,0,0,0
1773,1909,1.0,11,111137,111137,42939.0,71.0,9946297.0,294.65,16.112710979601662,11.618527951350778,5.689176322266839,11.618527951350778,10.667559071432771,1,0,1,0,1900,1,0,0,0,0,1,0,0,0,1,1,0,0,1,0,1,1
1777,1997,1.0,1,40189,40189,28347.0,71.0,1594851.25,37.65,14.282291656681519,10.601373487443247,3.654546775033431,10.601373487443247,10.252311759930146,1,0,1,0,1990,1,0,1,1,1,1,0,0,0,1,0,1,1,0,0,1,0
1778,1988,1.0,2,66484,66484,49334.0,69.0,3098383.5,21.24,14.946391404588189,11.104731637290806,3.1018924693823817,11.104731637290806,10.806389047291267,0,0,1,0,1980,1,0,1,1,0,1,0,0,1,0,1,0,0,1,0,1,1
1779,1959,1.0,3,25151,25151,24155.0,85.0,1481688.75,62.05,14.208693717443264,10.132692695228933,4.143928062410929,10.132692695228933,10.092288075427792,0,1,1,0,1950,1,0,0,0,1,1,0,0,1,0,1,0,0,1,0,1,1
1780,1928,1.0,6,35770,35770,35770.0,56.0,2835357.0,112.34,14.857678765831123,10.484892788250326,4.730392150741473,10.484892788250326,10.484892788250326,1,0,1,0,1920,1,0,0,0,1,1,0,0,0,0,1,0,0,0,0,0,1
1782,1928,1.0,9,48006,48006,48006.0,85.0,3182794.5,101.31,14.973270456635076,10.779102112590714,4.6280074198908485,10.779102112590714,10.779102112590714,1,0,1,0,1920,1,0,0,0,1,1,0,0,0,0,1,0,0,0,0,0,1
1783,1960,1.0,2,29631,29631,16000.0,71.0,5327051.5,146.93,15.488308641303922,10.296610137445906,4.996739188904145,10.296610137445906,9.680406499268875,1,0,1,0,1960,1,0,0,0,0,1,0,0,0,1,1,1,0,0,0,0,0
1784,1989,1.0,2,23472,23472,20695.0,71.0,1589717.125,46.45,14.279067278606266,10.063606103428887,3.859676525055937,10.063606103428887,9.937695723865865,1,0,1,0,1980,1,0,0,0,0,1,0,0,1,0,1,0,0,1,0,1,1
1785,1973,1.0,2,21315,21315,20424.0,34.0,3161573.5,110.66,14.966580720966721,9.967213243416673,4.715458539882214,9.967213243416673,9.924514919728203,1,0,1,0,1970,1,0,0,1,0,1,0,0,1,0,1,0,0,1,0,1,1
1806,1984,1.0,4,57110,41298,36867.0,69.0,2275712.0,24.31,14.637803967859007,10.952752021573898,3.2311995745570328,10.628593565580923,10.515099245113555,1,0,1,1,1980,1,0,0,1,1,0,0,0,1,0,1,0,0,1,0,1,1
1811,1979,1.0,3,34030,34030,34030.0,50.0,1815642.75,22.26,14.411950645991466,10.435027152899224,3.1467351470905185,10.435027152899224,10.435027152899224,1,0,1,0,1970,1,0,0,0,0,1,0,0,1,0,1,0,0,1,0,1,1
1817,1902,1.0,2,20398,20398,19232.0,71.0,9560583.0,334.15,16.073159371027906,9.923241159022965,5.814578192803967,9.923241159022965,9.864382832655368,1,0,1,0,1900,1,0,1,0,1,0,1,0,1,0,0,0,1,1,1,0,1
1818,1952,1.0,1,41308,41308,41308.0,7.0,1792023.375,38.57,14.39885647454504,10.628835672884062,3.678071255397333,10.628835672884062,10.628835672884062,1,0,1,0,1950,1,0,0,1,0,1,0,1,1,1,0,0,1,1,0,0,1
1839,1913,1.0,3,43878,43878,12000.0,71.0,769771.3125,5.37,13.55385005205063,10.689191124703777,1.851599469584072,10.689191124703777,9.392745258631441,0,0,1,0,1910,1,0,0,0,0,1,0,0,0,1,1,0,1,1,0,1,1
1840,1912,1.0,3,34976,34976,34976.0,71.0,943354.6875,15.7,13.757198677667008,10.462445981601402,2.8154087194227095,10.462445981601402,10.462445981601402,1,0,1,0,1910,1,0,0,1,1,0,0,0,0,1,0,1,0,1,0,1,1
1861,1957,1.0,1,38255,38255,38255.0,12.0,1173175.75,33.8,13.975225798296155,10.552055689698106,3.5496173867804286,10.552055689698106,10.552055689698106,1,0,1,0,1950,1,0,0,1,1,0,0,0,1,1,1,0,0,1,1,0,1
1870,1989,1.0,3,48924,48924,31325.0,71.0,2398376.5,59.24,14.690303025032296,10.798043792264277,4.098336583491638,10.798043792264277,10.352203702638608,1,0,1,0,1980,1,0,0,1,0,0,0,0,1,0,1,0,0,1,0,1,1
1875,1959,1.0,4,50333,32297,50333.0,88.0,1761932.5,11.17,14.381922343562866,10.82643607207435,2.498973906999436,10.382760587789011,10.82643607207435,0,0,1,1,1950,1,0,0,1,0,0,0,0,1,0,1,0,0,1,0,1,1
1876,1986,1.0,4,57432,35526,34160.0,71.0,2638076.5,17.57,14.78556099014477,10.958374330000542,2.9215473753646144,10.478048249762029,10.438839921478715,0,0,1,1,1980,1,0,0,1,0,0,0,0,1,0,1,0,0,1,0,1,1
1877,1969,1.0,3,25912,17956,17332.0,71.0,706926.0,4.65,13.468682686365272,10.16250005226458,1.7316555451583497,9.795735290041899,9.76036747794131,0,0,1,1,1960,1,0,0,1,0,0,0,0,1,0,1,0,0,1,0,1,1
1878,2000,1.0,3,57132,35224,33705.0,73.0,1994967.75,13.91,14.506138944023016,10.95313716215497,2.702032128776647,10.469511336766882,10.425431142035965,0,0,1,1,2000,1,0,0,1,0,0,0,0,1,0,1,0,0,1,0,1,1
1884,1957,1.0,2,24224,24224,24224.0,52.0,1045964.625,26.73,13.860451059778276,10.095140436758967,3.322514859627687,10.095140436758967,10.095140436758967,1,0,1,0,1950,1,0,1,1,0,1,0,1,1,1,1,0,1,1,1,0,0
1885,1963,1.0,1,23706,23706,23706.0,78.0,456483.0938,13.12,13.03130913459849,10.073525642163233,2.647592232065096,10.073525642163233,10.073525642163233,1,0,1,0,1960,1,0,1,1,0,1,0,1,1,1,1,0,1,1,1,0,0
1887,1963,1.0,1,31900,31900,28000.0,71.0,1964681.25,13.7,14.490841085375257,10.370392636243981,2.6878474937846906,10.370392636243981,10.239995502805316,0,0,1,0,1960,1,0,0,1,0,1,0,0,1,1,1,0,0,1,1,0,1
1889,1917,1.0,1,49066,49066,49000.0,71.0,4504593.5,178.86,15.320608433874554,10.800941990063988,5.192178770486369,10.800941990063988,10.799595985047786,1,0,1,0,1910,1,0,1,0,1,0,0,0,0,1,0,0,0,0,1,1,0
1890,1952,1.0,3,30740,30740,28293.0,71.0,1849185.25,61.3,14.430256235420716,10.333352547467827,4.131961425793407,10.333352547467827,10.25040504701888,1,0,1,0,1950,1,0,1,0,1,0,0,1,1,1,1,0,1,1,1,0,0
1893,1959,1.0,1,67450,67450,42760.0,97.0,2842819.5,55.86,14.860307251109102,11.119156687322887,4.040592106222854,11.119156687322887,10.6633817512079,1,0,1,0,1950,1,0,1,0,1,1,1,0,0,0,0,1,0,0,0,0,0
1897,1948,1.0,1,46970,46970,46970.0,71.0,882896.5,6.16,13.69096439130791,10.757285668979632,1.9685099809725544,10.757285668979632,10.757285668979632,0,0,1,0,1940,1,0,0,1,1,0,0,0,1,1,1,0,0,1,1,0,1
1898,1931,1.0,1,47554,47554,18133.0,71.0,1083153.75,16.04,13.895388405895345,10.769642214916486,2.8355635214011694,10.769642214916486,9.805543908206001,1,0,1,0,1930,1,0,0,1,1,0,0,0,1,1,1,0,0,1,1,0,1
1899,1979,1.0,2,43016,37616,43016.0,100.0,1458046.0,60.57,14.192608426970818,10.66935066538315,4.120174738923119,10.535211354858648,10.66935066538315,1,0,1,1,1970,1,0,0,1,1,0,0,0,1,0,1,0,0,1,0,1,1
1900,1931,1.0,1,24196,24196,8711.0,71.0,1146510.375,22.29,13.952234302731096,10.093983937518093,3.1480240838962494,10.093983937518093,9.072456664612796,1,0,1,0,1930,1,0,0,1,1,0,0,0,0,1,1,0,0,1,0,0,0
1901,1940,1.0,2,20671,20671,20671.0,98.0,746543.625,24.76,13.523210673143211,9.936535406582328,3.248822901236153,9.936535406582328,9.936535406582328,1,0,1,0,1940,1,0,0,1,1,0,0,0,1,0,1,0,0,1,0,1,1
1903,1927,1.0,1,21600,21600,21600.0,57.0,557887.875,14.36,13.231915072785183,9.980494888896912,2.731766727719526,9.980494888896912,9.980494888896912,1,0,1,0,1920,1,0,0,1,0,1,0,0,1,1,1,0,0,1,1,0,1
1907,1977,1.0,1,35844,35844,35844.0,14.0,866126.375,6.04,13.671787261024349,10.486959366286973,1.951608170169951,10.486959366286973,10.486959366286973,0,0,1,0,1970,1,0,1,0,1,0,0,1,1,1,1,0,1,1,1,0,0
1908,1916,1.0,3,31774,31774,19896.0,85.0,1672465.625,18.87,14.329810115628463,10.366435096057655,2.9892110565637253,10.366435096057655,9.898324245579248,1,0,1,0,1910,1,0,0,1,0,0,0,0,1,0,1,0,0,1,0,1,1
1922,1953,1.0,1,26094,26094,26094.0,19.0,788592.5,4.95,13.57800625793671,10.169499004077514,1.7833912195575383,10.169499004077514,10.169499004077514,0,0,1,0,1950,1,0,0,1,0,1,0,0,1,1,1,0,0,1,1,0,1
1923,1983,1.0,2,23687,23687,23687.0,68.0,1175914.875,7.56,13.977557870018023,10.072723869781427,2.1471001901536506,10.072723869781427,10.072723869781427,0,0,1,0,1980,1,0,0,1,0,1,0,0,1,0,1,0,0,1,0,1,1
1924,1983,1.0,2,24221,24221,24221.0,20.0,1506510.25,10.01,14.225307105164836,10.095016590080995,2.3988039507345884,10.095016590080995,10.095016590080995,0,0,1,0,1980,1,0,0,1,0,1,0,0,1,0,1,0,0,1,0,1,1
1925,1900,1.0,2,71919,57836,34550.0,37.0,5381105.0,37.51,15.498404487218252,11.183309669145501,3.6509179478268177,10.965383988267579,10.450191772337018,0,0,1,1,1900,1,0,0,0,0,1,0,0,0,1,1,0,0,1,0,1,1
1926,1900,1.0,2,32027,32027,17526.0,54.0,3999505.25,128.41,15.20168147396513,10.374365799192525,4.862985658833579,10.374365799192525,9.771497828073176,1,0,1,0,1900,1,0,0,0,0,1,0,0,1,0,1,0,0,1,0,1,1
1927,1906,1.0,3,32160,32160,35693.0,71.0,2805826.0,19.56,14.847208884144452,10.378509817336841,3.0233474405869645,10.378509817336841,10.482737886415961,0,0,1,0,1900,1,0,0,0,0,1,0,0,1,0,1,0,0,1,0,1,1
1928,1992,1.0,3,47836,40264,43336.0,71.0,3647847.25,109.59,15.109648031175167,10.77555467762812,4.705829669087269,10.603237884229646,10.676762052574546,1,0,1,1,1990,1,0,0,1,0,1,0,0,0,1,0,0,1,0,1,1,0
1929,1914,1.0,3,34425,34425,34425.0,84.0,2143122.25,50.07,14.577774785634393,10.446567371831451,3.9331972406595526,10.446567371831451,10.446567371831451,1,0,1,0,1910,1,0,0,1,0,1,0,0,1,0,1,0,0,1,0,1,1
1934,1984,1.0,3,40304,28304,20106.0,5.0,1961581.5,13.67,14.489262103395491,10.604230809717702,2.6858045921548905,10.25079374647076,9.908823292125648,0,0,1,1,1980,1,0,1,0,1,0,0,1,0,1,1,0,1,0,0,0,1
1939,1990,1.0,1,29619,29619,15000.0,50.0,1524858.875,42.45,14.23741307855604,10.29620508782179,3.7716108517114013,10.29620508782179,9.61587214452889,1,0,1,0,1990,1,0,0,1,0,1,0,1,1,1,0,0,1,1,0,0,1
1941,1922,1.0,2,21592,21592,20700.0,47.0,1651553.75,54.24,14.317227674943767,9.980124467074832,4.0116873285410914,9.980124467074832,9.937937287265354,1,0,1,0,1920,1,0,1,0,0,1,0,1,0,0,0,0,0,1,1,1,0
1943,1931,1.0,2,23923,23923,23923.0,69.0,880687.3125,19.51,13.688459054011728,10.082637418164447,3.0209125720842893,10.082637418164447,10.082637418164447,1,0,1,0,1930,1,0,1,1,0,0,0,1,0,0,0,0,0,1,1,1,0
1944,1907,1.0,3,25200,25200,16000.0,47.0,1808592.0,37.08,14.408059752884034,10.134638955251866,3.6396892099231644,10.134638955251866,9.680406499268875,1,0,1,0,1900,1,0,1,0,0,1,0,0,1,0,1,0,0,1,0,1,1
1946,1963,1.0,2,28296,28296,26899.0,80.0,1301418.875,9.26,14.078966437941158,10.250511070945045,2.3282528397426234,10.250511070945045,10.19988156558993,0,0,1,0,1960,1,0,1,0,0,1,0,0,1,0,1,0,0,1,0,1,1
1949,1999,1.0,3,31357,31357,25500.0,55.0,2085718.125,22.48,14.550624257826039,10.353224696920396,3.1561489949598958,10.353224696920396,10.146472946063877,1,0,1,0,1990,1,0,1,0,0,1,0,0,1,0,1,0,0,1,0,1,1
1950,1968,1.0,1,160000,160000,160000.0,94.0,1157976.5,8.07,13.962185506874498,11.982935344196433,2.2049722641270453,11.982935344196433,11.982935344196433,0,0,1,0,1960,1,0,0,1,0,1,0,1,1,1,0,0,1,1,0,0,1
1951,1960,1.0,1,53550,53550,53550.0,11.0,5129831.0,174.62,15.450583468072695,10.888389749837856,5.168322569931849,10.888389749837856,10.888389749837856,1,0,1,0,1960,1,0,0,1,0,1,0,0,1,1,1,0,0,1,1,0,1
1952,1924,1.0,1,38412,38412,32000.0,62.0,1914443.25,67.05,14.464937929600854,10.556151222950184,4.220242729097475,10.556151222950184,10.373522431293592,1,0,1,0,1920,1,0,0,1,0,1,0,0,1,1,1,0,0,1,1,0,1
1953,1930,1.0,1,25881,25881,25881.0,71.0,607988.1875,3.8,13.317912377073066,10.161303025381615,1.5686159179138452,10.161303025381615,10.161303025381615,0,0,1,0,1930,1,0,0,1,0,1,0,0,1,1,0,0,0,1,1,0,0
1960,1953,1.0,1,24291,24291,24023.0,98.0,751206.5,19.61,13.52943719085191,10.097902357017466,3.0257763949023677,10.097902357017466,10.086808609663166,1,0,1,0,1950,1,0,0,1,0,1,0,0,1,0,1,0,0,1,0,1,1
1961,1966,1.0,1,36544,36544,36544.0,5.0,1338475.5,8.85,14.107042584821665,10.506299656914493,2.2874714551839976,10.506299656914493,10.506299656914493,0,0,1,0,1960,1,0,0,1,0,1,0,0,1,1,1,0,0,1,1,0,1
1963,1949,1.0,1,20796,20796,20796.0,71.0,1573106.75,51.1,14.268563679376555,9.942564024517921,3.9531649487593215,9.942564024517921,9.942564024517921,1,0,1,0,1940,1,0,0,1,0,1,0,0,1,1,1,0,0,1,1,0,1
1964,1947,1.0,1,21349,21349,13000.0,70.0,713915.5,17.04,13.478521287704202,9.96880701865677,2.8925915146344776,9.96880701865677,9.472781556562168,1,0,1,0,1940,1,0,0,1,0,1,0,1,1,1,0,0,1,1,0,0,1
1965,1936,1.0,1,38630,38630,38500.0,33.0,416885.5938,2.91,12.940569506479694,10.561810341941893,1.3635373739972745,10.561810341941893,10.55843949396453,0,0,1,0,1930,1,0,0,1,0,1,0,0,1,1,1,0,0,1,1,0,1
1966,1950,1.0,1,20724,20724,19224.0,71.0,2085116.625,83.3,14.550335826491885,9.939095980003495,4.4343818650078095,9.939095980003495,9.863966794373844,1,0,1,0,1950,1,0,0,1,0,1,0,0,1,1,1,0,0,1,1,0,1
1967,1960,1.0,1,24109,24109,24109.0,71.0,4747403.5,33.1,15.373108605615805,10.090381971175217,3.529297384289471,10.090381971175217,10.090381971175217,0,0,1,0,1960,1,0,0,1,0,1,0,0,0,1,0,1,0,0,1,1,0
1968,1955,1.0,1,25375,25375,23419.0,71.0,4069301.5,28.37,15.218982166810871,10.141559124434574,3.379973745210529,10.141559124434574,10.061345637151708,0,0,1,0,1950,1,0,0,1,0,1,1,0,0,1,0,1,0,0,1,0,1
1969,1985,1.0,1,22803,22803,19373.0,78.0,859387.1875,21.5,13.663976005173879,10.034691238151472,3.1135153092103742,10.034691238151472,9.871687239986331,1,0,1,0,1980,1,0,0,1,0,1,0,0,1,1,1,0,0,1,1,0,1
1970,1985,1.0,1,23100,23100,11550.0,71.0,4649041.0,157.07,15.352171734832817,10.047631185616188,5.063037972889304,10.047631185616188,9.35452729228868,1,0,1,0,1980,1,0,0,1,0,1,0,0,0,1,1,0,0,1,0,1,1
1971,1951,1.0,1,41550,41550,41550.0,94.0,642645.1875,4.48,13.373349599053553,10.634676867382668,1.7011051009599243,10.634676867382668,10.634676867382668,0,0,1,0,1950,1,0,0,1,0,1,1,0,0,1,0,1,0,0,1,0,1
1972,1994,1.0,2,54170,54170,54170.0,71.0,6052090.0,178.35,15.615914390128959,10.89990098888399,5.1893392039782915,10.89990098888399,10.89990098888399,1,0,1,0,1990,1,0,0,1,0,1,0,0,0,1,0,0,0,1,0,0,0
1974,1912,1.0,2,42252,42252,42252.0,49.0,2617491.25,102.35,14.77772726088195,10.65143063618168,4.638121286127777,10.65143063618168,10.65143063618168,1,0,1,0,1910,1,0,1,0,1,1,0,1,0,0,0,0,0,1,1,1,0
1975,1955,1.0,1,23100,23100,23250.0,71.0,893514.5,13.87,13.702918960940947,10.047631185616188,2.6993457604720636,10.047631185616188,10.054103420843255,1,0,1,0,1950,1,0,0,1,0,1,0,0,1,1,0,0,0,1,1,0,0
1976,1981,1.0,3,22895,22895,22895.0,96.0,505585.0,12.92,13.133473431557995,10.038717501796231,2.6333266549062735,10.038717501796231,10.038717501796231,1,0,1,0,1980,1,0,1,0,1,1,0,1,1,1,1,0,1,1,1,0,0
1988,2006,1.0,6,48179,41047,48179.0,71.0,837795.8125,12.22,13.638530882880529,10.782699276168863,2.5817308344235403,10.622497392621801,10.782699276168863,1,0,1,1,2000,1,0,0,0,1,0,0,0,1,1,0,0,0,1,1,0,0
1991,1937,1.0,1,52325,52325,52325.0,67.0,919070.8125,18.03,13.731119540287073,10.865248658455041,2.946016681308058,10.865248658455041,10.865248658455041,1,0,1,0,1930,1,0,0,1,0,1,0,0,1,1,1,0,0,1,1,0,1
1992,1920,1.0,4,20600,20600,20600.0,71.0,318703.1875,9.71,12.672018639635079,9.933094897288786,2.3711778844596574,9.933094897288786,9.933094897288786,1,0,1,0,1920,1,0,0,1,0,1,0,0,0,1,0,0,1,0,1,0,1
1994,1944,1.0,1,25880,25880,25880.0,100.0,162960.0,1.14,12.001266187357068,10.161264387744689,0.76080582903376,10.161264387744689,10.161264387744689,0,0,1,0,1940,1,0,0,1,0,1,0,1,1,0,0,0,1,0,0,1,0
1995,1960,1.0,1,45842,45842,49802.0,99.0,847703.375,12.55,13.650287239607126,10.732977794273367,2.60638654732571,10.732977794273367,10.815830502162186,1,0,1,0,1960,1,0,0,1,0,1,0,0,1,1,1,0,0,1,1,0,1
1996,1972,1.0,1,31365,31365,31365.0,71.0,678829.8125,5.09,13.428127203916592,10.35347978269437,1.8066480817218056,10.35347978269437,10.35347978269437,1,0,1,0,1970,1,0,0,1,0,1,0,0,0,1,0,0,0,1,0,0,0
1997,1910,1.0,1,32100,32100,32100.0,71.0,904458.125,25.77,13.715092392083255,10.376642461280849,3.2872818575322613,10.376642461280849,10.376642461280849,1,0,1,0,1910,1,0,0,1,0,1,0,0,0,1,0,0,0,1,0,0,0
1998,1966,1.0,1,20520,20520,15400.0,20.0,1284942.5,40.85,14.066225306473203,9.929204031040765,3.7340917969354845,9.929204031040765,9.642187721358466,1,0,1,0,1960,1,0,0,1,0,1,0,0,1,1,1,0,0,1,1,0,1
1999,1945,1.0,1,22972,22972,22972.0,12.0,539778.5,3.45,13.198916001816366,10.04207489229217,1.4929040961781488,10.04207489229217,10.04207489229217,0,0,1,0,1940,1,0,0,1,0,1,0,0,1,1,1,0,0,1,1,0,1
2000,1953,1.0,1,24990,24990,25649.0,80.0,550746.6875,8.7,13.219032065835984,10.126271039034782,2.272125885509337,10.126271039034782,10.152298850598916,1,0,1,0,1950,1,0,0,1,0,1,0,0,1,1,1,0,0,1,1,0,1
2001,1951,1.0,2,24000,24000,22740.0,71.0,1497394.75,40.94,14.219237990521723,10.085850775128717,3.7362400254737738,10.085850775128717,10.03192474171143,1,0,1,0,1950,1,0,0,1,0,1,0,1,1,0,0,0,1,0,0,1,0
2002,1963,1.0,1,100386,100386,50628.0,71.0,4060714.75,95.93,15.21686980914356,11.516787995784526,4.573989068504517,11.516787995784526,10.832279813633209,1,0,1,0,1960,1,0,0,1,0,1,0,0,1,1,1,0,0,1,1,0,1
2003,1966,1.0,1,24354,24354,18470.0,10.0,735907.8125,17.29,13.50886149397548,10.100492446240644,2.906354462402774,10.100492446240644,9.82395721357932,1,0,1,0,1960,1,0,0,1,0,1,0,1,1,1,0,0,1,1,0,0,1
2004,1959,1.0,1,33600,33600,24000.0,58.0,918950.6875,15.35,13.730988829226881,10.422311107413181,2.7942278973432626,10.422311107413181,10.085850775128717,1,0,1,0,1950,1,0,0,1,0,1,0,1,1,1,0,0,1,1,0,0,1
2005,1974,1.0,1,20819,20819,20819.0,71.0,1891759.125,51.27,14.453018236729573,9.94366934216896,3.9564225927248304,9.94366934216896,9.94366934216896,1,0,1,0,1970,1,0,0,1,0,1,0,0,0,1,0,1,0,0,1,1,0
2006,1967,1.0,1,23296,23296,19471.0,71.0,1639903.75,40.01,14.310148718845422,10.056079875899302,3.713815939403968,10.056079875899302,9.876732815227308,1,0,1,0,1960,1,0,0,1,0,1,0,0,1,1,1,0,0,1,1,0,1
2007,1954,1.0,1,35222,35222,15000.0,71.0,1840153.25,40.42,14.425359957593242,10.469454557298322,3.723763855967438,10.469454557298322,9.61587214452889,1,0,1,0,1950,1,0,0,1,0,1,0,0,0,1,1,0,0,1,1,0,1
2008,1957,1.0,1,25520,25520,25200.0,100.0,1777297.75,59.0,14.39060521343382,10.147256921643994,4.0943445622221,10.147256921643994,10.134638955251866,1,0,1,0,1950,1,0,0,1,0,1,1,0,0,1,0,1,0,0,1,0,1
2019,1952,1.0,1,25460,25460,8223.0,71.0,907591.625,5.82,13.718550906028455,10.144903148637786,1.9198594718553708,10.144903148637786,9.014811987694946,0,0,1,0,1950,1,0,0,1,0,1,0,0,0,1,0,0,0,1,0,0,0
2024,1974,1.0,2,24291,24291,24291.0,87.0,920430.625,6.42,13.732597996613897,10.097902357017466,2.004179057179289,10.097902357017466,10.097902357017466,0,0,1,0,1970,1,0,1,1,0,0,0,0,1,0,1,0,0,1,0,1,1
2025,1958,1.0,2,20738,20738,20738.0,44.0,526752.8125,3.67,13.174488569419076,9.939771264613375,1.541159071680806,9.939771264613375,9.939771264613375,0,0,1,0,1950,1,0,1,1,0,0,0,1,1,0,0,0,1,0,0,1,0
2027,2000,1.0,4,30948,30948,11729.0,71.0,975936.5,6.41,13.791153826459535,10.34009596741305,2.0028304393079956,10.34009596741305,9.36990494164752,0,0,1,0,2000,1,0,1,1,0,0,0,0,0,1,1,0,0,1,0,1,1
2029,1986,1.0,2,28385,21329,20575.0,1.0,2654316.0,18.5,14.791697929092788,10.253651344859204,2.970414465569701,9.967869811465397,9.931880627037346,0,0,1,1,1980,1,0,1,1,0,0,0,1,0,1,1,0,1,0,0,0,1
2034,1978,1.0,1,21755,21755,17650.0,71.0,956406.375,17.51,13.770939225745275,9.98764486054285,2.9183111265854063,9.98764486054285,9.77854771798028,1,0,1,0,1970,1,0,0,1,0,1,0,0,1,1,1,0,0,1,1,0,1
2035,1960,1.0,1,27933,27933,27933.0,71.0,6129780.0,42.73,15.628669581336197,10.237599863865716,3.778034365424829,10.237599863865716,10.237599863865716,0,0,1,0,1960,1,0,0,1,0,1,0,0,0,1,0,0,0,1,0,0,0
2036,1983,1.0,1,23143,23143,15609.0,75.0,1328072.5,38.87,14.099239953872504,10.04949084665597,3.6856241613932634,10.04949084665597,9.655667013509477,1,0,1,0,1980,1,0,0,1,0,1,0,0,1,0,1,0,0,1,0,1,1
2037,1962,1.0,1,28800,28800,28800.0,73.0,2438706.5,60.12,14.706978743807074,10.268165387743457,4.112839144858265,10.268165387743457,10.268165387743457,1,0,1,0,1960,1,0,0,1,0,1,0,0,1,0,1,0,0,1,0,1,1
2038,1952,1.0,1,39600,39600,39600.0,85.0,405050.4063,2.82,12.911769267169657,10.586609649448985,1.3402504226184837,10.586609649448985,10.586609649448985,0,0,1,0,1950,1,0,0,1,0,1,0,0,1,1,1,0,0,1,1,0,1
2039,1952,1.0,1,39600,39600,39600.0,91.0,522105.3125,9.25,13.165626509921225,10.586609649448985,2.327277705584417,10.586609649448985,10.586609649448985,1,0,1,0,1950,1,0,0,1,0,1,0,0,1,1,1,0,0,1,1,0,1
2040,1937,1.0,1,41248,41248,41430.0,37.0,1180859.625,16.5,13.981754073820673,10.627382149044733,2.8622008809294686,10.627382149044733,10.631784671878874,1,0,1,0,1930,1,0,0,1,0,1,0,1,1,1,0,0,1,1,0,0,1
2041,2009,1.0,1,36400,36400,21400.0,71.0,1638043.5,46.16,14.309013710303295,10.502351525774941,3.85354607566917,10.502351525774941,9.97119292889014,1,0,1,0,2000,1,0,0,1,0,1,0,0,0,1,0,0,0,1,0,0,0
2043,1920,1.0,1,31332,31332,31332.0,71.0,3573328.25,24.91,15.089008282214287,10.352427134229572,3.2546289945740186,10.352427134229572,10.352427134229572,0,0,1,0,1920,1,0,1,0,1,0,0,0,0,1,0,0,0,1,0,0,0
2045,1948,1.0,2,35864,35864,35864.0,75.0,1404208.25,43.64,14.154984890924304,10.487517168560535,3.7986303180730556,10.487517168560535,10.487517168560535,1,0,1,0,1940,1,0,1,0,1,0,0,1,1,1,1,0,1,1,1,0,0
2049,1954,1.0,1,20484,20484,20484.0,69.0,961253.6875,38.38,13.77599467625304,9.927448189980971,3.6732580732109796,9.927448189980971,9.927448189980971,1,0,1,0,1950,1,0,0,1,0,1,0,1,1,1,1,0,1,1,1,0,0
2050,1984,1.0,4,45264,27642,21743.0,4.0,1849331.25,12.89,14.430335185951895,10.72028938590954,2.6311691567662523,10.227127810341964,9.987093136390925,0,0,1,1,1980,1,0,0,0,1,0,0,1,0,1,1,0,1,0,0,0,1
2051,1987,2.0,4,36932,22356,27642.0,71.0,2824096.75,19.69,14.853699491018881,10.516860739315725,3.029650491757452,10.014894750110258,10.227127810341964,0,0,1,1,1980,1,0,0,0,1,0,0,1,0,1,1,0,1,0,0,0,1
2053,1973,1.0,4,45082,45082,45082.0,71.0,4426520.0,93.5,15.30312450617651,10.716260514297943,4.548599834499697,10.716260514297943,10.716260514297943,1,0,1,0,1970,1,0,1,0,0,1,0,0,0,1,0,0,1,0,1,1,1
2054,1951,1.0,2,41600,41600,41600.0,58.0,1376059.25,30.99,14.134735082854041,10.635879484421974,3.4654233539614268,10.635879484421974,10.635879484421974,1,0,1,0,1950,1,0,1,0,0,0,0,1,1,1,1,0,1,1,1,0,0
2056,1960,1.0,2,34110,34110,34110.0,31.0,2592728.0,17.87,14.768221546910935,10.43737519189882,2.9375733593804587,10.43737519189882,10.43737519189882,0,0,1,0,1960,1,0,0,1,0,0,0,0,1,0,1,0,0,1,0,1,1
2066,1970,1.0,1,23750,23750,19430.0,71.0,522972.1875,3.65,13.167285475002474,10.075379913839543,1.536867219599265,10.075379913839543,9.874625007851026,0,0,1,0,1970,1,0,0,1,0,1,0,0,1,1,1,0,0,1,1,0,1
2067,1970,1.0,1,43390,43390,36430.0,87.0,533742.8125,3.72,13.187671250951922,10.678007325311796,1.551808799597464,10.678007325311796,10.503175339529793,0,0,1,0,1970,1,0,0,1,0,1,0,0,1,1,1,0,0,1,1,0,1
2068,1959,1.0,1,35400,35400,35400.0,84.0,419978.6875,9.29,12.94796162599478,10.474495347310453,2.331172549845958,10.474495347310453,10.474495347310453,1,0,1,0,1950,1,0,0,1,0,1,0,0,1,1,1,0,0,1,1,0,1
2069,1966,1.0,1,28144,28144,22201.0,19.0,870127.125,8.22,13.67639574990253,10.245124997898127,2.2213750375685026,10.245124997898127,10.007937653892592,1,0,1,0,1960,1,0,0,1,0,1,0,1,1,1,0,0,1,1,0,0,1
2070,1916,1.0,3,71283,71283,57910.0,41.0,2654698.5,43.17,14.791842023578335,11.17442717729299,3.7880458256084353,11.17442717729299,10.966662628245496,1,0,1,0,1910,1,0,0,1,0,1,0,0,1,1,1,0,0,1,1,0,1
2071,1989,1.0,1,23792,23792,22992.0,71.0,2810298.5,19.88,14.84880161926019,10.077146698751429,3.038791763014438,10.077146698751429,10.042945100762001,0,0,1,0,1980,1,0,0,1,0,1,0,0,1,1,1,0,0,1,1,0,1
2072,1979,1.0,2,47368,47368,47368.0,99.0,1033962.125,7.27,13.848909670938768,10.765723285287539,2.1126345090356,10.765723285287539,10.765723285287539,0,0,1,0,1970,1,0,0,1,0,1,0,0,1,0,1,0,0,1,0,1,1
2073,1931,1.0,1,46183,46183,18871.0,71.0,1898673.75,27.92,14.456666700770372,10.74038869674077,3.3645333972905638,10.74038869674077,9.845434621087511,1,0,1,0,1930,1,0,0,1,0,1,0,0,0,1,1,0,0,1,1,0,1
2074,1984,1.0,5,72613,49825,49825.0,84.0,2756929.5,41.96,14.829628481128164,11.192913019687698,3.7602694502006093,10.81629221512545,10.81629221512545,1,0,1,1,1980,1,0,1,0,0,1,0,0,1,0,1,0,0,1,0,1,1
2077,1989,1.0,3,51672,51672,51672.0,97.0,1523036.0,20.3,14.236216925738471,10.852690680366042,3.0587070727153796,10.852690680366042,10.852690680366042,1,0,1,0,1980,1,0,1,0,1,1,0,1,0,0,0,0,0,1,1,1,0
2078,1990,1.0,2,38352,27270,19987.0,36.0,2108861.75,14.7,14.5616593791071,10.55458803059373,2.7536607123542622,10.213579145500994,9.902887372464095,0,0,1,1,1990,1,0,1,0,1,1,0,1,0,1,1,0,1,0,0,0,1
2080,1995,1.0,1,28425,28425,14081.0,71.0,2326238.0,57.25,14.659763358286902,10.255059498298957,4.06474409244581,10.255059498298957,9.552652665079078,1,0,1,0,1990,1,0,1,0,1,1,0,0,0,1,1,0,0,0,1,0,1
2084,2009,1.0,3,35115,35115,35115.0,71.0,2053325.25,31.94,14.534971597160318,10.4664121460461,3.494687724749494,10.4664121460461,10.4664121460461,1,0,1,0,2000,1,0,1,1,0,0,0,0,0,1,0,0,0,1,0,1,0
2086,1972,1.0,1,66704,66704,23904.0,71.0,677904.625,19.77,13.426763361068655,11.108035191612906,3.033509637888021,11.108035191612906,10.081842921060204,1,0,1,0,1970,1,0,1,0,0,0,0,0,0,1,1,1,0,1,1,1,0
2087,1969,1.0,1,25658,25658,18854.0,71.0,1063960.125,18.87,13.877509411562112,10.152649666248891,2.9892110565637253,10.152649666248891,9.844533409692458,1,0,1,0,1960,1,0,1,0,0,0,0,0,1,1,1,0,0,1,1,0,1
2092,1907,1.0,2,36000,36000,27600.0,95.0,1085871.625,18.04,13.89789448438359,10.491301994830229,2.9465420293632194,10.491301994830229,10.225607282932941,1,0,1,0,1900,1,0,0,0,1,1,0,0,1,0,1,0,0,1,0,1,1
2095,1913,1.0,1,36000,36000,18000.0,59.0,1280845.875,26.52,14.063032038214805,10.491301994830229,3.314913013065143,10.491301994830229,9.798182590890704,1,0,1,0,1910,1,0,0,0,1,1,0,0,0,1,1,0,1,1,0,1,0
2096,1915,1.0,2,43200,43200,43200.0,38.0,2061027.625,49.18,14.538715748665036,10.673618922112436,3.9156165409382764,10.673618922112436,10.673618922112436,1,0,1,0,1910,1,0,0,0,1,1,0,0,1,1,1,0,0,1,1,0,1
2097,1913,1.0,4,53840,40970,42800.0,71.0,3034711.5,46.85,14.925627249817405,10.893790537697386,3.8680711178989635,10.620619778346533,10.664316745782925,1,0,1,1,1910,1,0,0,1,0,1,0,0,1,0,1,0,0,1,0,1,1
2098,1975,1.0,1,43794,43794,34038.0,88.0,1278856.25,23.5,14.061477463698742,10.68727493459719,3.1986731175506815,10.68727493459719,10.435262205052501,1,0,1,0,1970,1,0,0,1,0,1,0,1,1,0,0,0,1,0,0,1,0
2099,1968,1.0,1,48280,48280,40780.0,18.0,3123892.75,78.57,14.954590778479847,10.784793387507323,4.3766371373894435,10.784793387507323,10.615971565652215,1,0,1,0,1960,1,0,0,1,0,1,0,0,1,1,1,0,0,1,1,0,1
2100,1954,1.0,1,36040,36040,31476.0,71.0,390592.0,7.74,12.875421376117176,10.49241245828517,2.167910189667444,10.49241245828517,10.357012399387852,1,0,1,0,1950,1,0,0,1,0,1,0,1,1,1,0,0,1,1,0,0,1
2101,1965,1.0,1,32822,32822,35042.0,42.0,9134359.0,219.93,16.02755368513192,10.3988847681449,5.397845909262937,10.3988847681449,10.464331157823805,1,0,1,0,1960,1,0,0,0,1,0,1,0,0,0,0,1,0,0,0,0,0
2104,1950,1.0,2,20385,20385,20385.0,65.0,908877.375,34.04,13.719966563327391,9.922603669728359,3.5564902660681907,9.922603669728359,9.922603669728359,1,0,1,0,1950,1,0,0,0,1,0,0,1,1,1,1,0,1,1,1,0,0
2105,1946,1.0,1,24295,24295,24295.0,53.0,227074.2969,1.51,12.333036945867082,10.098067006725584,0.9202827531436926,10.098067006725584,10.098067006725584,0,0,1,0,1940,1,0,0,0,1,0,0,1,1,1,1,0,1,1,1,0,0
2106,1967,1.0,2,20317,20317,20317.0,83.0,633770.5,4.33,13.359443758361397,9.919262471651491,1.673351238177753,9.919262471651491,9.919262471651491,0,0,1,0,1960,1,0,0,0,1,0,0,0,1,0,1,0,0,1,0,1,1
2109,1973,1.0,1,24377,24377,24377.0,6.0,10133933.0,260.32,16.131400152267357,10.101436365215783,5.56574570997255,10.101436365215783,10.101436365215783,1,0,1,0,1970,1,0,0,0,1,0,1,0,0,0,0,1,0,0,0,0,0
2114,1986,1.0,1,33392,33392,33392.0,71.0,2786648.75,19.43,14.840350625800186,10.416101576161335,3.0170044088295307,10.416101576161335,10.416101576161335,0,0,1,0,1980,1,0,1,0,0,0,0,0,0,1,0,1,1,0,0,1,1
2115,1986,1.0,1,45155,45155,45155.0,6.0,6732712.5,158.63,15.722488815010607,10.717878440381437,5.072858637276387,10.717878440381437,10.717878440381437,1,0,1,0,1980,1,0,1,0,0,0,1,0,0,0,0,1,0,0,0,0,0
2119,1966,1.0,1,32000,32000,32040.0,3.0,2340055.75,41.77,14.665685739176558,10.373522431293592,3.7558369222388173,10.373522431293592,10.37477161168151,1,0,1,0,1960,1,0,0,1,0,1,0,0,1,1,1,0,0,1,1,0,1
2120,1970,1.0,1,44000,44000,45449.0,15.0,4947630.5,175.53,15.414419535185983,10.691967639914864,5.173490833601192,10.691967639914864,10.724368099605625,1,0,1,0,1970,1,0,0,1,0,1,0,0,1,1,1,0,0,1,1,0,1
2121,1973,1.0,1,36000,36000,36000.0,44.0,3253334.25,124.4,14.995191258860336,10.491301994830229,4.83150862819882,10.491301994830229,10.491301994830229,1,0,1,0,1970,1,0,0,1,0,1,0,0,1,1,1,0,0,1,1,0,1
2122,1979,1.0,1,31360,31360,29640.0,71.0,1526335.25,43.18,14.238380813866874,10.353320361711043,3.788272197991971,10.353320361711043,10.296913817032536,1,0,1,0,1970,1,0,0,1,0,1,0,0,1,1,1,0,0,1,1,0,1
2123,1979,1.0,1,33320,33320,32200.0,71.0,2499644.75,64.75,14.731659579798036,10.41394310783523,4.185859671057874,10.41394310783523,10.379752786950895,1,0,1,0,1970,1,0,0,1,0,1,0,0,1,1,1,0,0,1,1,0,1
2124,1979,1.0,1,48020,48020,47800.0,71.0,2567827.75,59.14,14.758571255431297,10.779393694214807,4.096675177560383,10.779393694214807,10.774801838762809,1,0,1,0,1970,1,0,0,1,0,1,0,0,1,1,1,0,0,1,1,0,1
2125,1979,1.0,1,27420,27420,27850.0,55.0,1340563.125,39.05,14.10860107214214,10.219064422181425,3.6901286735143684,10.219064422181425,10.23462415135353,1,0,1,0,1970,1,0,0,1,0,1,0,0,1,1,1,0,0,1,1,0,1
2131,1949,1.0,2,43645,43645,37000.0,71.0,2332477.5,85.15,14.662441994083448,10.683866919038945,4.456089962973938,10.683866919038945,10.518700218288165,1,0,1,0,1940,1,0,0,0,1,0,0,1,0,0,0,0,0,1,1,1,0
2133,1952,1.0,1,26853,26853,20360.0,68.0,1453484.75,21.46,14.18947519501144,10.198170064632654,3.111735949310297,10.198170064632654,9.921376585371869,1,0,1,0,1950,1,0,0,0,1,0,0,1,1,0,0,0,1,0,0,1,0
2134,1909,1.0,4,44775,44775,44775.0,71.0,1095347.375,29.88,13.906583021318472,10.709427560571196,3.4301087251565754,10.709427560571196,10.709427560571196,1,0,1,0,1900,1,0,0,1,0,1,0,0,0,1,0,0,0,1,0,0,0
2138,1916,2.0,1,27760,27760,19715.0,71.0,3262533.0,112.82,14.998014752014722,10.231387437026681,4.734618253174978,10.231387437026681,9.889185767825268,1,0,1,0,1910,1,0,0,1,0,1,0,0,0,1,0,0,0,1,0,0,0
2139,1937,1.0,1,20975,20975,13144.0,71.0,347437.6875,6.46,12.758343489570898,9.95113420600348,2.0095554142156695,9.95113420600348,9.483796737163981,1,0,1,0,1930,1,0,0,1,0,1,0,0,0,1,0,0,0,0,0,1,1
2140,1918,1.0,1,26075,26075,26075.0,71.0,1646355.25,17.6,14.314075070579598,10.16877063004443,2.9231615807191558,10.16877063004443,10.16877063004443,1,0,1,0,1910,1,0,0,1,0,1,0,0,0,1,0,0,0,1,0,0,0
2141,1992,1.0,1,29394,29394,29394.0,60.0,1597845.25,26.27,14.28416718666197,10.288579870836355,3.305787196857497,10.288579870836355,10.288579870836355,1,0,1,0,1990,1,0,0,1,0,1,0,0,1,1,1,0,0,1,1,0,1
2143,1926,1.0,2,20400,20400,15000.0,69.0,501439.6875,12.17,13.125240609200226,9.923339198238729,2.5779415157551897,9.923339198238729,9.61587214452889,1,0,1,0,1920,1,0,0,1,0,1,0,0,1,1,1,0,0,1,1,0,1
2144,1926,1.0,1,20460,20460,20460.0,16.0,903541.875,6.3,13.714078842232716,9.92627591416656,1.9878743481543455,9.92627591416656,9.92627591416656,0,0,1,0,1920,1,0,0,1,0,1,0,0,1,0,1,0,0,1,0,1,1
2145,1925,1.0,2,25821,25821,25821.0,71.0,214950.9063,1.46,12.27816959045919,10.158982120734663,0.9001613499442714,10.158982120734663,10.158982120734663,0,0,1,0,1920,1,0,0,1,0,1,0,0,1,1,0,0,0,1,1,0,0
2146,1955,1.0,2,21870,21870,21870.0,45.0,1067194.5,7.49,13.880544737492928,9.992916837362552,2.138889000323256,9.992916837362552,9.992916837362552,0,0,1,0,1950,1,0,0,1,0,1,1,0,0,1,0,1,0,0,1,0,1
2147,1988,3.0,1,51664,51664,51664.0,71.0,3743867.25,66.77,15.135629926323698,10.852535848648456,4.216119619148022,10.852535848648456,10.852535848648456,1,0,1,0,1980,1,0,0,1,0,1,0,0,1,1,1,0,0,1,1,0,1
2148,1970,1.0,1,43615,43615,43615.0,89.0,3389213.25,106.35,15.03610866782965,10.68317933449626,4.67609452432479,10.68317933449626,10.68317933449626,1,0,1,0,1970,1,0,1,1,0,1,0,1,0,1,1,0,1,0,0,0,1
2149,1970,1.0,3,36879,36879,16855.0,26.0,1196289.375,7.98,13.994735972485904,10.51542467767053,2.194999882314108,10.51542467767053,9.732461955484025,0,0,1,0,1970,1,0,1,1,0,1,0,0,1,0,1,0,0,1,0,1,1
2150,2002,1.0,2,28531,28531,28303.0,71.0,3611021.0,92.7,15.099501392736189,10.258781543397928,4.540098189244376,10.258781543397928,10.250758416399567,1,0,1,0,2000,1,0,1,1,0,1,0,0,0,1,0,0,0,1,0,0,0
2151,1982,1.0,2,36600,36600,43556.0,80.0,320606.5938,2.15,12.677973205090426,10.50783084142058,1.1474024528375417,10.50783084142058,10.681825704151798,0,0,1,0,1980,1,0,1,1,0,1,0,0,1,1,1,0,0,1,1,0,1
2152,2004,1.0,5,35176,35176,14452.0,71.0,1080492.375,7.05,13.892928323489642,10.468147738930524,2.0856720914304723,10.468147738930524,9.578657284448841,0,0,1,0,2000,1,0,1,0,1,0,0,0,0,1,1,0,0,1,0,1,1
2157,1940,1.0,2,41293,26050,26393.0,71.0,3023468.0,61.68,14.921915405624816,10.628472489944825,4.13804241748782,10.167811434160654,10.180891990576775,1,0,1,1,1940,1,0,0,1,0,0,0,0,1,0,0,0,0,1,0,0,1
2159,1941,1.0,1,48890,48890,30889.0,49.0,2315404.0,61.6,14.655095176205524,10.797348609444098,4.136765278106052,10.797348609444098,10.338187785912627,1,0,1,0,1940,1,0,0,1,0,1,0,0,1,1,1,0,0,1,1,0,1
2160,2000,1.0,3,43473,43473,43473.0,3.0,4416909.5,30.79,15.300951027751685,10.679918337232811,3.459151774922711,10.679918337232811,10.679918337232811,0,0,1,0,2000,1,0,0,1,0,1,0,0,1,0,1,0,0,1,0,1,1
2162,1990,1.0,1,40265,40265,40793.0,19.0,3766310.0,35.48,15.141606565777398,10.603262719386294,3.5967641652061304,10.603262719386294,10.616290290754515,1,0,1,0,1990,1,0,1,1,0,1,0,1,1,0,0,0,1,0,0,1,0
2163,2005,1.0,1,26208,26208,32427.0,79.0,1761050.125,37.61,14.381421418857043,10.17385814221302,3.653511310276145,10.17385814221302,10.386777526107597,1,0,1,0,2000,1,0,1,1,0,1,0,1,1,0,0,0,1,0,0,1,0
2166,1975,1.0,2,27227,27227,29064.0,71.0,8556389.0,286.89,15.962188930193289,10.212001134567842,5.662578462732144,10.212001134567842,10.277289980135452,1,0,1,0,1970,1,0,1,1,0,1,0,0,0,1,0,1,0,0,1,1,1
2167,1926,1.0,1,42172,42172,12000.0,71.0,3705229.5,152.14,15.125256028002532,10.649535484831526,5.031352535684977,10.649535484831526,9.392745258631441,1,0,1,0,1920,1,0,0,1,1,1,0,0,0,1,1,1,0,1,1,1,0
2168,1910,1.0,5,32250,32250,32250.0,92.0,866241.875,11.44,13.671920604344198,10.381304329495126,2.5209170873110334,10.381304329495126,10.381304329495126,1,0,1,0,1910,1,0,0,0,0,1,0,0,1,0,1,0,0,1,0,1,1
2170,1953,1.0,1,51000,51000,51000.0,95.0,1330840.875,14.17,14.10132228866688,10.839600519357369,2.719319793360441,10.839600519357369,10.839600519357369,1,0,1,0,1950,1,0,1,0,0,0,0,1,1,0,0,0,1,0,0,1,0
2182,1916,1.0,1,27000,27000,9000.0,71.0,248334.9063,1.6,12.42253756957951,10.203629181337648,0.9555114450274363,10.203629181337648,9.105090961257085,0,0,1,0,1910,1,0,0,1,0,1,0,0,0,1,1,0,0,1,0,0,0
2183,1935,1.0,2,20747,20747,11815.0,71.0,1051152.375,17.45,13.865398571657275,9.940205135471292,2.915064370486536,9.940205135471292,9.377209824211215,1,0,1,0,1930,1,0,0,1,0,1,0,0,0,1,0,0,0,0,0,1,1
2184,1928,1.0,2,40800,40800,36000.0,71.0,929876.625,27.83,13.742808270449734,10.616461869895815,3.3614165116503107,10.616461869895815,10.491301994830229,1,0,1,0,1920,1,0,0,1,0,1,0,0,1,1,1,0,0,1,1,0,1
2185,1920,1.0,2,20150,20150,20150.0,80.0,592196.6875,4.02,13.291595789711238,9.911009193934975,1.6134299337036377,9.911009193934975,9.911009193934975,0,0,1,0,1920,1,0,0,1,0,1,0,0,1,0,1,0,0,1,0,1,1
2186,1909,1.0,7,36000,36000,31500.0,40.0,1682454.875,11.73,14.335765114302733,10.491301994830229,2.543961412569315,10.491301994830229,10.357774570341576,0,0,1,0,1900,1,0,0,0,0,1,0,0,1,0,1,0,0,1,0,1,1
2187,1938,1.0,2,41276,41276,24300.0,71.0,2880753.0,96.62,14.87356262340259,10.628060723095926,4.5810823904590015,10.628060723095926,10.098272780745283,1,0,1,0,1930,1,0,0,1,0,1,0,0,1,1,1,0,0,1,1,0,1
2188,1937,1.0,2,24430,24430,15667.0,71.0,1297406.125,23.62,14.075878311498748,10.103608096692797,3.2035591207563074,10.103608096692797,9.659375694785721,1,0,1,0,1930,1,0,0,1,0,1,1,0,0,1,0,1,0,0,1,0,1
2190,1927,1.0,1,22580,22580,22580.0,90.0,937950.625,9.65,13.751453654163786,10.024864123702642,2.365559892155434,10.024864123702642,10.024864123702642,1,0,1,0,1920,1,0,0,1,0,1,0,0,1,0,1,0,0,1,0,1,1
2192,1926,1.0,1,20000,20000,20000.0,18.0,877874.875,33.52,13.685260490185872,9.90353755128617,3.541538866215227,9.90353755128617,9.90353755128617,1,0,1,0,1920,1,0,1,0,0,1,0,0,1,1,1,0,0,1,1,0,1
2193,1954,1.0,1,42000,42000,38000.0,71.0,2298245.25,82.07,14.647656890048394,10.645448706505872,4.41968362585098,10.645448706505872,10.545367754151743,1,0,1,0,1950,1,0,1,0,0,1,0,0,1,1,1,0,0,1,1,0,1
2199,1962,1.0,1,24248,24248,21018.0,71.0,120610.5,0.79,11.700329915279656,10.096130658401954,0.5822156198526637,10.096130658401954,9.95318206955998,1,0,1,0,1960,1,0,1,0,0,1,0,0,1,1,0,0,0,1,1,0,0
2202,2009,1.0,6,244500,244500,244500.0,100.0,11314740.0,292.8,16.241616946818727,12.40697467786825,5.682899263739777,12.40697467786825,12.40697467786825,1,0,1,0,2000,1,0,1,1,0,0,0,1,0,1,0,0,1,0,0,0,0
2205,1932,1.0,1,24617,24617,22752.0,71.0,109471.7969,0.75,11.603431367237828,10.11123316167024,0.5596157879354227,10.11123316167024,10.032452283817127,0,0,1,0,1930,1,0,0,1,0,1,0,0,1,1,1,0,0,1,1,0,1
2206,2009,1.0,3,127065,42355,84710.0,71.0,3363692.75,22.62,15.028550258475406,11.752461915490594,3.1620938107692163,10.653865366550345,11.34700074233762,0,0,1,1,2000,1,0,0,1,0,1,0,0,0,1,0,0,1,1,0,1,0
2207,1964,1.0,1,37247,37247,37247.0,69.0,1988034.875,58.36,14.502657711810482,10.52535353109111,4.083620598859125,10.52535353109111,10.52535353109111,1,0,1,0,1960,1,0,0,1,0,1,0,1,1,0,0,0,1,0,0,1,0
2212,1993,1.0,1,25384,25384,23468.0,11.0,3207111.5,77.23,14.980881557573584,10.141913727381494,4.359653205696989,10.141913727381494,10.06343568035319,1,0,1,0,1990,1,0,0,1,1,1,0,1,1,0,0,0,1,0,0,1,0
2214,1910,1.0,3,49052,49052,32393.0,96.0,1441445.625,10.05,14.181157767973051,10.800656625202697,2.402430427963762,10.800656625202697,10.385728499446342,0,0,1,0,1910,1,0,0,1,0,1,0,0,1,0,1,0,0,1,0,1,1
2215,1900,1.0,2,52110,52110,32000.0,34.0,671037.375,25.15,13.41658160507855,10.861131337893761,3.263849190510932,10.861131337893761,10.373522431293592,1,0,1,0,1900,1,0,0,1,0,1,0,0,1,1,1,0,0,1,1,0,1
2217,1937,1.0,2,39036,39036,27636.0,71.0,1633524.125,39.25,14.306250890988537,10.572265193312061,3.6951100038645723,10.572265193312061,10.226910733640675,1,0,1,0,1930,1,0,0,1,0,1,0,0,1,0,1,0,0,1,0,1,1
2218,1923,1.0,1,26310,26310,24000.0,96.0,841208.1875,14.99,13.642595644648328,10.177742381673879,2.771963526845863,10.177742381673879,10.085850775128717,1,0,1,0,1920,1,0,0,1,0,1,0,0,1,0,1,0,0,1,0,1,1
2222,1966,1.0,1,37883,37883,28734.0,88.0,12869714.0,413.1,16.37038743480497,10.542284138345991,6.026107490551522,10.542284138345991,10.265871170941843,1,0,1,0,1960,1,0,1,0,1,1,0,1,1,0,0,0,1,0,0,1,0
2225,1962,1.0,3,29874,29874,31375.0,95.0,1478408.125,54.27,14.206477152063712,10.304777289233812,4.012230265845171,10.304777289233812,10.353798548436128,1,0,1,0,1960,1,0,1,1,0,1,0,1,0,0,0,0,0,1,1,1,0
2227,1965,1.0,1,20140,20140,22000.0,35.0,1164370.875,47.08,13.967692336491124,9.910512817472881,3.872866290226952,9.910512817472881,9.99884318585288,1,0,1,0,1960,1,0,0,1,1,0,0,1,1,1,1,0,1,1,1,0,0
2228,1990,1.0,2,71874,40485,71874.0,71.0,1393424.5,44.97,14.147275661970484,11.182683778099651,3.8279890098181366,10.608711514321522,11.182683778099651,1,0,1,1,1990,1,0,1,0,0,0,0,0,1,1,0,0,0,1,1,0,0
2231,1971,1.0,2,39953,39953,30100.0,93.0,1608929.125,28.05,14.291079997436736,10.595484071338678,3.3690184832979204,10.595484071338678,10.31231367277647,1,0,1,0,1970,1,0,1,0,0,1,0,0,1,0,1,0,0,1,0,1,1
2234,1998,1.0,2,21200,21200,14168.0,15.0,1652954.75,11.69,14.318075606934869,9.961803629358965,2.540814281726296,9.961803629358965,9.558811758564227,0,0,1,0,1990,1,0,1,0,0,1,0,1,1,0,0,0,1,0,0,1,0
2235,1980,1.0,1,30630,30630,28470.0,27.0,6194518.0,42.24,15.639175426770292,10.329767847024877,3.7667659927710075,10.329767847024877,10.256641304347884,0,0,1,0,1980,1,0,1,0,0,1,1,0,0,0,0,1,0,0,0,0,0
2236,1980,1.0,2,23421,23421,19271.0,25.0,1955353.0,13.22,14.486081809178453,10.061431030602083,2.6546494243750947,10.061431030602083,9.866408544294707,0,0,1,0,1980,1,0,1,0,0,1,0,1,1,0,0,0,1,0,0,1,0
2239,1931,1.0,3,117116,117116,117116.0,83.0,6499178.0,256.31,15.68718641919607,11.670928714112977,5.55028158367044,11.670928714112977,11.670928714112977,1,0,1,0,1930,1,0,0,1,1,1,0,1,0,0,0,0,0,1,1,1,0
2240,1928,1.0,2,24120,24120,24120.0,66.0,1024822.188,31.54,13.840030656162698,10.090838109351523,3.482470101790892,10.090838109351523,10.090838109351523,1,0,1,0,1920,1,0,0,1,1,1,0,1,1,1,1,0,1,1,1,0,0
2241,1929,1.0,3,35736,35736,28970.0,88.0,1342448.875,51.15,14.110006767610383,10.483941845626783,3.9541241814467813,10.483941845626783,10.274050608635028,1,0,1,0,1920,1,0,0,1,1,1,0,1,1,1,1,0,1,1,1,0,0
2244,1941,1.0,1,51050,51050,49500.0,10.0,1355995.25,27.75,14.120046981991928,10.840580412039547,3.3586377672433594,10.840580412039547,10.809748150372926,1,0,1,0,1940,1,0,0,1,0,1,0,0,1,1,1,0,0,1,1,0,1
2245,1954,1.0,2,21900,21900,21900.0,40.0,1439042.25,42.66,14.179489041012006,9.994287576862567,3.7764323511217976,9.994287576862567,9.994287576862567,1,0,1,0,1950,1,0,0,1,0,1,0,1,1,0,0,0,1,0,0,1,0
2246,1952,1.0,1,16300,16300,65164.0,100.0,150167.7969,1.6,11.919515253055366,9.69898173460629,0.9555114450274363,9.69898173460629,11.08467779396482,1,0,1,0,1950,1,0,0,1,0,1,0,1,1,1,0,0,1,1,0,0,1
2247,1964,1.0,1,33462,33462,33462.0,1.0,1386445.375,9.67,14.142254466766394,10.41819562981634,2.367436065313662,10.41819562981634,10.41819562981634,0,0,1,0,1960,1,0,0,1,0,1,0,0,1,1,1,0,0,1,1,0,1
2248,1952,1.0,1,35310,35310,10471.0,71.0,1519845.5,44.68,14.23411990088084,10.47194980911048,3.821660565347755,10.47194980911048,9.256460307589736,1,0,1,0,1950,1,0,0,1,0,1,0,0,0,1,1,0,0,1,0,0,0
2252,1962,1.0,3,36140,36140,34733.0,71.0,4653535.0,32.44,15.353137918690582,10.495183233934963,3.5097527882165007,10.495183233934963,10.45547431330706,0,0,1,0,1960,1,0,0,1,0,1,0,0,0,1,0,0,0,1,0,0,0
2253,1991,1.0,2,47963,26579,29640.0,71.0,8224244.0,298.91,15.922597057089376,10.778206008499323,5.703482429647199,10.187914332267237,10.296913817032536,1,0,1,1,1990,1,0,0,0,0,1,0,0,0,1,0,0,0,1,1,1,1
2254,1930,1.0,1,23903,23903,18350.0,65.0,486884.9063,14.37,13.095785095972435,10.081801087932543,2.7324175575505043,10.081801087932543,9.817439347910675,1,0,1,0,1930,1,0,0,0,0,1,0,0,1,1,1,0,0,1,1,0,1
2255,1947,1.0,3,22522,22522,22522.0,71.0,630412.625,23.52,13.354131430553664,10.022292288301378,3.1994891110680106,10.022292288301378,10.022292288301378,1,0,1,0,1940,1,0,0,0,1,0,0,0,1,1,0,0,0,1,1,0,0
2256,1996,1.0,4,38959,38959,38959.0,71.0,963968.1875,23.84,13.778814609907576,10.57029075775647,3.212455257065278,10.57029075775647,10.57029075775647,1,0,1,0,1990,1,0,0,0,1,0,0,0,1,1,0,0,0,1,1,0,0
2259,1928,1.0,2,25955,25955,14150.0,71.0,1218112.0,8.49,14.012813497989692,10.164158075741058,2.2502386126218363,10.164158075741058,9.557540571952371,0,0,1,0,1920,1,0,0,1,0,1,0,0,1,1,1,0,0,1,1,0,1
2278,1951,1.0,2,21936,21936,21936.0,96.0,686216.5,28.78,13.438949911850168,9.995929987925688,3.393837027255863,9.995929987925688,9.995929987925688,1,0,1,0,1950,1,0,1,0,0,0,0,1,1,1,1,0,1,1,1,0,0
2280,1960,1.0,1,25406,25406,25406.0,71.0,2484501.5,41.96,14.725582996262686,10.142780005589708,3.7602694502006093,10.142780005589708,10.142780005589708,1,0,1,0,1960,1,0,1,1,0,0,0,0,0,1,0,1,1,0,1,0,0
2289,1967,1.0,2,23250,23250,22014.0,55.0,888432.5,6.3,13.697215078531004,10.054103420843255,1.9878743481543455,10.054103420843255,9.999479318189854,0,0,1,0,1960,1,0,1,0,1,1,0,0,1,0,1,0,0,1,0,1,1
2292,1960,1.0,1,30000,30000,30000.0,32.0,3246531.0,120.72,14.99309790765093,10.308985993422082,4.80172332502877,10.308985993422082,10.308985993422082,1,0,1,0,1960,1,0,0,1,0,1,0,0,1,1,1,0,0,1,1,0,1
2293,1962,1.0,1,45036,45036,21110.0,71.0,1989787.875,49.53,14.503539098107595,10.71523965313516,3.9225672193038172,10.71523965313516,9.957549510634658,1,0,1,0,1960,1,0,0,1,0,1,0,0,1,1,1,0,0,1,1,0,1
2314,2009,1.0,39,1074552,962428,311521.0,65.0,26932200.0,449.59,17.108833191860214,13.887415319115817,6.110557835119837,13.777215576189448,12.649225240718957,1,0,1,1,2000,1,0,0,0,0,1,0,0,0,1,1,0,1,1,0,1,1
2324,1959,1.0,2,122679,122679,101035.0,71.0,17612938.0,588.25,16.6841443603575,11.717334618228188,6.378850541816241,11.717334618228188,11.523232167958868,1,0,1,0,1950,1,0,0,1,1,0,0,0,1,0,0,0,0,1,0,0,1
2328,1980,1.0,4,23022,23022,23022.0,78.0,1075427.75,14.64,13.888229977238785,10.04424899524437,2.7498317351171653,10.04424899524437,10.04424899524437,1,0,1,0,1980,1,0,1,1,0,0,0,0,1,0,1,0,0,1,0,1,1
2330,1967,1.0,1,27263,27263,22000.0,71.0,2408141.75,17.22,14.694366365215227,10.213322429629041,2.9025198918318122,10.213322429629041,9.99884318585288,0,0,1,0,1960,1,0,0,1,0,1,1,0,0,1,0,1,0,0,1,0,1
2331,1962,1.0,1,31569,31569,33000.0,12.0,3344952.0,125.59,15.02296320062363,10.359962581552038,4.840953517648737,10.359962581552038,10.404293143019792,1,0,1,0,1960,1,0,0,1,0,1,0,0,1,1,1,0,0,1,1,0,1
2332,1956,1.0,1,22509,22509,22509.0,57.0,177812.7969,1.24,12.08849219691415,10.021714933900778,0.8064758658669484,10.021714933900778,10.021714933900778,0,0,1,0,1950,1,0,0,1,0,1,0,0,1,1,1,0,0,1,1,0,1
2333,1956,1.0,1,39984,39984,31184.0,75.0,1163530.25,36.82,13.966970119980042,10.59625966276599,3.6328380632303117,10.59625966276599,10.347692488960224,1,0,1,0,1950,1,0,0,1,0,1,0,0,1,1,1,0,0,1,1,0,1
2342,1906,1.0,1,26440,26440,26440.0,91.0,826275.1875,27.93,13.624684364048196,10.18267111473301,3.3648791189880436,10.18267111473301,10.18267111473301,1,0,1,0,1900,1,0,0,0,1,1,0,1,1,1,1,0,1,1,1,0,0
2357,1956,1.0,2,28800,28800,28800.0,71.0,1266706.875,29.44,14.051931868394059,10.268165387743457,3.415757532993485,10.268165387743457,10.268165387743457,1,0,1,0,1950,1,0,0,1,0,1,0,0,1,1,0,0,0,1,1,0,0
2359,2009,4.0,2,28500,28500,31100.0,92.0,1300765.5,28.64,14.078464264061525,10.25769445336048,3.389124800427886,10.25769445336048,10.344995251991222,1,0,1,0,2000,1,0,1,0,0,1,0,1,0,0,0,0,0,1,1,1,0
2379,1978,1.0,2,26519,26519,13592.0,71.0,3717064.0,97.27,15.128444936347366,10.185654444299798,4.587718792374336,10.185654444299798,9.517310233335248,1,0,1,0,1970,1,0,0,1,0,0,1,0,1,0,0,0,1,1,1,0,1
2380,1988,1.0,2,34639,19237,23373.0,71.0,15960838.0,515.71,16.585648717526546,10.45276436267637,6.247481788695952,9.86464276871256,10.059379572493102,1,0,1,1,1980,1,0,0,1,0,0,0,0,0,1,1,0,1,1,1,0,1
2381,1921,1.0,2,26300,26300,26300.0,71.0,3711173.0,116.94,15.12685882657491,10.177362240256695,4.770176020572358,10.177362240256695,10.177362240256695,1,0,1,0,1920,1,0,0,1,1,0,0,0,0,1,0,0,0,0,0,1,1
2382,1962,1.0,2,34072,34072,34072.0,71.0,7007726.0,226.81,15.762523955360129,10.436260560784943,5.4285119482058635,10.436260560784943,10.436260560784943,1,0,1,0,1960,1,0,0,1,0,0,1,0,1,0,0,0,1,1,1,0,1
2383,1949,1.0,3,23355,23355,21915.0,77.0,840549.375,5.86,13.641812164597564,10.058609189403429,1.925707441737794,10.058609189403429,9.994972242658307,0,0,1,0,1940,1,0,0,1,0,0,0,0,1,0,1,0,0,1,0,1,1
2384,1965,1.0,4,30840,30840,29255.0,30.0,3840161.75,101.21,15.161025306478283,10.336600252573104,4.627029520340985,10.336600252573104,10.283839959829217,1,0,1,0,1960,1,0,0,1,1,0,0,0,1,0,1,0,0,1,0,1,1
2385,1946,1.0,1,20332,20332,20332.0,71.0,431857.6875,10.99,12.97585370144484,9.920000460910341,2.4840729690394228,9.920000460910341,9.920000460910341,1,0,1,0,1940,1,0,0,0,1,0,0,0,0,1,0,0,0,1,0,0,0
2392,1900,1.0,1,21850,21850,21850.0,100.0,359962.5938,13.09,12.793758176985145,9.992001966066868,2.645465325910589,9.992001966066868,9.992001966066868,1,0,1,0,1900,1,0,1,0,0,1,0,1,1,1,1,0,1,1,1,0,0
2394,1997,1.0,4,32282,25297,12600.0,71.0,1500695.375,34.62,14.22143980834175,10.382296054868503,3.5729072778615154,10.138480620207487,9.441531454869693,1,0,1,1,1990,1,0,0,0,1,0,0,0,0,1,1,0,1,1,0,1,1
2398,1983,1.0,13,307557,224493,162422.0,71.0,9691704.0,66.32,16.08678092298112,12.63641896632877,4.209457369322605,12.321604259749392,11.997959322297518,0,0,1,1,1980,1,0,0,0,0,1,0,1,0,0,1,0,0,1,0,1,1
2402,1918,1.0,2,28309,28309,28309.0,71.0,498364.9063,11.85,13.119089837815402,10.250970378105945,2.553343811341229,10.250970378105945,10.250970378105945,1,0,1,0,1910,1,0,0,1,1,0,0,0,1,1,0,0,0,1,1,0,0
2403,1914,1.0,4,45500,45500,45500.0,77.0,2934339.25,122.0,14.891993198923126,10.725489582719506,4.812184355372417,10.725489582719506,10.725489582719506,1,1,1,0,1910,1,0,0,0,0,1,0,0,0,0,1,0,0,0,0,0,1
2404,1900,1.0,5,38376,38376,29258.0,71.0,2142457.5,14.35,14.57746455937149,10.555213600795284,2.731115474033206,10.555213600795284,10.283942497640124,0,0,1,0,1900,1,0,0,0,0,1,0,0,1,0,1,0,0,1,0,1,1
2406,1900,1.0,4,42804,42804,24120.0,71.0,1598032.0,46.53,14.28428405590865,10.664410197176586,3.861361090625918,10.664410197176586,10.090838109351523,1,0,1,0,1900,1,0,0,0,0,1,0,0,1,0,1,0,0,1,0,1,1
2407,2005,1.0,5,57600,57600,27600.0,71.0,7355579.0,223.36,15.810969766828334,10.961295207644392,5.413251904640136,10.961295207644392,10.225607282932941,1,0,1,0,2000,1,0,0,0,0,1,0,0,0,1,1,1,1,0,1,0,1
2409,1900,1.0,4,33300,33300,26639.0,71.0,1355968.5,18.76,14.120027254604146,10.413342705547674,2.983659692319722,10.413342705547674,10.190169124654325,1,0,1,0,1900,1,0,0,0,0,1,0,0,1,0,1,0,0,1,0,1,1
2411,1900,1.0,3,22200,22200,22200.0,71.0,231847.0938,7.05,12.353837668090748,10.007892611890918,2.0856720914304723,10.007892611890918,10.007892611890918,1,0,1,0,1900,1,0,0,0,0,1,0,0,0,1,0,0,0,1,0,0,0
2412,1968,1.0,2,29498,29498,19749.0,71.0,3930355.5,50.05,15.184240692199511,10.292111643448266,3.9328055446106744,10.292111643448266,9.890908770329268,1,0,1,0,1960,1,0,0,1,1,0,0,0,1,1,1,0,0,1,1,0,1
2413,1938,1.0,1,23050,23050,23050.0,27.0,486485.3125,3.25,13.094964045577262,10.045464431431677,1.4469189829363254,10.045464431431677,10.045464431431677,0,0,1,0,1930,1,0,0,1,0,0,0,0,1,1,1,0,0,1,1,0,1
2414,2008,1.0,4,48350,48350,,45.0,3280955.5,22.09,15.003645553702347,10.786242183190828,3.139399623366404,10.786242183190828,,0,0,1,0,2000,1,0,0,1,0,0,0,0,1,0,1,1,1,1,0,0,0
2415,1930,1.0,1,46059,46059,46000.0,82.0,1656820.0,20.66,14.320411264019398,10.737700173374677,3.0754672415728446,10.737700173374677,10.736418414365376,1,0,1,0,1930,1,0,0,0,1,0,0,1,1,0,0,0,1,0,0,1,0
2432,1970,1.0,2,23595,23595,23595.0,72.0,823716.875,6.53,13.621583365555844,10.068832485122966,2.018895041811802,10.068832485122966,10.068832485122966,1,0,1,0,1970,1,0,0,0,1,0,0,1,0,1,1,0,1,0,0,0,1
2438,1900,1.0,3,28142,28142,28142.0,96.0,911154.125,34.08,13.7224684416583,10.245053934794061,3.5576311675039825,10.245053934794061,10.245053934794061,1,1,1,0,1900,1,0,0,0,0,1,0,0,1,0,1,0,0,1,0,1,1
2439,1900,1.0,3,28760,28760,12314.0,71.0,2726126.75,124.59,14.818392753676871,10.266775581745106,4.833022633030035,10.266775581745106,9.418573310554638,1,1,1,0,1900,1,0,0,0,0,1,0,0,1,0,1,0,0,1,0,1,1
2440,1902,1.0,4,39030,39030,32001.0,99.0,773324.6875,13.69,13.558455568072059,10.572111481163375,2.6871669901857858,10.572111481163375,10.37355367982882,1,0,1,0,1900,1,0,0,0,0,1,0,0,1,0,1,0,0,1,0,1,1
2441,1909,1.0,3,47215,47215,23659.0,58.0,2136896.0,63.81,14.574865334730719,10.76248809718272,4.171459912439625,10.76248809718272,10.071541137532378,1,0,1,0,1900,1,0,0,0,0,1,0,0,1,0,1,0,0,1,0,1,1
2442,1926,1.0,2,61580,34580,36280.0,71.0,4489734.5,69.53,15.317304349297283,11.02810866038529,4.256038151220088,10.451059677269122,10.499049467245019,1,0,1,1,1920,1,0,0,0,1,1,0,0,0,1,0,0,0,1,0,0,0
2443,1917,1.0,3,30720,30720,29720.0,71.0,1361277.25,25.53,14.123934705998357,10.332701738815134,3.2782761681496484,10.332701738815134,10.29960914564114,1,0,1,0,1910,1,0,0,0,1,1,0,0,1,0,1,0,0,1,0,1,1
2444,1916,1.0,2,20640,20640,9750.0,71.0,412562.4063,2.88,12.930145185186781,9.935034668034257,1.355835153635182,9.935034668034257,9.18512512283512,0,0,1,0,1910,1,0,0,0,1,1,0,0,0,1,1,0,1,0,0,1,0
2445,1912,1.0,2,34914,34914,14983.0,71.0,1314474.5,9.29,14.088948284712878,10.460671815280136,2.331172549845958,10.460671815280136,9.614738244123924,0,0,1,0,1910,1,0,0,0,1,1,0,0,0,1,1,0,1,0,0,1,0
2446,1906,1.0,3,20897,20897,10228.0,71.0,1031474.188,17.79,13.846500556914265,9.947408739594056,2.933324813425374,9.947408739594056,9.232982102457008,1,0,1,0,1900,1,0,0,0,1,1,0,0,1,0,1,0,0,1,0,1,1
2447,1916,1.0,2,36940,36940,36940.0,100.0,336745.4063,2.35,12.727085422500744,10.517077324312647,1.208960345836975,10.517077324312647,10.517077324312647,0,0,1,0,1910,1,0,0,0,1,1,0,1,1,0,0,0,1,0,0,1,0
2448,1913,1.0,3,22866,22866,22866.0,71.0,1213909.875,20.76,14.009357833573832,10.037450102199095,3.080073421987742,10.037450102199095,10.037450102199095,1,0,1,0,1910,1,0,0,0,1,1,0,0,1,0,1,0,0,1,0,1,1
2449,1920,1.0,1,30240,30240,32205.0,78.0,1316900.75,18.19,14.090792376575855,10.316953898529778,2.9543893100196086,10.316953898529778,10.379908049577942,1,0,1,0,1920,1,0,0,0,1,1,0,1,1,0,0,0,1,0,0,1,0
2454,1962,1.0,2,28586,28586,27022.0,71.0,5078204.0,35.4,15.440468410656402,10.260707348016298,3.594568774642695,10.260707348016298,10.204443634218446,0,0,1,0,1960,1,0,0,0,1,0,0,0,0,1,0,0,0,1,0,0,0
2457,1908,1.0,3,28800,28800,21600.0,71.0,4644346.0,190.45,15.35116133907742,10.268165387743457,5.254626677923303,10.268165387743457,9.980494888896912,1,0,1,0,1900,1,0,0,0,0,1,0,0,0,0,1,0,0,0,0,0,1
2459,1913,1.0,3,28800,28800,,71.0,935833.1875,29.21,13.749193589659958,10.268165387743457,3.4081729953985804,10.268165387743457,,1,0,1,0,1910,1,0,0,0,0,1,1,0,1,0,0,1,1,1,0,0,0
2460,1979,1.0,3,35202,35202,24227.0,2.0,3605755.5,25.14,15.098042154120412,10.468886585227278,3.2634667081960758,10.468886585227278,10.095264268100838,0,0,1,0,1970,1,0,0,0,0,1,0,0,1,0,1,0,0,1,0,1,1
2467,1969,1.0,6,95117,69035,69035.0,1.0,7437745.0,183.79,15.822078403919289,11.462873505071283,5.219220045189334,11.142383386651293,11.142383386651293,1,0,1,1,1960,1,0,0,0,1,1,0,1,0,1,0,0,1,0,0,0,0
2469,1910,1.0,2,24600,24600,24600.0,69.0,347690.5938,5.66,12.759071141114681,10.110542371500753,1.8961194845522977,10.110542371500753,10.110542371500753,1,0,1,0,1910,1,0,0,0,1,1,0,1,1,1,1,0,1,1,1,0,0
2471,1900,1.0,1,48850,48850,28725.0,71.0,1259282.25,65.05,14.046053267865219,10.796530128090472,4.190412030968334,10.796530128090472,10.265557914991769,1,1,1,0,1900,1,0,0,0,1,1,0,1,1,1,1,0,1,1,1,0,0
2482,1961,1.0,3,54863,54863,109726.0,100.0,2066851.25,14.21,14.541537355702673,10.912612674702702,2.7219531062712017,10.912612674702702,11.605750741776966,0,0,1,0,1960,1,0,1,0,1,0,0,1,1,0,1,0,1,0,0,1,1
2489,1964,1.0,1,25000,25000,13393.0,71.0,2044286.625,65.89,14.53055993713796,10.12667110305036,4.203049479130317,10.12667110305036,9.502562124469996,1,0,1,0,1960,1,0,0,1,0,1,0,0,1,1,1,0,0,1,1,0,1
2490,1960,1.0,1,25000,25000,24000.0,71.0,342696.3125,8.61,12.744602865695972,10.12667110305036,2.262804222982201,10.12667110305036,10.085850775128717,1,0,1,0,1960,1,0,0,1,0,1,0,0,1,1,1,0,0,1,1,0,1
2491,1927,1.0,1,22622,22622,23000.0,71.0,872014.3125,26.56,13.67856226294336,10.026722366870757,3.3163654461454577,10.026722366870757,10.043292972227004,1,0,1,0,1920,1,0,0,1,0,1,0,0,0,1,0,1,0,0,1,1,0
2492,1917,1.0,3,27544,27544,22365.0,94.0,1092060.75,17.41,13.90357798130728,10.223576309906816,2.9128939952449864,10.223576309906816,10.015297227588134,1,0,1,0,1910,1,0,0,0,1,1,0,0,1,0,1,0,0,1,0,1,1
2506,1989,1.0,7,47415,47415,25884.0,71.0,1552850.625,10.31,14.2556035566779,10.766715003467674,2.425687290128029,10.766715003467674,10.161418929336001,0,0,1,0,1980,1,0,0,0,0,1,0,0,1,0,1,0,0,1,0,1,1
2512,1961,1.0,3,22960,22960,22960.0,71.0,2447325.5,95.38,14.710506762212182,10.041552403492023,4.5682987112121864,10.041552403492023,10.041552403492023,1,0,1,0,1960,1,0,0,1,1,0,0,0,0,1,0,0,0,0,0,1,1
2514,1998,1.0,1,44739,44739,44739.0,17.0,15006878.0,393.07,16.524019253941642,10.70862323504412,5.976528558492,10.70862323504412,10.70862323504412,1,0,1,0,1990,1,0,0,0,1,1,1,0,0,0,0,1,0,0,0,0,0
2518,1948,1.0,1,22778,22778,21194.0,71.0,2675057.75,120.86,14.799481900687892,10.033594337881343,4.802872844820349,10.033594337881343,9.961520583786738,1,0,1,0,1940,1,0,0,0,1,0,0,0,0,1,1,0,1,0,0,1,0
2519,1956,1.0,2,21562,21562,21052.0,20.0,1000251.875,37.28,13.815763400996781,9.978734161910666,3.6449275665847534,9.978734161910666,9.954798346770556,1,0,1,0,1950,1,0,0,1,1,1,0,1,1,1,1,0,1,1,1,0,0
2521,1959,1.0,1,25753,25753,25753.0,71.0,1612521.0,62.51,14.293309970969847,10.15634523383373,4.151197373814884,10.15634523383373,10.15634523383373,1,0,1,0,1950,1,0,1,0,0,1,0,0,0,1,0,0,0,0,0,1,1
2522,1928,1.0,3,71280,71280,71280.0,71.0,23204450.0,861.85,16.959854671683296,11.174385091226979,6.760240863693588,11.174385091226979,11.174385091226979,1,0,1,0,1920,1,0,0,0,1,1,0,0,0,1,0,1,0,0,1,1,1
2524,1963,1.0,16,153312,153312,148590.0,51.0,22092840.0,792.6,16.91076417735759,11.940236862308206,6.676579555970663,11.940236862308206,11.908952844155737,1,0,1,0,1960,1,0,0,0,1,1,0,1,0,1,0,0,1,0,0,0,0
2530,2009,1.0,19,1206670,1004813,319361.0,87.0,27917688.0,393.29,17.144771060226333,14.003375886287618,5.977086679162027,13.820313007720026,12.674080534610678,1,0,1,1,2000,1,0,0,0,0,1,0,0,0,1,1,0,0,1,0,1,1
2535,1968,1.0,1,24200,24200,24200.0,73.0,900697.125,22.38,13.710925436055446,10.094149233605084,3.1518809560439225,10.094149233605084,10.094149233605084,1,0,1,0,1960,1,0,1,0,1,1,0,1,1,1,1,0,1,1,1,0,0
2547,1994,1.0,3,66610,66610,66720.0,71.0,742571.5,18.81,13.517875787989858,11.106625008055381,2.9861868607104594,11.106625008055381,11.108275024929902,1,0,1,0,1990,1,0,1,1,0,1,0,0,1,1,0,0,0,1,1,0,0
2548,1950,1.0,1,36000,36000,34000.0,71.0,3823703.75,58.79,15.156730340444572,10.491301994830229,4.090838422892813,10.491301994830229,10.434145214930487,1,0,1,0,1950,1,0,0,1,0,1,0,0,0,1,0,0,0,1,0,0,0
2559,1938,1.0,2,23222,23222,15006.0,62.0,1331981.25,55.06,14.102178804167856,10.052898445872824,4.026422545736642,10.052898445872824,9.616272037895989,1,0,1,0,1930,1,0,1,0,0,0,0,1,0,0,0,0,0,1,1,1,0
2562,1924,1.0,2,24476,24476,7501.0,71.0,2800725.0,91.69,14.845389227250987,10.10548918009691,4.529260591887741,10.10548918009691,8.922924930641832,1,0,1,0,1920,1,0,0,0,1,1,0,0,0,1,1,0,0,0,1,0,1
2564,1910,1.0,2,24750,24750,19240.0,71.0,906960.625,28.07,13.71785541838962,10.11662117122102,3.3697067145707846,10.11662117122102,9.864798697921016,1,0,1,0,1910,1,0,0,0,1,1,0,1,1,0,0,0,1,0,0,1,0
2567,1904,1.0,3,60000,60000,48783.0,52.0,3928621.25,121.63,15.183799349861449,11.002116507732017,4.809171691773934,11.002116507732017,10.795157669228036,1,0,1,0,1900,1,0,0,0,1,1,0,1,0,0,0,0,0,1,1,1,0
2568,1954,1.0,2,46560,46560,46560.0,71.0,734550.6875,17.31,13.507015643120827,10.748518559837908,2.907447358686419,10.748518559837908,10.748518559837908,1,0,1,0,1950,1,0,0,0,1,1,0,0,0,1,0,0,0,0,0,1,1
2575,1980,1.0,3,30408,30408,25000.0,61.0,1469861.875,10.04,14.200679672090928,10.32249389621096,2.401525040848949,10.32249389621096,10.12667110305036,0,0,1,0,1980,1,0,0,1,1,0,0,0,0,1,0,1,0,1,1,0,1
2579,1920,1.0,3,30109,30109,28400.0,89.0,1589657.75,34.03,14.27902992852017,10.312612621475779,3.5562048372093953,10.312612621475779,10.254179634797001,1,0,1,0,1920,1,0,0,1,1,0,0,0,1,0,1,0,0,1,0,1,1
2583,1960,1.0,2,25481,25481,25481.0,92.0,1052797.5,38.59,13.866962414780138,10.145727599541326,3.678576561118039,10.145727599541326,10.145727599541326,1,0,1,0,1960,1,0,0,1,1,0,0,0,1,0,1,0,0,1,0,1,1
2584,1967,1.0,1,141297,141297,141297.0,76.0,20378838.0,717.93,16.830007616520827,11.858626414290775,6.5777639955406135,11.858626414290775,11.858626414290775,1,0,1,0,1960,1,0,1,0,1,1,0,1,0,1,0,0,1,0,0,0,0
2593,1912,1.0,2,27788,27788,32610.0,73.0,2127889.25,35.99,14.570641553865554,10.232395537922137,3.610647605844363,10.232395537922137,10.39240493375324,1,0,1,0,1910,1,0,0,1,0,0,0,0,1,0,1,0,0,1,0,1,1
2603,1990,1.0,4,41704,33120,41704.0,73.0,1974631.125,58.52,14.495892673144942,10.638376304675711,4.086312390524837,10.407922801280105,10.638376304675711,1,0,1,1,1990,1,0,1,0,0,0,0,0,0,0,1,0,0,0,0,0,1
2606,1941,1.0,2,22324,22324,21000.0,53.0,723060.1875,22.33,13.491249127573816,10.0134624057447,3.1497400860333387,10.0134624057447,9.952325334619427,1,0,1,0,1940,1,0,0,1,0,1,0,0,1,1,1,0,0,1,1,0,1
2607,1946,1.0,2,31360,31360,32000.0,71.0,1886366.625,39.65,14.450163646298206,10.353320361711043,3.7049988359938197,10.353320361711043,10.373522431293592,1,0,1,0,1940,1,0,0,1,0,1,0,0,0,1,0,0,0,0,0,1,1
2608,1947,1.0,1,30496,30496,14344.0,71.0,2217613.5,46.01,14.611942626556633,10.32538359710204,3.850360345036039,10.32538359710204,9.571156728415465,1,0,1,0,1940,1,0,0,1,0,1,0,0,0,1,1,0,1,0,0,1,0
2614,1922,1.0,3,27600,27600,13175.0,84.0,1103795.25,12.57,13.914265932627174,10.225607282932941,2.6078614738467776,10.225607282932941,9.486152271857476,1,0,1,0,1920,1,0,0,0,1,1,0,0,1,0,1,0,0,1,0,1,1
2623,1961,1.0,2,55974,55974,56000.0,98.0,6412428.0,203.21,15.673748696275108,10.932660441466956,5.3191488761279695,10.932660441466956,10.933124826700707,1,0,1,0,1960,1,1,0,0,0,1,0,1,0,1,0,0,1,0,0,0,0
2628,1954,1.0,1,22583,22583,22583.0,95.0,2123591.75,70.92,14.568619905671888,10.024996969933325,4.275554390163365,10.024996969933325,10.024996969933325,1,0,1,0,1950,1,0,1,1,0,0,0,1,0,1,0,0,1,0,0,0,0
2631,1997,1.0,3,31686,24328,25927.0,35.0,2305643.5,16.07,14.650870804873891,10.363661781116345,2.837322536806349,10.099424333412122,10.163078744821384,0,0,1,1,1990,1,0,0,1,0,0,0,0,1,0,1,0,0,1,0,1,1
2632,1981,1.0,3,26694,20660,24914.0,92.0,735909.0,5.02,13.50886310762519,10.192231560934287,1.7950872593207297,9.936003144212808,10.123225310715505,0,0,1,1,1980,1,0,0,1,0,0,0,0,1,0,1,0,0,1,0,1,1
2636,1972,1.0,1,29400,29400,25000.0,69.0,227509.5,1.59,12.33495167015424,10.288783966353765,0.9516578757114464,10.288783966353765,10.12667110305036,0,0,1,0,1970,1,0,1,0,0,0,0,0,1,1,1,0,0,1,1,0,1
2637,1992,1.0,3,22452,22452,22452.0,85.0,1269576.0,41.88,14.054194332088212,10.019179514532201,3.7584055167625467,10.019179514532201,10.019179514532201,1,0,1,0,1990,1,0,0,1,0,1,0,0,0,0,1,0,0,0,0,0,1
2642,1912,1.0,2,25767,25767,17434.0,22.0,1620383.625,11.02,14.298174101867732,10.156888691011035,2.4865719291070616,10.156888691011035,9.766234959109752,0,0,1,0,1910,1,0,0,0,1,0,0,0,0,1,0,1,0,1,1,0,1
2643,1953,1.0,4,33910,33910,14585.0,75.0,1904055.75,38.21,14.459497299561537,10.431494724510879,3.6689318163042404,10.431494724510879,9.587817443544179,1,0,1,0,1950,1,0,0,0,1,0,0,1,1,0,0,0,1,0,0,1,0
2644,1927,1.0,2,78401,78401,62400.0,71.0,2846592.0,87.41,14.861633398541656,11.2696047162172,4.481985085417713,11.2696047162172,11.041336579870135,1,0,1,0,1920,1,0,0,0,1,0,0,1,1,1,1,0,1,1,1,0,0
2654,1979,1.0,2,78716,78716,41275.0,38.0,4311327.5,48.13,15.276756651243703,11.273614421243842,3.894469846180557,11.273614421243842,10.628036496235605,1,0,1,0,1970,1,0,0,1,0,0,0,0,1,1,1,0,0,1,1,0,1
2655,1910,1.0,2,33300,33300,30740.0,92.0,1903636.375,69.2,14.459277021888001,10.413342705547674,4.251348311031766,10.413342705547674,10.333352547467827,1,0,1,0,1910,1,0,0,1,0,0,0,1,0,0,0,0,0,1,1,1,0
2656,1957,1.0,1,28808,28808,31174.0,29.0,9450746.0,226.73,16.061604343964873,10.268443117306083,5.4281607166967865,10.268443117306083,10.347371770548238,1,0,1,0,1950,1,0,0,1,0,0,1,0,0,0,0,1,0,0,0,0,0
2667,1957,1.0,1,27966,20962,20962.0,58.0,1181649.25,7.67,13.98242253637698,10.23878052266729,2.1598687907924505,9.950514257963883,9.950514257963883,0,0,1,1,1950,1,0,0,0,1,0,0,0,1,0,1,0,0,1,0,1,1
2668,1950,1.0,1,26226,26226,25828.0,37.0,7798479.5,156.18,15.869439464990029,10.174544693464336,5.057391645438029,10.174544693464336,10.159253170667593,1,0,1,0,1950,1,0,0,0,1,0,1,0,0,0,0,1,0,0,0,0,0
2671,1976,1.0,2,34948,19193,19183.0,17.0,1223177.375,8.09,14.016963254402127,10.461645134949325,2.2071749081893874,9.862353009177573,9.861831877267296,0,0,1,1,1970,1,0,0,0,1,0,0,0,0,1,1,1,0,1,1,0,1
2680,1998,1.0,3,37639,27640,20434.0,71.0,6197824.5,43.21,15.639709062690189,10.535822593699315,3.788951007838152,10.227055456677219,9.925004395998378,0,0,1,1,1990,1,0,0,1,0,0,0,0,1,0,1,0,0,1,0,1,1
2683,1900,1.0,1,21420,21420,10420.0,71.0,812371.625,9.72,13.60771441166568,9.972127028252816,2.372111155642656,9.972127028252816,9.251578279992428,1,0,1,0,1900,1,0,0,0,0,1,0,0,0,1,0,0,1,0,1,0,0
2684,1900,1.0,1,20880,20880,20880.0,94.0,683274.0,4.76,13.434652692948951,9.946594933570061,1.7509374747078,9.946594933570061,9.946594933570061,0,0,1,0,1900,1,0,0,0,0,1,0,0,1,0,1,0,0,1,0,1,1
2686,1966,1.0,3,26000,26000,13000.0,71.0,1063035.875,18.62,13.876640346280272,10.165890277802454,2.976549454137217,10.165890277802454,9.472781556562168,1,0,1,0,1960,1,0,0,0,0,1,0,0,0,1,1,0,0,1,0,1,1
2687,1900,1.0,3,38675,38675,12100.0,71.0,1956121.125,43.91,14.486474563721917,10.562974531603437,3.8046604870996465,10.562974531603437,9.401043372798053,1,0,1,0,1900,1,0,0,0,0,1,0,0,1,0,1,0,0,1,0,1,1
2688,1929,1.0,4,49951,49951,32039.0,71.0,5683758.0,185.33,15.553123367581726,10.81881782331516,5.227519295239321,10.81881782331516,10.374740401182295,1,1,1,0,1920,1,0,0,0,0,1,0,0,1,0,1,0,0,1,0,1,1
2691,2010,1.0,2,25880,25880,25880.0,8.0,1956483.5,19.81,14.486659798290974,10.161264387744689,3.035433640405543,10.161264387744689,10.161264387744689,1,0,1,0,2010,1,0,1,0,1,1,0,1,0,1,1,0,1,0,0,0,1
2695,1927,1.0,3,41013,41013,32098.0,71.0,1191549.25,37.43,13.99076574836224,10.621668750815715,3.6488384045767526,10.621668750815715,10.376580155984879,1,0,1,0,1920,1,0,0,0,1,0,0,1,1,1,1,0,1,1,1,0,0
2697,2004,1.0,2,21075,21075,18075.0,71.0,1715969.625,53.88,14.355489440585156,9.955890231329176,4.00514898341763,9.955890231329176,9.802340370531171,1,0,1,0,2000,1,0,0,0,1,0,0,0,0,1,0,0,0,0,1,1,0
2699,1950,1.0,3,46485,46485,63922.0,83.0,1689227.75,47.03,14.339782621788162,10.746906470974373,3.871825815676733,10.746906470974373,11.06543451300589,1,0,1,0,1950,1,0,0,0,1,0,0,1,1,1,1,0,1,1,1,0,0
2704,1965,1.0,4,56896,56896,40768.0,96.0,1507071.5,28.46,14.225679585276922,10.94899789464713,3.3830334110344844,10.94899789464713,10.615677267673389,1,0,1,0,1960,1,0,1,0,0,0,0,0,1,0,1,0,0,1,0,1,1
2706,1978,1.0,2,27500,27500,27500.0,60.0,654455.1875,14.79,13.391559921678954,10.221977646629885,2.7593768282675506,10.221977646629885,10.221977646629885,1,0,1,0,1970,1,0,1,0,0,0,0,1,1,1,1,0,1,1,1,0,0
2707,1930,1.0,2,36630,36630,22000.0,90.0,541943.3125,3.78,13.202918530678264,10.508650155427521,1.5644405465033644,10.508650155427521,9.99884318585288,0,0,1,0,1930,1,0,0,0,0,1,0,0,1,0,1,0,0,1,0,1,1
2708,1900,1.0,3,26830,26830,16838.0,71.0,2139205.25,60.93,14.575945406978501,10.197313214435868,4.1260047149499695,10.197313214435868,9.73145290361031,1,0,1,0,1900,1,0,0,0,0,1,0,0,1,0,1,0,0,1,0,1,1
2709,1906,1.0,5,41920,41920,41920.0,95.0,1103594.75,7.69,13.914084270284869,10.64354217367223,2.162172939277301,10.64354217367223,10.64354217367223,0,0,1,0,1900,1,0,0,0,0,1,0,0,1,0,1,0,0,1,0,1,1
2710,1905,1.0,5,36879,36879,44000.0,92.0,1664247.375,26.94,14.324884153046671,10.51542467767053,3.330059353828816,10.51542467767053,10.691967639914864,1,0,1,0,1900,1,0,0,0,0,1,0,0,1,0,1,0,0,1,0,1,1
2711,1904,1.0,6,29820,29820,29820.0,71.0,1624991.375,35.72,14.301013681427273,10.302968122297036,3.6033215657522897,10.302968122297036,10.302968122297036,1,0,1,0,1900,1,0,0,0,0,1,0,0,0,1,0,0,1,0,1,1,0
2715,1905,1.0,2,33640,33640,27322.0,70.0,1144343.125,7.52,13.950342214254487,10.423500840161113,2.1424163408412245,10.423500840161113,10.215484117319336,0,0,1,0,1900,1,0,0,0,0,1,0,0,1,0,1,0,0,1,0,1,1
2716,1906,1.0,4,43484,43484,26416.0,18.0,1567040.75,10.92,14.264700164250621,10.680171330023866,2.4782176616372036,10.680171330023866,10.181763021288337,0,0,1,0,1900,1,0,0,0,0,1,0,0,1,1,1,0,0,1,1,0,1
2720,1900,1.0,3,22480,22480,10800.0,71.0,981009.125,6.84,13.796338059595156,10.02042578700401,2.0592388343623163,10.02042578700401,9.287394001418473,0,0,1,0,1900,1,0,0,0,0,1,0,0,0,1,1,0,0,1,0,1,1
2721,1925,1.0,4,33018,33018,23193.0,49.0,5153234.0,173.67,15.45513523077274,10.404838432339576,5.162898479440301,10.404838432339576,10.051648903516648,1,0,1,0,1920,1,0,0,0,0,1,0,0,0,0,1,0,0,0,0,0,1
2723,1970,1.0,2,26510,26510,30800.0,91.0,1017753.188,11.18,13.833108981316228,10.185315020186113,2.4997952622817508,10.185315020186113,10.335302435967074,1,0,1,0,1970,1,0,0,0,0,1,0,0,1,0,1,0,0,1,0,1,1
2737,1938,1.0,1,40028,40028,33222.0,80.0,942415.1875,6.76,13.756202268620733,10.597359470410531,2.048982334195127,10.597359470410531,10.4109976861338,1,0,1,0,1930,1,0,0,1,0,0,0,0,1,1,1,0,0,1,1,0,1
2738,2007,1.0,3,44510,26282,26282.0,23.0,2250450.5,15.25,14.626641420716407,10.703491628618904,2.7880929087757464,10.176677621334473,10.176677621334473,0,0,1,1,2000,1,0,0,1,0,0,0,0,1,0,1,0,0,1,0,1,1
2739,1954,1.0,1,21624,21624,21624.0,90.0,730124.5,20.96,13.50097171615662,9.98160533180008,3.08922261664133,9.98160533180008,9.98160533180008,1,0,1,0,1950,1,0,1,1,0,0,0,1,1,1,1,0,1,1,1,0,0
2747,1993,1.0,3,21600,21600,11600.0,71.0,1514428.75,32.42,14.230549523428088,9.980494888896912,3.509154523167248,9.980494888896912,9.358846580275406,1,0,1,0,1990,1,0,0,0,0,1,0,0,1,0,1,0,0,1,0,1,1
2748,1909,1.0,3,20620,20620,10060.0,71.0,791926.875,20.78,13.582225599730528,9.934065253000266,3.0809921175048145,9.934065253000266,9.21642184229205,1,0,1,0,1900,1,0,0,0,0,1,0,0,0,1,1,0,1,1,0,1,1
2751,1910,1.0,5,40552,40552,40552.0,99.0,1377497.25,53.25,14.135779549590977,10.610365039544332,3.993602992420569,10.610365039544332,10.610365039544332,1,0,1,0,1910,1,0,0,0,0,1,0,0,0,0,1,0,0,0,0,0,1
2759,1909,1.0,3,31432,31432,23059.0,71.0,1439572.375,10.04,14.179857360295227,10.355613575443341,2.401525040848949,10.355613575443341,10.04585479382305,0,0,1,0,1900,1,0,0,0,0,1,0,0,1,0,1,0,0,1,0,1,1
2761,1917,1.0,2,24550,24550,13500.0,100.0,1031447.625,6.73,13.846474804145467,10.10850786559065,2.0451088625993306,10.10850786559065,9.510519035757246,1,0,1,0,1910,1,0,0,0,0,1,0,1,1,0,0,0,1,0,0,1,0
2770,1908,1.0,3,25864,25864,13364.0,71.0,1028277.313,34.61,13.843396420846092,10.160645982437616,3.5726264972896864,10.160645982437616,9.50039462857302,1,0,1,0,1900,1,0,1,0,0,1,0,0,0,1,0,0,0,0,1,1,0
2774,1924,1.0,3,20686,20686,20686.0,71.0,1321763.125,42.71,14.094477860630343,9.93726076264305,3.7775769088752233,9.93726076264305,9.93726076264305,1,0,1,0,1920,1,0,0,0,1,0,0,0,0,1,0,0,1,0,1,1,0
2782,2005,1.0,2,29508,22388,11074.0,71.0,2506557.5,81.24,14.734421254731112,10.292450580544786,4.409641801706855,10.016325045799498,9.312445594913337,1,0,1,1,2000,1,0,0,0,1,1,0,0,0,1,1,1,0,0,1,1,1
2783,1987,1.0,2,74840,74840,74840.0,48.0,8485438.0,249.46,15.953862193673896,11.223121142137346,5.523299227135887,11.223121142137346,11.223121142137346,1,0,1,0,1980,1,0,1,0,0,1,0,1,0,1,0,0,1,0,0,0,0
2784,1913,1.0,3,20992,20992,24600.0,71.0,2879554.5,104.74,14.873146499922665,9.951944327804322,4.660983250807304,9.951944327804322,10.110542371500753,1,0,1,0,1910,1,0,1,0,0,1,0,0,0,1,0,1,0,1,0,1,1
2785,1925,1.0,2,22344,22344,22344.0,40.0,1663727.125,55.23,14.324571500596006,10.014357861367552,4.0294504223041105,10.014357861367552,10.014357861367552,1,0,1,0,1920,1,0,1,0,0,1,0,1,0,0,0,0,0,1,1,1,0
2789,1921,1.0,3,31900,31900,26000.0,71.0,2737986.0,96.2,14.822733536828025,10.370392636243981,4.576770711466393,10.370392636243981,10.165890277802454,1,0,1,0,1920,1,0,0,0,1,1,0,0,1,0,0,0,0,1,0,0,1
2790,1950,1.0,2,29417,29417,18489.0,71.0,1816709.0,56.25,14.412537730897842,10.289362010879287,4.047427642434349,10.289362010879287,9.82498532438117,1,0,1,0,1950,1,0,0,1,1,1,0,0,0,1,0,1,0,0,1,1,1
2791,1909,1.0,3,49299,49299,24099.0,71.0,4821852.0,9.23,15.388668851982748,10.805679360030782,2.325324579963535,10.805679360030782,10.089967119478747,0,0,1,0,1900,1,0,0,0,0,1,0,0,0,1,1,0,0,1,0,1,1
2795,1997,1.0,1,31841,31841,30899.0,71.0,13584036.0,404.21,16.424405911322253,10.36854145205595,6.004405451240783,10.36854145205595,10.338511462885837,1,0,1,0,1990,1,0,1,0,1,0,1,0,0,0,0,1,0,0,0,0,0
2798,1988,1.0,2,21036,21036,11021.0,71.0,2830649.5,78.36,14.85601710186321,9.954038071134029,4.373994462976618,9.954038071134029,9.307648554443182,1,0,1,0,1980,1,0,0,0,1,1,0,0,0,1,1,0,1,1,0,1,0
2800,1999,1.0,2,32928,32928,24288.0,9.0,5652231.0,39.4,15.547561069360977,10.402109007463212,3.6988297849671046,10.402109007463212,10.097778851943309,0,0,1,0,1990,1,0,0,0,1,0,0,0,0,1,1,0,1,1,0,1,0
2803,1960,1.0,1,44476,44476,41256.0,33.0,1529218.125,29.7,14.240267787265555,10.702727480606711,3.4242626545931514,10.702727480606711,10.627576074335622,1,0,1,0,1960,1,0,0,1,0,1,0,0,1,1,1,0,0,1,1,0,1
2804,1969,1.0,1,35017,35017,19785.0,66.0,1394293.5,27.06,14.147899110543618,10.463617493986263,3.3343450746743146,10.463617493986263,9.892729895883168,1,0,1,0,1960,1,0,0,1,0,1,0,0,1,0,1,0,0,1,0,1,1
2815,1963,1.0,2,22952,22952,22962.0,98.0,545136.5,19.28,13.20879333540269,10.041203925899962,3.0096351787229825,10.041203925899962,10.041639503918871,1,0,1,0,1960,1,0,1,0,1,1,0,1,1,1,1,0,1,1,1,0,0
2829,1976,1.0,1,21040,21040,21040.0,43.0,657383.1875,19.14,13.396023886835053,9.954228194239311,3.0027078872904163,9.954228194239311,9.954228194239311,1,0,1,0,1970,1,0,0,1,0,1,0,0,1,1,1,0,0,1,1,0,1
2830,1951,1.0,2,28032,28032,30000.0,52.0,1539819.875,46.61,14.24717665268964,10.241137666615815,3.8630428232064276,10.241137666615815,10.308985993422082,1,0,1,0,1950,1,0,0,1,0,1,0,0,1,1,1,0,0,1,1,0,1
2831,1974,1.0,1,25620,25620,25620.0,82.0,652579.875,20.46,13.388690356858424,10.15116760669524,3.0661907372025525,10.15116760669524,10.15116760669524,1,0,1,0,1970,1,0,0,1,0,1,0,1,1,1,0,0,1,1,0,0,1
2832,1992,1.0,3,33238,33238,33238.0,14.0,1632472.0,11.38,14.305606600945415,10.411479164280985,2.5160822672564502,10.411479164280985,10.411479164280985,0,0,1,0,1990,1,0,0,0,0,1,0,0,1,1,1,0,0,1,1,0,1
2833,1912,1.0,4,27800,27800,11093.0,8.0,1275996.25,38.36,14.059238587712136,10.2328272702548,3.6727500721840527,10.2328272702548,9.31415970061518,1,0,1,0,1910,1,0,0,0,1,1,0,1,0,0,0,0,0,1,1,1,0
2835,2000,1.0,6,706176,706176,222807.0,82.0,13473994.0,92.52,16.41627208941762,13.467621193268624,4.538175317163813,13.467621193268624,12.314065693033367,0,0,1,0,2000,1,0,0,0,0,1,0,1,0,0,1,0,0,1,0,1,1
2839,1998,1.0,1,33706,33706,31746.0,22.0,8992072.0,206.33,16.01185396941006,10.425460809904182,5.334311726771412,10.425460809904182,10.36555351166757,1,0,1,0,1990,1,0,1,0,1,0,1,0,0,0,0,1,0,0,0,0,0
2841,1961,1.0,2,37600,37600,18400.0,71.0,2477406.25,93.55,14.72272310755311,10.534785924769006,4.549128795104466,10.534785924769006,9.820160289946374,1,0,1,0,1960,1,0,0,1,1,0,0,0,0,1,1,0,0,1,1,0,1
2851,1954,1.0,1,42128,42128,42128.0,93.0,1869043.875,49.55,14.440938096315325,10.64849161863629,3.9229629454664803,10.64849161863629,10.64849161863629,1,0,1,0,1950,1,0,1,0,0,0,0,1,0,0,0,0,0,1,1,1,0
2862,1912,1.0,3,33708,33708,33708.0,71.0,835610.875,19.61,13.63591951990871,10.4255201430002,3.0257763949023677,10.4255201430002,10.4255201430002,1,1,1,0,1910,1,0,0,0,1,1,0,0,0,1,0,0,0,1,0,0,0
2881,1948,1.0,2,47237,47237,47661.0,71.0,5996179.5,41.7,15.606633241153796,10.762953932412522,3.754198920234579,10.762953932412522,10.77188971368331,0,0,1,0,1940,1,0,1,1,1,0,0,0,0,1,0,0,0,1,0,0,0
2896,1997,1.0,1,76585,38000,41447.0,18.0,14368231.0,364.27,16.480530216387073,11.246169571400625,5.900636806147441,10.545367754151743,10.632194908494624,1,0,1,1,1990,1,0,0,0,1,0,1,0,0,0,0,1,0,0,0,0,0
2897,1938,1.0,3,26373,26373,26373.0,75.0,1172287.125,38.18,13.97446805934897,10.180133955367644,3.6681664125163946,10.180133955367644,10.180133955367644,1,0,1,0,1930,1,0,0,0,1,0,0,1,1,1,1,0,1,1,1,0,0
2901,1956,6.0,2,75868,75868,50379.0,71.0,3605749.75,25.14,15.098040559446844,11.23676344780503,3.2634667081960758,11.23676344780503,10.827349549906602,0,0,1,0,1950,1,0,1,0,0,1,0,0,1,0,1,0,0,1,0,1,1
2904,1947,1.0,2,21656,21656,5656.0,71.0,1607972.25,51.89,14.290485093010536,9.983084006807271,3.9682142850778885,9.983084006807271,8.640648995343156,1,0,1,0,1940,1,0,0,0,1,1,0,0,0,1,1,0,0,0,0,1,1
2912,1921,1.0,3,23040,23040,23040.0,71.0,472415.4063,2.94,13.065616092380521,10.045030516645731,1.3711807233098425,10.045030516645731,10.045030516645731,0,0,1,0,1920,1,0,0,1,1,0,0,1,1,1,0,0,1,1,0,0,1
2913,1956,1.0,2,36771,36771,34856.0,71.0,5400237.5,37.97,15.50195367722585,10.512491964983646,3.662792119350618,10.512491964983646,10.45900925685097,0,0,1,0,1950,1,0,0,1,1,0,0,0,0,1,0,0,0,1,0,0,0
2916,1977,1.0,1,24024,24024,14314.0,71.0,404484.4063,2.62,12.910370936461488,10.086850233838494,1.2864740258376797,10.086850233838494,9.569063217532216,0,0,1,0,1970,1,0,0,1,0,1,0,0,1,1,1,0,0,1,1,0,1
2917,1953,1.0,1,42420,42420,27420.0,34.0,1129170.375,29.39,13.936994625234988,10.655398801626767,3.414113606928702,10.655398801626767,10.219064422181425,1,0,1,0,1950,1,0,0,1,0,1,0,0,1,1,1,0,0,1,1,0,1
2918,1979,1.0,1,36982,36982,34382.0,71.0,405866.9063,6.88,12.913783031703906,10.518213626583062,2.064327903869788,10.518213626583062,10.44531753516481,1,0,1,0,1970,1,0,0,1,0,1,0,1,1,1,0,0,1,1,0,0,1
2919,1964,1.0,2,23400,23400,20002.0,71.0,454896.5,3.06,13.02782739782965,10.060534035475412,1.4011829736136414,10.060534035475412,9.903637541287253,0,0,1,0,1960,1,0,0,1,0,1,0,0,1,1,1,0,0,1,1,0,1
2924,1948,1.0,2,30720,30720,28120.0,71.0,1915150.75,67.15,14.465307420277181,10.332701738815134,4.221711158142542,10.332701738815134,10.24427190716996,1,0,1,0,1940,1,0,0,1,1,0,0,0,0,1,0,0,0,1,0,0,0
2926,1972,1.0,1,23232,23232,23232.0,71.0,127374.0,0.89,11.754890770525027,10.053328960775287,0.636576829071551,10.053328960775287,10.053328960775287,0,0,1,0,1970,1,0,0,1,0,1,0,0,1,1,1,0,0,1,1,0,1
2927,1974,1.0,1,35046,35046,32546.0,100.0,1092979.75,17.65,13.904419154926728,10.464445296788119,2.9258461460898246,10.464445296788119,10.39044047749056,1,0,1,0,1970,1,0,0,1,0,1,0,0,1,1,1,0,0,1,1,0,1
2928,1961,1.0,1,25577,25577,13349.0,71.0,883072.875,14.19,13.691164139733148,10.149487885993265,2.7206373166076814,10.149487885993265,9.499271663828395,1,0,1,0,1960,1,0,0,1,0,1,1,0,0,1,0,1,0,0,1,0,1
2929,1974,1.0,1,43380,43380,42844.0,89.0,412764.8125,2.82,12.930635671163643,10.67777683621291,1.3402504226184837,10.67777683621291,10.66534423110322,0,0,1,0,1970,1,0,0,1,0,1,0,0,1,1,1,0,0,1,1,0,1
2930,1995,1.0,3,20410,20410,20410.0,8.0,2827857.0,77.84,14.855030092573854,9.923829250194043,4.367420482284519,9.923829250194043,9.923829250194043,1,0,1,0,1990,1,0,0,1,0,0,0,0,1,0,1,0,0,1,0,1,1
2938,1983,1.0,3,24696,18396,18396.0,87.0,624125.625,4.35,13.344108551444624,10.114437057749631,1.6770965609079151,9.819942886825784,9.819942886825784,0,0,1,1,1980,1,0,1,0,0,0,0,0,1,0,1,0,0,1,0,1,1
2945,2002,1.0,1,24955,24955,24955.0,47.0,773357.0,21.87,13.558497351017422,10.124869553230678,3.12982600803469,10.124869553230678,10.124869553230678,1,0,1,0,2000,1,0,1,0,0,0,0,1,1,1,1,0,1,1,1,0,0
2962,1991,1.0,3,34074,34074,34074.0,71.0,8652913.0,286.33,15.97340670078992,10.436319256564733,5.660631381000218,10.436319256564733,10.436319256564733,1,0,1,0,1990,1,1,0,0,1,0,0,0,0,1,0,0,1,0,1,1,1
2963,2006,1.0,10,392552,370327,198400.0,23.0,17311366.0,423.57,16.666873895726955,12.880426838935755,6.051076892039125,12.822144378409812,12.198045514142787,1,0,1,1,2000,1,0,0,0,0,1,0,0,0,0,1,0,0,0,0,0,1
2981,1961,1.0,2,76475,76475,45442.0,71.0,1913404.25,67.33,14.464395066029276,11.244732245102295,4.224348908792687,11.244732245102295,10.724214072342495,1,0,1,0,1960,1,0,1,1,1,0,0,1,1,1,1,0,1,1,1,0,0
2982,1988,1.0,2,32961,32961,32961.0,86.0,1719595.125,62.94,14.357600010170694,10.403110661794125,4.157945143631696,10.403110661794125,10.403110661794125,1,0,1,0,1980,1,0,1,1,1,0,0,1,0,0,0,0,0,1,1,1,0
2985,2004,1.0,1,27376,12806,12806.0,71.0,1155795.125,26.67,13.960299950204025,10.217458523810828,3.3203487937988347,9.457747175426071,9.457747175426071,1,0,1,1,2000,1,0,1,0,0,0,0,0,0,1,0,0,0,0,1,0,0
2995,1911,1.0,3,25200,25200,25200.0,71.0,1407294.875,53.02,14.157180601835618,10.134638955251866,3.98935434836447,10.134638955251866,10.134638955251866,1,0,1,0,1910,1,1,0,0,1,0,0,0,0,1,0,0,1,0,1,1,0
2996,1996,1.0,1,44755,44755,46978.0,56.0,11943740.0,338.58,16.295717933438254,10.708980792927612,5.827709559887865,10.708980792927612,10.757455972332892,1,0,1,0,1990,1,0,1,1,1,0,1,0,0,0,0,1,0,0,0,0,0
2997,1907,1.0,2,22320,22320,22320.0,71.0,230988.9063,4.8,12.35012929287825,10.013283218359012,1.7578579175523736,10.013283218359012,10.013283218359012,1,0,1,0,1900,1,0,0,0,1,1,0,0,0,1,0,0,1,0,1,0,1
2998,1912,1.0,3,24000,24000,12000.0,71.0,952583.5,9.09,13.766934095958907,10.085850775128717,2.3115448343655176,10.085850775128717,9.392745258631441,1,0,1,0,1910,1,0,0,0,1,1,0,0,0,1,1,0,0,1,0,1,1
2999,1920,1.0,3,23422,23422,23422.0,65.0,2902229.0,128.07,14.880989964971437,10.06147372459291,4.860354892847096,10.06147372459291,10.06147372459291,1,0,1,0,1920,1,0,0,0,1,1,0,0,1,0,1,0,0,1,0,1,1
3000,1975,5.0,2,38879,27551,38879.0,71.0,3564727.5,28.79,15.086598451847687,10.568235258574376,3.394172766725191,10.223830407227457,10.568235258574376,1,0,1,1,1970,1,0,0,0,1,1,0,0,0,1,0,1,0,0,0,0,1
3003,1998,1.0,5,53034,38409,22486.0,93.0,3518099.75,83.65,15.073431842300495,10.878707351939571,4.438525108579144,10.556073121339951,10.020692643436833,1,0,1,1,1990,1,0,0,0,1,1,0,0,0,1,1,0,1,1,0,1,1
3009,1920,1.0,2,23040,23040,23040.0,99.0,79967.89844,0.87,11.289393068565564,10.045030516645731,0.6259384308664953,10.045030516645731,10.045030516645731,1,0,1,0,1920,1,0,0,0,1,1,0,0,1,1,1,0,0,1,1,0,1
3012,1958,1.0,2,61880,61880,61880.0,66.0,604190.125,4.15,13.311645858982073,11.032968464866704,1.6389967146756448,11.032968464866704,11.032968464866704,0,0,1,0,1950,1,0,0,0,1,1,0,0,1,1,1,0,0,1,1,0,1
3014,1925,1.0,2,27938,27938,13917.0,97.0,1002986.375,7.31,13.818493479626568,10.237778841189767,2.1174596088673567,10.237778841189767,9.540938245404796,1,0,1,0,1920,1,0,0,0,1,1,0,0,1,0,1,0,0,1,0,1,1
3019,1924,1.0,2,21600,21600,32580.0,71.0,1623657.0,11.32,14.300192186393328,9.980494888896912,2.511223958105374,9.980494888896912,10.391484575362098,0,0,1,0,1920,1,0,0,0,1,0,0,0,0,1,0,1,0,0,0,1,0
3020,1929,1.0,3,27908,27908,21886.0,71.0,2182493.0,63.22,14.595978817551222,10.23670449643667,4.162314688661368,10.23670449643667,9.993648132244084,1,0,1,0,1920,1,0,0,0,1,0,0,0,0,1,0,0,0,1,0,0,0
3024,2000,1.0,3,54969,54969,54969.0,67.0,3770784.25,39.31,15.142793826859695,10.914542860854706,3.6965995771290743,10.914542860854706,10.914542860854706,1,0,1,0,2000,1,0,0,0,0,1,0,1,1,0,0,0,1,0,0,1,0
3025,1951,1.0,2,36825,36825,44340.0,71.0,1892122.25,51.14,14.453210169178398,10.513959396427165,3.9539324085053558,10.513959396427165,10.699665035915537,1,0,1,0,1950,1,0,1,0,0,1,0,1,0,0,0,0,0,1,1,1,0
3028,1958,1.0,3,25834,25834,31822.0,73.0,2223401.5,54.02,14.614549238185086,10.159485440721285,4.007696755496428,10.159485440721285,10.367944577774505,1,0,1,0,1950,1,0,0,0,1,1,0,0,1,0,1,0,0,1,0,1,1
3032,1929,1.0,1,37700,37700,52225.0,38.0,4195549.5,150.23,15.249535116925815,10.537441898283253,5.018801856762649,10.537441898283253,10.863335734159111,1,0,1,0,1920,1,0,0,0,1,1,0,1,1,1,1,0,1,1,1,0,0
3041,2004,1.0,6,97229,97229,45300.0,100.0,1056507.75,7.12,13.87048039806737,11.484834584803703,2.0943301541735866,11.484834584803703,10.721084386282662,0,0,1,0,2000,1,1,0,0,1,0,0,0,0,1,1,0,1,1,0,1,1
3045,1982,1.0,3,25111,25111,14256.0,77.0,1060040.75,24.97,13.873818852105064,10.131101098521789,3.256942025674657,10.131101098521789,9.56500329315396,1,0,1,0,1980,1,0,1,0,0,0,0,0,1,0,1,0,0,1,0,1,1
3057,1953,1.0,2,31805,31805,31805.0,10.0,1888861.125,68.39,14.45148515546624,10.367410230215862,4.239742764911457,10.367410230215862,10.367410230215862,1,0,1,0,1950,1,0,0,1,1,0,0,1,1,1,1,0,1,1,1,0,0
3058,1953,1.0,1,20811,20811,20811.0,95.0,1441620.0,43.97,14.181278732877724,9.943285022410194,3.805995600782616,9.943285022410194,9.943285022410194,1,0,1,0,1950,1,0,0,1,1,0,0,1,0,0,0,0,0,1,1,1,0
3060,1967,1.0,2,22058,22058,12644.0,1.0,2235498.0,66.43,14.619975027328852,10.001475960864331,4.2110900227464905,10.001475960864331,9.445017159104065,1,0,1,0,1960,1,0,0,1,0,1,0,0,1,1,1,0,0,1,1,0,1
3063,1970,1.0,1,22890,22890,43452.0,71.0,9844836.0,119.76,16.10245771329057,10.038499099192006,4.793805104838638,10.038499099192006,10.679435173189221,1,0,1,0,1970,1,0,0,1,0,1,1,0,0,1,0,1,0,0,1,0,1
3064,1907,1.0,5,36000,36000,36000.0,71.0,1270850.625,43.04,14.055197804568733,10.491301994830229,3.785098311854479,10.491301994830229,10.491301994830229,1,0,1,0,1900,1,0,0,1,0,1,0,0,0,1,0,0,0,1,0,0,0
3065,1971,1.0,1,28320,28320,28320.0,1.0,4403066.5,67.96,15.297812015076888,10.25135885791871,4.233526626355437,10.25135885791871,10.25135885791871,1,0,1,0,1970,1,0,0,1,0,1,0,1,1,1,0,0,1,1,0,0,1
3072,1955,1.0,1,29079,29079,29079.0,78.0,930746.875,22.18,13.743743708627335,10.277805931647455,3.1432898379116057,10.277805931647455,10.277805931647455,1,0,1,0,1950,1,0,0,0,1,0,0,1,1,1,1,0,1,1,1,0,0
3073,1982,1.0,3,28848,19232,19232.0,82.0,769771.8125,5.07,13.553850701593136,10.269830609290443,1.803358605071407,9.864382832655368,9.864382832655368,0,0,1,1,1980,1,0,0,0,1,1,0,0,1,0,1,0,0,1,0,1,1
3076,1988,1.0,2,20535,20535,13600.0,7.0,1964622.625,38.71,14.490811245499273,9.929934722550977,3.6816030451431603,9.929934722550977,9.517898598432753,1,0,1,0,1980,1,1,0,0,0,0,0,0,1,0,1,0,0,1,0,1,1
3077,1985,1.0,2,43025,43025,29527.0,71.0,10148279.0,255.97,16.13281479096434,10.66955986311063,5.5489593465640565,10.66955986311063,10.293094244709835,1,0,1,0,1980,1,0,0,1,1,0,1,0,0,0,1,0,1,1,1,1,1
3079,1965,1.0,1,30800,30800,30800.0,65.0,485971.0,3.39,13.093906288054205,10.335302435967074,1.4793292270870801,10.335302435967074,10.335302435967074,0,0,1,0,1960,1,0,0,1,0,1,0,0,1,1,1,0,0,1,1,0,1
3087,1900,1.0,3,22168,22168,11084.0,71.0,1904848.25,49.44,14.459913429553422,10.006450195593953,3.9207845110967185,10.006450195593953,9.313348122050412,1,0,1,0,1900,1,0,0,0,1,1,0,0,0,1,1,0,1,1,0,1,1
3088,1922,1.0,1,37400,37400,27271.0,73.0,909543.1875,7.8,13.720698860147158,10.529452721013085,2.174751721484161,10.529452721013085,10.21361581381774,1,0,1,0,1920,1,0,0,1,0,1,0,0,1,1,1,0,0,1,1,0,1
3094,2000,1.0,11,268130,268130,268130.0,88.0,15033874.0,106.86,16.525816546197824,12.499230946036421,4.680834089909081,12.499230946036421,12.499230946036421,1,0,1,0,2000,1,0,0,0,0,1,0,1,0,0,1,0,0,1,0,1,1
3095,2000,1.0,11,68452,68452,61665.0,79.0,3979629.5,26.37,15.196699533754815,11.133902657367589,3.309447523052588,11.133902657367589,11.029488004523104,0,0,1,0,2000,1,0,0,0,0,1,0,0,1,0,1,0,0,1,0,1,1
3096,2000,1.0,11,273185,273185,281566.0,88.0,14709151.0,102.54,16.50398044305732,12.51790816085621,4.639958011473755,12.51790816085621,12.548125708899033,0,0,1,0,2000,1,0,0,0,0,1,0,1,0,0,1,0,0,1,0,1,1
3097,1924,1.0,3,97500,97500,97500.0,97.0,4314753.5,156.45,15.277550986327228,11.487617913343598,5.059107947547034,11.487617913343598,11.487617913343598,1,0,1,0,1920,1,0,0,0,1,0,0,1,0,0,0,0,0,1,1,1,0
3098,1982,1.0,5,54015,54015,54015.0,75.0,3020001.5,21.05,14.920768217165278,10.897035577955629,3.093312601892855,10.897035577955629,10.897035577955629,0,0,1,0,1980,1,0,0,1,1,0,0,0,1,0,1,0,0,1,0,1,1
3105,1985,1.0,13,42000,42000,26554.0,71.0,7762660.5,273.91,15.864835810160427,10.645448706505872,5.616443771373892,10.645448706505872,10.1869733328565,1,1,1,0,1980,1,0,0,0,0,1,1,0,1,0,0,1,0,1,1,1,1
3108,1982,1.0,24,119701,119701,102878.0,67.0,8382140.5,58.44,15.941613988737215,11.692760599844242,4.084967400409504,11.692760599844242,11.541308819361998,0,0,1,0,1980,1,0,0,0,0,1,0,1,0,0,1,0,0,1,0,1,1
3109,1965,1.0,1,24697,24697,15300.0,71.0,1395016.125,29.18,14.148417249147917,10.114477547677767,3.407179453339703,10.114477547677767,9.635673464721814,1,0,1,0,1960,1,0,1,1,0,0,0,0,0,1,0,0,0,0,1,0,0
3110,2013,2.0,1,57468,57468,67750.0,71.0,3778965.75,89.8,15.144961183668944,10.95900095096759,4.508659285607248,10.95900095096759,11.12359449878062,1,0,1,0,2010,1,0,1,0,0,1,0,0,1,0,0,0,0,1,0,0,1
3111,2006,1.0,5,84000,84000,84300.0,71.0,12581302.0,441.94,16.34772238097935,11.338583982516495,6.093434320691699,11.338583982516495,11.342149006315793,1,0,1,0,2000,1,0,0,0,1,1,0,0,1,0,0,0,0,1,0,0,1
3114,1991,1.0,3,103000,103000,103000.0,89.0,5390147.5,81.18,15.500083493526066,11.542493975902508,4.408911963455264,11.542493975902508,11.542493975902508,1,0,1,0,1990,1,0,0,0,0,1,0,1,1,0,0,0,1,0,0,1,0
3115,2008,1.0,1,37864,37864,37864.0,61.0,8257472.5,176.75,15.926629227038179,10.541782481547923,5.18037806868335,10.541782481547923,10.541782481547923,1,0,1,0,2000,1,0,1,0,1,0,1,0,0,0,0,1,0,0,0,0,0
3116,1950,1.0,2,66497,66497,66497.0,84.0,9290214.0,72.02,16.044472253686916,11.104927151003707,4.29073337622749,11.104927151003707,11.104927151003707,1,0,1,0,1950,1,0,0,0,1,1,1,0,0,0,0,1,0,0,0,0,0
3117,2006,1.0,4,34010,34010,38428.0,71.0,3611326.75,24.82,15.099586060471973,10.434439280685709,3.2511493854184965,10.434439280685709,10.556567661882832,0,0,1,0,2000,1,0,0,1,1,0,0,1,1,0,0,0,1,0,0,1,0
3118,2006,1.0,4,45980,45980,45980.0,79.0,8573323.0,193.36,15.964166080018023,10.735983546667017,5.269712109537703,10.735983546667017,10.735983546667017,1,0,1,0,2000,1,0,0,1,1,0,1,0,0,0,0,1,0,0,0,0,0
3121,1996,1.0,3,45743,45743,45243.0,88.0,5227773.5,83.45,15.469496219666686,10.730815914562093,4.436159643253809,10.730815914562093,10.719825343651271,1,0,1,0,1990,1,0,0,0,1,1,0,1,1,0,0,0,1,0,0,1,0
3123,1991,1.0,1,45000,45000,45000.0,71.0,3769240.5,137.66,15.142384345548088,10.714439990727769,4.9320248935143445,10.714439990727769,10.714439990727769,1,0,1,0,1990,1,0,1,0,0,1,0,0,0,1,0,0,0,0,1,0,1
3124,1999,1.0,6,333698,333698,432903.0,71.0,14658050.0,295.42,16.500500298790573,12.717994668031348,5.691777367528769,12.717994668031348,12.978271273396624,1,0,1,0,1990,1,0,0,1,0,1,0,0,0,1,0,0,1,1,0,1,0
3125,1904,1.0,4,72859,72859,72859.0,55.0,1577083.25,12.43,14.27108828874136,11.196295070562554,2.5974910105351463,11.196295070562554,11.196295070562554,1,0,1,0,1900,1,0,0,1,0,1,0,0,1,1,1,0,0,1,1,0,1
3129,2004,1.0,3,21947,21947,14877.0,71.0,1658135.375,37.83,14.321204864008921,9.996431298178866,3.659193143743576,9.996431298178866,9.607638890751288,1,0,1,0,2000,1,0,0,1,0,1,0,0,0,1,1,0,0,1,0,0,0
3130,1940,1.0,1,384772,384772,349953.0,69.0,16139557.0,391.7,16.59678383505315,12.860408828991751,5.9730459615839635,12.860408828991751,12.765556996256676,1,0,1,0,1940,1,0,0,0,1,0,0,0,1,1,1,0,0,1,1,0,1
3131,1960,1.0,3,30287,30287,28050.0,32.0,2279632.5,32.72,14.639525242395628,10.318506873449104,3.518091133133655,10.318506873449104,10.24177956093926,1,0,1,0,1960,1,0,0,0,1,0,0,1,0,1,1,0,1,0,0,0,1
3132,1960,1.0,3,21931,21931,31845.0,32.0,4292216.0,145.11,15.272313940634524,9.995702036523939,4.984359762683993,9.995702036523939,10.368667064416371,1,0,1,0,1960,1,0,0,0,1,0,0,0,1,0,1,0,0,1,0,1,1
3133,1985,1.0,6,73102,73102,92723.0,84.0,4483478.0,30.03,15.31590986552252,11.199624684567448,3.434954478460289,11.199624684567448,11.437382617721584,0,0,1,0,1980,1,0,0,0,0,1,0,0,1,0,1,0,0,1,0,1,1
3134,1916,1.0,2,140823,81422,89820.0,71.0,2778832.75,28.85,14.83754188325755,11.855266162725808,3.396184839838611,11.307413067361962,11.40557407995762,1,0,1,1,1910,1,0,0,0,1,1,0,0,0,1,1,0,1,1,0,1,0
3136,1966,5.0,1,87458,87458,41097.0,71.0,9271981.0,270.63,16.042507722671107,11.378925391103238,5.604440846138421,11.378925391103238,10.623714737499816,1,0,1,0,1960,1,0,0,1,0,1,0,0,0,1,1,0,0,1,0,1,1
3141,2011,1.0,1,51400,51400,51841.0,74.0,12081430.0,303.69,16.30718020371998,10.847412906506923,5.71929486628671,10.847412906506923,10.855955910528872,1,0,1,0,2010,1,0,1,1,0,0,1,0,0,0,0,1,0,0,0,0,0
3144,1993,1.0,1,26263,26263,26263.0,64.0,1671740.25,11.4,14.329376305866338,10.175954459181428,2.517696472610991,10.175954459181428,10.175954459181428,0,0,1,0,1990,1,0,0,1,0,0,0,0,1,0,1,0,0,1,0,1,1
3155,1968,1.0,1,21400,21400,11737.0,71.0,5427452.5,158.6,15.50698061321746,9.97119292889014,5.072670685015709,9.97119292889014,9.37058672111828,1,0,1,0,1960,1,0,1,0,0,1,0,0,0,1,0,1,0,0,1,1,1
3156,2000,1.0,8,178000,178000,181930.0,71.0,55068016.0,2549.47,17.824079651874154,12.08954444723597,7.844032934894274,12.08954444723597,12.111382773295322,0,1,1,0,2000,1,0,0,0,1,1,1,0,0,0,1,0,1,1,1,1,1
3158,2005,1.0,4,162157,162157,88698.0,71.0,41225944.0,537.03,17.534578349130836,11.996326447552043,6.287914320688921,11.996326447552043,11.39300389427696,1,0,1,0,2000,1,0,0,1,0,1,0,1,0,0,1,0,0,1,0,1,1
3160,2003,1.0,4,33997,33997,33997.0,23.0,9086338.0,94.63,16.02228263475296,10.434056978338715,4.560486578361451,10.434056978338715,10.434056978338715,1,0,1,0,2000,1,0,0,1,1,0,1,0,0,0,0,1,0,0,0,0,0
3162,2012,1.0,11,526423,526423,400536.0,97.0,17463744.0,163.19,16.675637575639442,13.173862250659095,5.1010242938239365,13.173862250659095,12.900561425742715,1,0,1,0,2010,1,0,0,1,0,0,0,1,0,0,1,0,0,1,0,1,1
3163,1902,1.0,6,74211,74211,33279.0,97.0,1438856.625,9.46,14.179360040738322,11.214681141146768,2.347558458636777,11.214681141146768,10.412711894935144,0,0,1,0,1900,1,0,0,0,0,1,0,0,0,1,1,0,0,1,0,1,1
3165,1988,1.0,2,45700,45700,293707.0,99.0,1547490.125,15.5,14.2521455484679,10.729875458480967,2.803360380906535,10.729875458480967,12.590341355494669,1,0,1,0,1980,1,0,1,0,1,1,0,0,1,1,1,0,0,1,1,0,1
3168,1929,8.0,2,502030,502030,564258.0,71.0,20672948.0,549.11,16.84433659201849,13.126417149755277,6.310118258229183,13.126417149755277,13.243268644929183,1,0,1,0,1920,1,0,0,0,1,0,0,0,0,1,0,1,0,0,1,1,1
3171,2012,1.0,2,53575,53575,53575.0,71.0,31803568.0,619.9,17.27508907415719,10.888856485589885,6.431170038370847,10.888856485589885,10.888856485589885,1,0,1,0,2010,1,0,1,0,0,0,0,0,0,1,0,1,0,0,0,0,1
3173,2012,1.0,6,157345,157345,157345.0,63.0,11666007.0,92.07,16.272189872048955,11.966202481133525,4.533351898197619,11.966202481133525,11.966202481133525,1,0,1,0,2010,1,0,0,1,0,1,0,1,0,0,1,0,0,1,0,1,1
3178,2012,2.0,2,137138,137138,138602.0,71.0,5574345.0,38.17,15.53368555901213,11.82875028899319,3.66791114767774,11.82875028899319,11.839369010525335,0,0,1,0,2010,1,0,0,1,0,1,0,0,0,1,0,1,1,0,0,1,0
3182,2012,1.0,7,267470,267470,160482.0,71.0,42715544.0,1597.56,17.570073463470425,12.496766428226325,7.3768585029847085,12.496766428226325,11.98594329693928,0,1,1,0,2010,1,0,0,0,1,1,0,0,0,1,0,0,0,1,0,0,0
3187,2013,1.0,8,330000,330000,241500.0,58.0,57764408.0,1789.69,17.871883382738115,12.706850963741102,7.490356299418789,12.706850963741102,12.394628892852941,1,0,1,0,2010,1,0,0,0,1,0,0,1,1,0,1,0,1,0,0,1,1
3192,1918,1.0,3,43832,43832,24588.0,67.0,4085534.75,144.41,15.222963428227555,10.688142237340195,4.979557338525394,10.688142237340195,10.110054467445536,1,0,1,0,1910,1,0,0,1,1,0,0,1,1,0,0,0,1,0,0,1,0
3193,1987,1.0,6,146363,146363,146363.0,71.0,12145596.0,325.94,16.31247727524158,11.893851948631239,5.7897766678230616,11.893851948631239,11.893851948631239,1,0,1,0,1980,1,0,1,0,1,0,0,0,0,1,0,1,0,0,0,1,1
3198,2011,1.0,1,67263,67263,67263.0,78.0,15210667.0,352.77,16.537507581745775,11.116380454236623,5.868646984461759,11.116380454236623,11.116380454236623,1,0,1,0,2010,1,0,1,0,1,0,1,0,0,0,0,1,0,0,0,0,0
3199,1988,1.0,13,354086,204760,193393.0,88.0,14070366.0,147.84,16.459581512616776,12.777297924633068,5.002871903478422,12.229598724325955,12.172484837735182,1,0,1,1,1980,1,0,0,0,0,1,0,1,0,0,1,0,0,1,0,1,1
3201,2008,1.0,2,70292,70292,70292.0,37.0,2145036.25,57.59,14.578667476160835,11.160427499583543,4.070564033556697,11.160427499583543,11.160427499583543,1,0,1,0,2000,1,0,0,0,1,0,0,1,1,1,1,0,1,1,1,0,0
3203,1975,1.0,7,90679,55559,60000.0,100.0,41680640.0,290.57,17.545547334369825,11.415092104621465,5.675280114183489,10.92521879686828,11.002116507732017,0,0,1,1,1970,1,0,0,0,0,1,0,0,0,1,0,0,1,1,1,1,0
3205,2013,1.0,8,339591,225581,172793.0,71.0,42959812.0,1088.25,17.575775655269002,12.735500176015826,6.993244664997552,12.326439008188828,12.059855412527039,1,0,1,1,2010,1,0,0,1,0,0,1,0,0,0,1,0,1,1,1,1,1
3214,2014,1.0,2,35780,35780,38000.0,22.0,2962615.25,51.59,14.901583304161964,10.48517230524678,3.962525987601253,10.48517230524678,10.545367754151743,1,0,1,0,2010,1,0,0,0,1,1,0,1,0,0,0,0,0,1,1,1,0
3216,2013,1.0,3,105061,76844,83533.0,100.0,1420513.25,9.5,14.166529511905049,11.562305931067666,2.3513752571634776,11.249545685041412,11.333009013590118,0,0,1,1,2010,1,0,0,1,1,0,0,1,0,0,1,0,0,1,0,1,1
3218,2013,1.0,3,62662,47673,47000.0,67.0,2626698.25,20.1,14.781238577911347,11.045526440793864,3.0492730404820207,10.772141454894674,10.757924157061597,1,0,1,1,2010,1,0,0,0,0,1,0,0,1,0,1,0,0,1,0,1,1
3221,2013,1.0,4,62381,39433,60245.0,62.0,3497215.5,24.38,15.067477924337906,11.041032051206026,3.2339614622862416,10.582383667326214,11.006191459107491,0,0,1,1,2010,1,0,0,1,1,1,0,0,0,0,1,0,0,0,0,0,1
3228,2013,1.0,6,79805,79805,79805.0,25.0,7692164.0,184.81,15.855712836318775,11.287353968581352,5.224724646244663,11.287353968581352,11.287353968581352,1,0,1,0,2010,1,1,0,0,1,0,0,1,0,1,0,0,1,0,0,0,0
3230,2014,1.0,2,48925,48925,63500.0,82.0,1695022.25,22.76,14.343207015516771,10.79806423150353,3.168003494494444,10.79806423150353,11.05881093278828,1,0,1,0,2010,1,0,1,0,0,0,0,1,0,0,0,0,0,1,1,1,0
3232,1962,1.0,1,29000,29000,25100.0,71.0,2642231.75,54.98,14.787134856323458,10.275085591132715,4.0249944840873075,10.275085591132715,10.130662964963708,1,0,1,0,1960,1,0,0,1,1,0,0,0,0,1,0,0,0,1,0,0,0
3233,2013,1.0,6,305025,65773,318986.0,71.0,26532170.0,809.76,17.093868554654303,12.628152297857962,6.697972079369764,11.093979902448186,12.672905628585484,1,0,1,1,2010,1,0,0,0,1,0,0,0,0,1,0,1,0,1,0,0,0
3235,2014,1.0,7,333714,187027,191333.0,71.0,4644839.5,42.2,15.351267591642666,12.71804261428361,3.765840495250065,12.139013617248235,12.16177587094808,1,0,1,1,2010,1,0,0,1,0,1,0,1,0,0,1,0,0,1,0,1,1
3240,2014,1.0,2,56988,56988,24520.0,71.0,544172.375,16.13,13.207023179106852,10.950613545737037,2.8408313123360287,10.950613545737037,10.1072851722528,1,0,1,0,2010,1,0,0,1,0,1,0,0,0,1,0,0,0,1,0,1,0
3253,2010,1.0,2,44162,44162,44162.0,71.0,1679541.25,38.13,14.334031844014588,10.695642613426124,3.666889436222321,10.695642613426124,10.695642613426124,1,0,1,0,2010,1,0,1,1,0,1,0,0,0,1,0,1,1,0,1,1,0
3254,2013,1.0,1,53775,53775,35361.0,71.0,12442613.0,457.51,16.336637751818746,10.892582549964887,6.127982101709497,10.892582549964887,10.473393076238034,1,0,1,0,2010,1,0,1,0,1,1,0,0,0,1,0,1,0,0,1,1,1
3259,1912,1.0,2,64820,64820,37668.0,71.0,2332889.25,29.4,14.662618507462403,11.07938490391378,3.414442608412176,11.07938490391378,10.536592754010393,1,0,1,0,1910,1,0,0,0,1,1,0,0,1,0,1,0,0,1,0,1,1
3260,1993,1.0,2,99765,99765,99765.0,71.0,3372443.75,74.3,15.031148484424294,11.510582722891751,4.321480134805848,11.510582722891751,11.510582722891751,1,0,1,0,1990,1,0,0,0,1,1,0,0,1,0,0,0,0,1,0,0,1
3261,1925,1.0,3,428347,428347,472384.0,71.0,38977108.0,1280.81,17.47848508305414,12.967691228302266,7.156028420568794,12.967691228302266,13.06554961004931,1,1,1,0,1920,1,0,0,0,1,1,0,0,1,0,0,0,0,1,0,0,1
3264,1920,1.0,8,374466,374466,1010135.0,74.0,167207104.0,6330.91,18.93474375173117,12.83325896056685,8.753357207381255,12.83325896056685,13.825595533217825,0,1,1,0,1920,1,0,0,0,1,1,0,1,1,0,1,0,1,0,0,1,1
3267,1989,1.0,3,197395,41395,38800.0,71.0,2842128.0,58.28,14.860063977179083,12.192967142351694,4.082271980987832,10.630939536788064,10.566201298475118,1,0,1,1,1980,1,0,0,0,0,1,0,1,0,1,0,0,1,0,0,0,0
3268,2010,1.0,8,41198,41198,41198.0,44.0,7785876.5,82.58,15.867822073661184,10.626169263198392,4.425804257019769,10.626169263198392,10.626169263198392,1,0,1,0,2010,1,0,0,1,1,1,1,0,0,0,0,1,0,0,0,0,0
3270,2014,1.0,1,20993,20993,20983.0,71.0,961628.625,10.8,13.776384650316809,9.951991961595743,2.468099531471619,9.951991961595743,9.95151552154671,1,0,1,0,2010,1,0,0,1,0,1,0,0,0,1,0,0,1,0,1,0,1
3273,2009,1.0,2,40265,40265,40265.0,71.0,2261075.5,51.39,14.631351585274196,10.603262719386294,3.9587157334201284,10.603262719386294,10.603262719386294,1,0,1,0,2000,1,0,1,0,1,1,0,0,0,1,0,1,1,0,1,1,0
3281,2014,1.0,6,427181,427181,427181.0,99.0,16810854.0,213.7,16.637535366673138,12.964965430908965,5.369241704884735,12.964965430908965,12.964965430908965,1,0,1,0,2010,1,0,0,1,0,0,0,1,0,0,1,0,0,1,0,1,1
3290,2014,1.0,4,101580,87576,87576.0,71.0,940844.6875,9.91,13.754534417341093,11.52861178876435,2.3896797998449792,11.380273685372714,11.380273685372714,1,0,1,1,2010,1,0,1,0,1,1,0,0,1,1,0,0,0,1,1,0,0
3294,2014,1.0,3,33648,33648,83600.0,71.0,1399581.625,9.76,14.151684625137396,10.423738616949274,2.3758355547336385,10.423738616949274,11.33381076072374,0,0,1,0,2010,1,0,0,0,1,0,0,0,0,1,0,0,1,1,0,1,0
3312,2015,1.0,5,37873,37873,25927.0,71.0,2346692.5,65.01,14.66851787405983,10.542020139822851,4.189806245700679,10.542020139822851,10.163078744821384,1,0,1,0,2010,1,0,0,0,1,1,0,0,1,0,1,0,0,1,0,1,1
3317,2015,1.0,10,513816,513816,359040.0,71.0,18760766.0,214.19,16.747278385568,13.149622449914768,5.3715213588064525,13.149622449914768,12.791191867077526,1,0,1,0,2010,1,0,0,1,1,0,0,1,0,0,1,0,0,1,0,1,1
3319,2015,1.0,14,144614,144614,159500.0,89.0,5547964.5,50.32,15.528941841940423,11.88183031776659,3.938080539747436,11.88183031776659,11.979805470779858,1,0,1,0,2010,1,0,0,0,0,1,0,0,0,0,1,0,0,0,0,0,1
3320,2014,1.0,12,480702,317442,341897.0,99.0,12926544.0,147.14,16.3747935069983,13.083004894761267,4.998157772585143,12.668053553638828,12.74226772594664,1,0,1,1,2010,1,0,0,1,0,0,0,1,0,0,1,0,0,1,0,1,1
3321,2014,1.0,2,25532,25532,11745.0,71.0,670291.0,4.38,13.415468717320328,10.14772701214507,1.682688374173693,10.14772701214507,9.371268036082466,0,0,1,0,2010,1,0,0,1,1,0,0,0,0,1,1,0,0,1,0,1,1
3322,2015,1.0,2,108036,108036,202171.0,71.0,5298717.5,91.98,15.482975556833011,11.590229040027507,4.532384416262439,11.590229040027507,12.216874099224029,1,0,1,0,2010,1,0,0,1,0,1,0,0,0,1,0,0,1,1,0,1,0
3324,2015,1.0,12,483397,317189,342173.0,98.0,14409447.0,202.12,16.483394660510548,13.088595609882598,5.313796937396423,12.667256242394682,12.74307465859401,1,0,1,1,2010,1,0,0,1,0,0,0,1,0,0,1,0,0,1,0,1,1
3329,2014,1.0,13,536697,339038,342838.0,98.0,14037166.0,245.16,16.45721915557471,13.19319083168136,5.505981731013787,12.733870423993293,12.745016228196057,1,0,1,1,2010,1,0,0,1,0,0,0,1,0,0,1,0,0,1,0,1,1
3337,2014,1.0,4,126823,85284,88157.0,72.0,6042399.5,131.02,15.614311924729948,11.750555577523064,4.882953426260625,11.353753868074973,11.386885938104001,1,0,1,1,2010,1,0,0,1,0,0,0,0,0,0,1,0,0,0,0,0,1
3338,1955,1.0,1,52085,47863,52085.0,37.0,4182621.75,157.7,15.24644905988825,10.860651477619863,5.0670156275323635,10.776118935069867,10.860651477619863,1,0,1,1,1950,1,0,0,1,0,1,0,0,1,1,1,0,0,1,1,0,1
3339,1929,1.0,2,24990,24990,24990.0,9.0,4731813.5,134.8,15.369819302128596,10.126271039034782,4.911183215124596,10.126271039034782,10.126271039034782,1,0,1,0,1920,1,0,0,1,0,1,0,0,1,0,1,0,0,1,0,1,1
3340,2013,1.0,1,72000,72000,72000.0,71.0,3198858.0,67.65,14.978304741686433,11.184435286790631,4.229021132213981,11.184435286790631,11.184435286790631,1,0,1,0,2010,1,0,0,0,1,0,0,0,0,1,0,1,0,0,1,1,1
3347,2015,1.0,3,45000,45000,45728.0,77.0,1397742.375,9.24,14.15036961911733,10.714439990727769,2.3263016196113617,10.714439990727769,10.730487948929952,0,0,1,0,2010,1,0,0,1,0,1,0,1,0,0,0,0,0,1,1,1,0
3356,2015,1.0,6,345290,260262,151523.0,71.0,41078600.0,1000.06,17.53099788694327,12.752142818746485,6.908814717578827,12.469447937198918,11.92849930722668,1,0,1,1,2010,1,0,0,1,0,0,0,0,0,1,1,0,1,1,1,1,1
3359,1962,1.0,1,68072,68072,68916.0,71.0,3180819.25,22.17,14.972649661747065,11.12833593774938,3.142858338444285,11.12833593774938,11.140658160965502,0,0,1,0,1960,1,0,0,0,1,0,0,0,1,0,0,0,0,1,0,0,1
3360,2005,1.0,1,20616,20616,9900.0,71.0,636965.5,4.44,13.364472342904508,9.933871257170567,1.6937790608678513,9.933871257170567,9.200391041122515,0,0,1,0,2000,1,0,1,1,0,0,0,0,0,1,1,1,0,0,1,1,1
3361,2013,1.0,1,11685,11685,11685.0,71.0,969142.0,29.18,13.784167454804212,9.366146823114383,3.407179453339703,9.366146823114383,9.366146823114383,1,0,1,0,2010,1,0,1,0,0,1,0,0,0,1,0,1,1,0,1,1,1
3362,2010,1.0,1,11968,11968,11968.0,71.0,858773.0,23.0,13.663261069726422,9.39007525287337,3.1780538303479458,9.39007525287337,9.39007525287337,1,0,1,0,2010,1,0,0,1,1,1,0,0,0,1,0,1,1,0,1,1,1
3363,1949,1.0,1,11285,11285,11285.0,71.0,705983.6875,14.37,13.467348827146683,9.331318298529085,2.7324175575505043,9.331318298529085,9.331318298529085,1,0,1,0,1940,1,0,1,1,0,0,0,0,0,1,0,1,1,0,1,1,1
3364,1911,1.0,1,16795,16795,8680.0,71.0,990545.5,24.73,13.806012090005689,9.728896041804084,3.2476576262936527,9.728896041804084,9.068892008391808,1,0,1,0,1910,1,0,0,1,1,1,0,0,0,1,0,1,0,0,1,1,1
3365,1972,1.0,1,12769,12769,10912.0,71.0,5370263.5,216.18,15.496387720393097,9.454853949026585,5.380726502788755,9.454853949026585,9.29771001811309,1,0,1,0,1970,1,0,0,1,1,1,0,0,0,1,0,1,0,0,1,1,1
3367,1912,1.0,1,23445,23445,23445.0,71.0,6716330.0,259.22,15.72005258125395,10.062455183631773,5.56152742707533,10.062455183631773,10.062455183631773,1,0,1,0,1910,1,0,0,0,1,1,0,0,0,1,0,1,0,0,1,1,1
3368,1994,1.0,1,20050,20050,8108.0,71.0,1993136.625,60.81,14.505220651000466,9.906034306802704,4.124065163671182,9.906034306802704,9.000729834944558,1,0,1,0,1990,1,0,1,0,0,1,0,0,0,1,1,1,0,0,1,1,1
3370,1982,1.0,1,18261,18261,18261.0,71.0,1025432.125,20.33,13.840625642276509,9.812577677176286,3.0601145324832593,9.812577677176286,9.812577677176286,1,0,1,0,1980,1,1,0,0,1,1,0,0,0,1,0,1,0,0,1,1,1
3372,2004,1.0,1,16000,16000,16000.0,71.0,1053705.75,32.17,13.867824743565013,9.680406499268875,3.501645852958961,9.680406499268875,9.680406499268875,1,0,1,0,2000,1,0,0,0,0,1,0,0,0,1,0,1,0,0,1,1,1
3373,1974,1.0,1,13157,13157,7583.0,71.0,6053764.5,223.54,15.616191033092747,9.484785217645943,5.414053865030634,9.484785217645943,8.933796043934858,1,0,1,0,1970,1,0,0,1,1,0,0,0,0,1,0,1,0,0,1,1,1
3374,1989,1.0,1,14101,14101,6601.0,71.0,782841.3125,22.11,13.570686565802585,9.554071910278985,3.1402654242862895,9.554071910278985,8.795127912413138,1,0,1,0,1980,1,0,0,1,0,1,0,0,0,1,1,1,0,0,1,1,1
3375,1938,1.0,1,18258,18258,8271.0,71.0,1293722.375,41.27,14.073034956073906,9.812413388136733,3.7440776145786985,9.812413388136733,9.02063159674821,1,0,1,0,1930,1,0,0,1,0,1,0,0,0,1,1,1,0,0,1,1,1
